MonthlyCharges,DataUsageGB,CallMinutes,CustomerTenureMonths,NumComplaints,ChurnProbability,customer type
41.93456349,13.02802041,74.32750049,40.82472317,7.73620409,4.39913411,Business
61.30117369,22.0730621,112.8718242,56.0468591,9.1332735,3.88280297,Business
117.66354782,42.0972081,244.94335548,27.14652945,8.5205019,7.29828969,VIP
28.88990216,5.66196655,66.0715531,25.13295397,9.76191765,3.08326893,Individual
67.92898597,27.84276192,154.30075974,59.66251189,4.37402574,2.37040677,Individual
118.75504942,50.52012099,245.47400963,21.06291723,8.45492032,6.95655124,VIP
39.8141089,14.12918489,64.31190065,6.53046676,12.0,6.15913541,VIP
111.17151818,42.99668009,228.60468101,57.41340364,5.12630534,6.61478391,VIP
75.82501149,30.44653633,162.26210321,48.88936951,9.40281146,5.57900325,VIP
98.32294685,39.23171525,189.0506572,30.39275175,9.01719148,7.50434714,VIP
50.24765896,23.05829078,86.38701838,28.02806463,7.62636306,3.63495472,Business
59.73009935,30.74994516,128.77168131,29.38805264,8.33621905,6.23520833,VIP
49.59673147,17.12540633,111.24785128,3.25554655,9.40951841,6.39029054,VIP
109.4088461,48.72555706,209.4698285,6.72634335,10.86233104,8.28452735,VIP
24.81751027,7.56138921,39.55744785,61.16857572,3.20125075,0.89260669,Individual
64.50676428,27.94892908,111.2721311,69.2697511,6.03506789,3.15719602,Individual
76.18938892,30.4513705,175.06906218,56.13652909,5.16276998,2.48597694,Individual
56.37146303,25.39359207,99.59818972,2.95480757,12.0,6.01597484,VIP
89.44930799,32.28827912,158.35542937,33.47070499,7.30013275,5.76526712,VIP
112.3368082,44.12038055,232.67613117,70.14947279,4.15778316,5.27633689,Business
23.05930675,15.07736515,20.0,51.50173472,7.046219,1.90838597,Individual
32.14054386,13.34046018,47.63649248,6.42591529,10.75843056,5.18561543,Business
43.19063699,22.91006586,57.904441,64.57774263,8.12672504,2.82140663,Individual
84.28969498,31.50803954,198.98231058,51.68700796,7.59111689,4.61903386,Business
43.59336008,23.62365154,72.11876369,32.98762165,5.99141118,2.46542194,Individual
116.68657695,51.75006728,224.67037279,37.44553,6.20367143,5.70607584,VIP
34.91671331,13.34307619,73.48400568,38.46994973,7.94607758,2.37158623,Individual
24.68964395,6.78733205,54.11792971,3.47493538,11.1435419,6.23506414,VIP
67.04511466,34.08038064,122.93846358,16.37688272,6.54842901,6.40711518,VIP
88.25774832,36.19384177,164.71110347,12.07340948,12.0,6.65789841,VIP
107.93831592,43.87831215,204.10642012,21.29594957,9.19505005,7.9094664,VIP
88.29203722,41.79268995,185.06432042,36.20695796,8.56072413,4.79176574,Business
72.02866234,37.15156219,147.16724115,28.94317087,7.47381008,4.12509919,Business
66.70055585,30.52234363,118.70540179,39.07116534,5.55688988,5.05076186,Business
45.74006001,19.09554223,97.66293727,58.8112771,8.66902679,4.51787103,Business
70.80282807,27.48939477,164.04267856,46.32563968,8.52118771,3.67863147,Business
77.44697926,30.47383063,143.94684096,28.17055797,6.41752594,5.91023603,VIP
69.01418857,28.24396538,147.4075421,8.76582757,9.3086282,5.92120805,VIP
40.71800002,18.95450454,104.32504256,59.54038399,5.40302634,4.09113531,Business
65.08835605,29.64154586,148.02718132,71.14568082,4.27503116,3.10729634,Individual
113.99288607,45.46557425,259.1669296,14.67263773,8.05221086,8.12645114,VIP
51.17537244,17.40433015,112.69991182,62.92278793,5.28253088,3.48865059,Individual
22.30025684,11.5217665,53.45156266,50.79660766,5.45600797,2.91041541,Individual
44.90958416,11.40703303,104.80577674,64.66852949,5.23401676,1.91796199,Individual
41.09834409,15.03289175,82.70965091,14.16680238,10.75738344,5.85129845,VIP
40.26267223,22.71884668,92.9556951,4.33557998,8.43170165,5.97291844,VIP
87.09973385,30.19678148,184.96022611,49.4680087,6.02630271,3.58401849,Business
94.2245444,37.33076987,194.17189846,31.83890625,8.86499922,5.00019655,Business
105.45523494,50.05484483,199.73223022,33.36091812,10.29473982,7.64756606,VIP
28.4348786,10.29904395,34.19712697,19.52063041,7.36817953,4.90142913,Business
36.99595405,19.85458737,68.97546247,16.03987791,9.90047917,4.70957891,Business
117.5912362,55.59585261,236.9064684,66.9577589,5.8599396,4.5795703,Business
20.23971728,8.37948036,31.46543454,23.21992977,8.19922504,2.19619884,Individual
65.76685458,26.10858134,132.67543817,43.46830293,5.82861826,4.84102677,Business
25.04259039,10.63065133,67.84105964,23.76459397,9.81017389,5.62161361,VIP
85.18207315,34.34860042,165.36581091,5.81938622,9.31986164,6.61218116,VIP
119.62993316,50.24967134,242.43914112,70.6579034,3.83817442,4.95611599,Business
66.31825379,27.48574621,111.82123391,39.53856095,4.51502169,3.89786683,Business
57.2138307,27.97671538,134.50104502,10.09674626,11.46015047,6.06975733,VIP
86.18725537,39.28162881,163.38581238,16.21336812,10.4374518,8.77743367,VIP
87.36276241,35.58647808,165.05210124,16.33345842,10.09016766,7.45103998,VIP
79.75711333,38.65335379,161.24587638,19.89902968,8.49766202,6.75596224,VIP
78.75078195,35.67471798,164.47488951,13.56073504,8.77081358,8.66709648,VIP
29.68230426,8.7693431,70.5849461,47.73061879,5.12628745,3.35185476,Individual
119.73984638,53.05105589,276.11384694,55.00526047,7.21851058,4.78969454,Business
83.72309749,38.77490286,173.83811965,43.54442674,5.62058676,4.21499135,Business
43.52393288,22.66992939,96.77663373,66.03327135,3.35743214,1.80916151,Individual
111.10170274,44.03540534,216.09635207,59.43916579,4.53731122,5.68096329,VIP
36.82074255,17.17877678,120.34477204,60.32107314,8.71544665,3.56507027,Business
54.12702215,31.23408471,111.62086804,54.75094293,5.25325316,2.61752981,Individual
73.40395006,33.60479554,163.05041051,29.05702078,9.74862137,6.03797189,VIP
56.88547838,26.02387167,113.77008899,49.51510306,7.79551777,2.48290627,Individual
70.49572385,24.63028427,122.25609555,64.68578805,5.64213089,1.73860892,Individual
66.8172937,32.70564279,120.46386401,12.61838551,11.56948463,6.13359738,VIP
46.74643054,17.18296747,96.91924197,11.40199202,9.36668527,5.13098455,Business
90.59615452,38.33595393,170.84794143,62.0864005,3.11110989,4.38969201,Business
30.7094159,13.82566813,81.24786739,71.6657507,3.02151989,0.72146821,Individual
36.62385889,12.12326161,80.84457094,57.68735797,4.07887475,2.44832918,Individual
101.94210758,42.34540954,225.36167499,20.70908452,9.0253798,7.57443025,VIP
95.14191948,33.37624657,200.52535354,48.45515045,5.73979015,5.98349324,VIP
47.92425659,20.72211418,129.98838965,31.14980339,8.32680039,4.68719095,Business
105.56857158,46.12064226,219.91765503,2.36448139,9.82760353,8.69886417,VIP
94.01815138,39.72125595,172.02417452,29.66612485,8.49743827,8.12231698,VIP
111.55274122,39.36884598,211.27839768,43.01591554,9.81706057,6.45182565,VIP
48.35383706,14.59337505,108.29227402,5.92652615,11.35002169,7.20159728,VIP
36.80065907,12.17747804,51.54802606,38.40568157,8.0321205,5.27320687,Business
43.24493842,21.57646889,88.62933433,7.16652855,10.20720299,4.70946227,Business
102.15771731,48.07766655,213.26571267,37.69607318,6.92261929,6.81184055,VIP
105.26515885,42.84658459,201.60709241,61.35307171,3.83551463,5.18843929,Business
29.34913302,18.69529842,91.74379548,33.05802058,7.34083106,3.60860043,Business
79.75302601,32.86218406,146.86194445,10.5457328,8.36003328,4.8368835,Business
116.40459604,49.69402269,258.55707413,32.62305029,9.37805256,7.81439096,VIP
91.60148312,39.722617,173.7154371,11.202235,10.39500389,8.26012338,VIP
25.84345849,10.00277806,75.10834129,45.14640597,5.42966073,0.0,Individual
80.06287754,34.65913704,155.95227999,55.93627554,4.8032746,4.10274742,Business
117.44711543,48.37350781,262.65708928,61.739172,7.92425107,5.96715612,VIP
112.52022387,52.88290968,199.17211094,19.88734282,10.8534851,8.8603635,VIP
81.25656859,32.3106293,165.60585487,33.72456628,8.40795279,5.50626425,VIP
109.05983047,49.07345022,210.11452477,60.48541661,5.97356345,5.6268108,VIP
40.25984257,17.56329457,57.00429927,47.53038233,8.76510911,5.14233744,Business
113.21277591,41.32600442,250.92526494,66.65693623,4.67913758,5.19267531,Business
50.37246342,15.88517247,89.15133136,15.62925073,8.91121949,6.39645603,VIP
113.22733671,51.6679741,213.27077295,39.80686097,8.70746092,7.10113153,VIP
63.31374326,25.60439617,119.92698926,40.26972604,7.80637604,4.52560942,Business
52.38172332,28.64114595,96.34049988,58.68328358,5.5203023,2.75225365,Individual
84.20394573,42.37167156,178.42968035,3.57892876,9.98511467,8.14741437,VIP
83.81858802,28.37519319,163.13787126,62.68352367,5.01028009,4.91726786,Business
86.29536494,42.73521339,148.93427704,20.91075948,12.0,7.66711424,VIP
79.68167217,34.74892168,158.16584225,32.25914334,7.06724803,4.59460977,Business
66.89337789,25.83547759,145.22205741,51.76056908,6.76353005,5.1287882,Business
111.82215349,45.37132367,236.02983452,20.58438476,8.57384505,9.45333347,VIP
88.96285035,40.56955255,149.90205895,2.39515606,9.8718366,8.6840076,VIP
62.52926228,19.31596025,130.63894217,30.05877575,9.16418193,6.73155223,VIP
90.52882275,35.03356076,163.04854726,45.93242161,5.02352545,5.40692731,Business
114.68211908,40.73464839,224.02695486,66.94982041,8.52775019,5.35580788,Business
25.60701472,7.44376727,35.29162079,18.99955114,10.37988968,5.37776256,Business
59.91303907,24.83836786,133.94863687,9.16381742,8.40489615,4.27701484,Business
35.48805258,20.87310799,78.01337722,68.94492709,7.11495174,2.4529344,Individual
113.45394675,42.48666887,247.55583265,58.17912715,4.61310644,5.58379114,VIP
89.59386306,37.79589827,187.72232245,68.22216222,5.48286985,3.95708441,Business
89.68906302,35.21628855,159.9941885,50.04692165,6.29291373,6.63676249,VIP
78.19802021,34.85713722,152.42714029,42.09319118,4.79532174,5.33358101,Business
26.89269046,10.37024069,24.1158879,64.57729645,5.81825026,1.9814157,Individual
114.67911939,49.36980581,218.18779191,23.53707857,5.73441615,6.27649017,VIP
108.70134263,45.32776115,221.94419514,17.97375164,9.27764765,8.67487233,VIP
105.06915304,48.41469366,197.25528312,6.09834112,10.27848404,8.06387592,VIP
44.80110289,22.65323656,79.3576819,10.06629383,12.0,5.21534613,Business
53.91304405,29.08561436,89.91019804,59.11137788,9.47301146,4.48650715,Business
66.63566995,26.12159604,129.93701797,39.5751797,9.25895588,4.85216801,Business
118.61292104,54.83381127,241.688,22.00116792,8.12635357,7.74164966,VIP
38.640581,15.84182789,70.24632292,59.54513406,7.57432488,2.98657498,Individual
68.40781052,27.60972501,141.25698067,14.71685778,9.89108867,6.03776712,VIP
97.94012903,47.13063482,158.78602341,54.0544064,6.25851605,4.90301153,Business
98.68995437,44.8261547,184.96761364,8.96706865,7.5784879,6.5595266,VIP
77.67047849,34.44567105,167.82637598,46.50110851,5.59207318,4.89833435,Business
69.20236314,31.96505727,161.94523472,25.37103677,9.52192568,6.15610054,VIP
87.72419136,37.33314197,189.52916533,71.05721695,7.46316896,3.76262068,Business
49.50062099,17.14243383,77.26040265,20.46573601,11.44014644,6.96175523,VIP
38.2084879,13.05223139,78.17138109,11.66634913,8.35853881,4.84844816,Business
48.56457772,25.17274522,106.62613019,45.1885742,5.03010651,3.75468205,Business
88.01313799,36.40374521,179.69649229,44.39830164,6.46546616,4.27107682,Business
49.62229984,18.96918544,82.5095564,33.62743897,6.47099574,5.63690311,VIP
43.19238509,18.07953391,83.44258682,5.20183072,9.99407962,5.11499055,Business
36.33338348,18.96338983,87.45149376,61.68897247,6.84698478,3.80646886,Business
103.50982884,47.62483737,190.87313269,66.65305575,5.23456141,4.25038049,Business
38.71499357,16.28888092,60.28102608,62.90223424,7.34100742,3.1599292,Individual
79.94885208,33.92353227,165.15576824,11.84389604,6.48715199,5.96239946,VIP
102.69274112,38.24669122,223.16823218,70.85774542,9.31229632,7.21741519,VIP
84.92104018,35.21333135,166.69071974,35.26942926,11.29888722,7.10537651,VIP
83.83023946,38.52906853,178.99388716,41.0421547,7.46336317,6.26115239,VIP
102.42685988,41.48633747,206.64781205,62.55667683,4.28839929,5.71226962,VIP
36.64104927,11.84300189,61.77079298,2.91021142,12.0,4.9698058,Business
118.2086867,50.7242316,223.02631064,54.22940338,7.08464747,6.17336773,VIP
31.87982962,8.01652204,41.66622702,37.41242931,8.50186019,4.71844155,Business
92.06486495,39.28448136,189.3166317,6.54406903,12.0,7.87161037,VIP
95.92656368,39.18172826,198.48372774,19.33094386,9.76842392,7.85476411,VIP
95.15180514,39.47005246,162.35629973,43.75024424,7.69556535,5.12630036,Business
72.78964916,28.03756468,148.06178875,45.03532261,7.17292629,4.4648845,Business
113.22059575,50.56370145,238.40315516,22.77438465,8.12311738,6.59626837,VIP
31.29277465,11.8043434,52.48144756,32.13841594,8.0535058,3.3014916,Individual
37.85787011,16.77209282,75.15844345,20.31878973,11.32901229,4.84046238,Business
32.40820454,16.87083023,65.86570103,53.23148642,7.73357414,4.02447401,Business
61.76727987,29.84066747,150.40380978,2.23152677,11.10844534,7.48427694,VIP
116.79693,50.27969012,247.61146045,62.90156641,6.93812458,6.57209211,VIP
92.68383823,41.57968221,224.00427758,53.48263918,6.41119452,4.35535243,Business
52.50823235,27.11931886,103.38423422,62.97716986,5.3354105,3.90052832,Business
106.01266011,38.56035279,219.72456663,24.67044576,9.01115878,7.38358084,VIP
34.55491105,17.91593748,73.8952789,20.68765024,7.63870373,4.13256248,Business
107.06269237,42.83171828,236.42975874,69.79699981,7.8919777,6.26491737,VIP
74.50452193,34.003299,168.40845221,26.33713392,7.12731035,5.6937031,VIP
54.28122848,18.00514954,114.43632833,69.88626455,3.03292659,2.8545201,Individual
88.5006823,31.56196933,188.1369636,45.09086484,6.73209841,5.55614421,VIP
117.68654255,45.54987661,246.09436009,23.68000518,8.89238062,7.45025889,VIP
35.88304982,16.22704078,79.74170582,50.50443305,5.44601954,2.60810816,Individual
49.65309353,25.18043942,79.51496069,37.92103354,8.29871819,4.00320521,Business
108.11004936,42.62008423,221.68193276,70.03423451,4.14693325,4.31836551,Business
107.25526915,45.3783991,226.83931954,69.08526377,5.83535515,5.89669512,VIP
89.14136339,45.06860873,170.18582489,49.64509178,8.63724332,6.09052579,VIP
116.96970196,45.18820274,239.3616088,50.58321788,6.83411474,5.63760547,VIP
35.08269641,16.06249983,61.17033859,3.13636664,11.09958397,7.52073427,VIP
38.42456325,22.52094986,72.55718291,52.62546119,5.95238305,2.77745774,Individual
48.05497276,19.20796113,102.62650011,67.23862608,6.32634428,4.20304202,Business
30.48499636,10.77644368,74.36837613,51.69752197,2.94723791,2.78772656,Individual
99.59761153,39.34550317,207.3488774,2.67547273,8.19499204,8.0685129,VIP
119.16771691,54.34330245,243.08257579,36.31804791,5.80047566,7.10975097,VIP
30.04468136,22.29952662,81.9255643,57.2680687,6.20870981,5.2855109,Business
20.33356108,12.06622637,27.9588741,2.7518147,11.98255301,5.85773563,VIP
44.73320185,16.36881506,73.71859874,20.38605802,9.28345028,3.97943486,Business
119.17593008,51.61317194,264.83911772,60.2702012,4.31714862,5.06572937,Business
85.22268644,31.1343529,168.22525887,45.05199454,7.16042008,5.18962046,Business
105.29507565,42.31150027,202.91822748,8.76055348,9.22229821,8.40350328,VIP
40.94246141,19.59784075,90.24813253,44.07722142,8.53424013,2.78343282,Individual
31.06626662,14.80710938,85.90532103,34.1184223,7.66464105,4.40208424,Business
22.46856887,8.23936218,44.59301476,67.07497248,5.31860729,1.37346606,Individual
115.51638949,48.43102353,217.04947054,55.03612049,6.31112858,5.49114302,Business
68.31240071,31.43950311,120.92991099,34.15645827,8.19185677,4.82097419,Business
26.61541474,11.65370265,63.22188938,24.74384021,10.38844975,3.88529456,Business
39.96206716,11.99361591,78.06405469,66.53960157,3.56453166,2.67618827,Individual
41.43729752,18.47969269,96.30623745,14.34028453,11.06318365,5.6820811,VIP
22.63029036,5.57127345,68.35944323,37.88460456,9.70077199,2.61388082,Individual
46.61506974,21.34541503,99.69765256,27.19320899,9.40086692,3.8944304,Business
102.43476326,46.98127066,176.67012915,30.90440442,10.03817631,8.75842786,VIP
22.87259286,10.09198189,62.74863233,26.23838099,10.77448818,4.57645717,Business
38.77063779,20.15148271,86.87522635,40.11966387,5.70001381,3.49981993,Individual
23.86742013,19.15630516,22.40555562,12.25152466,5.95392005,2.96338298,Individual
110.03212664,47.15141283,189.92995112,18.14555986,8.23504784,7.34416918,VIP
103.95123116,49.00927682,205.99347293,59.3288703,7.98894105,3.93568909,Business
39.09509653,17.4618155,92.57943131,4.37052676,9.67888469,4.80298474,Business
99.78910973,40.43843542,213.49078752,41.80833421,7.95353634,6.24167841,VIP
106.83749789,46.31658523,190.20914857,69.70741574,7.3001738,6.08666622,VIP
80.09132051,29.19483685,156.83607484,62.03875193,8.0742438,5.26382685,Business
79.69373472,34.91389333,177.53855483,43.49666576,10.06473165,6.29079695,VIP
73.01656599,29.70672374,142.03210105,63.03535601,6.34729478,5.04794671,Business
42.12921882,15.57586505,66.3565779,5.67274184,8.70880598,5.40435638,Business
28.85657298,11.94766064,61.77117358,35.02047688,9.9357798,4.76293415,Business
64.77841429,33.96923399,94.09874856,37.96033941,7.67261412,6.86315867,VIP
61.97688222,27.26639336,82.33140228,26.24965081,6.498835,4.77149226,Business
64.30655982,23.483092,130.79821119,14.02028938,10.66271835,4.92862516,Business
27.51300057,13.2655697,43.53894306,11.21574079,11.4918229,4.76794001,Business
48.01562878,13.75310562,124.84450409,15.51091738,11.72424336,6.21664698,VIP
40.42491628,18.91045085,86.79973665,13.78563704,10.43931796,5.86519593,VIP
108.22435063,43.9147084,235.88997377,37.97200629,7.58008001,8.18779186,VIP
94.79012766,40.65848393,199.48692242,29.17073072,8.17471133,5.79708191,VIP
87.17436858,35.37544656,178.17241302,28.09609247,9.13106948,5.3407401,Business
43.92578687,18.37267414,100.13859308,32.26822204,7.74005482,3.70005993,Business
36.53145058,12.96168209,81.04644699,1.67532223,9.02329213,4.69746635,Business
56.17717845,23.25955527,96.12019065,61.1332128,4.1750728,3.62678549,Business
93.23469577,35.27849675,209.00439745,43.89256683,5.63022929,6.28601857,VIP
76.09559221,37.46047693,144.86919281,47.34705405,8.0111419,6.25006169,VIP
75.06145177,32.2239683,160.84682913,47.34375067,5.89762321,4.25864194,Business
92.00839719,41.00605931,170.15520243,65.1741727,5.17619215,3.34331586,Individual
26.60859984,14.38844554,58.34790902,3.73667241,12.0,4.41209033,Business
38.76183054,17.96832145,79.92955091,12.32012755,9.54122711,5.35543807,Business
81.60044091,33.1248015,148.90471226,3.36929469,9.740573,6.94233989,VIP
65.9269603,27.80579353,129.3555928,8.96022703,10.24240667,6.25146877,VIP
74.08888379,30.74957699,146.43670993,70.07622583,6.27310252,5.07545854,Business
21.26916953,11.03199279,35.13037045,53.97306001,5.44771816,2.34360136,Individual
68.68272855,28.8114764,157.37799413,9.24386048,10.65091954,6.53343369,VIP
71.08901868,36.83349149,136.33126917,48.66290585,5.36697249,4.38476989,Business
87.72182341,37.69854887,169.15636349,69.52911126,3.69923719,4.6881488,Business
80.53595879,38.39549149,164.26226423,53.18927492,6.35929975,3.64794912,Business
43.71718264,19.70106249,83.64972554,30.10966356,10.83532389,4.38169446,Business
100.29230526,43.73879104,195.12478613,18.05687105,8.91582347,9.27864358,VIP
77.87821937,33.61406135,140.80249786,4.3507315,9.40458724,7.67606874,VIP
79.5863326,27.90734656,180.96021595,45.15294819,7.27604859,5.87392504,VIP
54.00523043,18.37428049,101.88514006,35.43132872,7.5160507,4.4772833,Business
53.62514419,28.33275783,115.50020734,43.33765135,7.78728633,4.40030231,Business
99.07559849,42.8249339,215.52369331,27.84937021,8.83910101,6.94009292,VIP
27.14551939,1.0,60.29621037,27.6747046,10.65884737,3.57255474,Business
116.88793692,51.50917814,235.59970346,47.68499254,6.0879838,6.4387005,VIP
48.83049733,25.72875046,99.17686288,34.08359519,9.48501109,6.55055383,VIP
39.46672525,22.26620048,53.49328344,22.12460288,8.95863777,3.82856687,Business
88.79821612,35.22981825,154.39702924,2.81491736,10.71810818,7.20207872,VIP
94.79296291,38.8137545,166.9352191,44.83855225,7.36133493,5.3735484,Business
104.5696034,43.80301383,216.46547218,55.46461573,5.6242485,4.76806619,Business
52.60157854,25.63426625,137.67099299,48.85996651,4.14878099,4.04859881,Business
63.10843576,31.89511107,126.30800879,71.16065168,5.42405615,3.28717289,Individual
101.21382064,42.65552378,197.70281363,41.03024153,5.74027819,7.2482245,VIP
59.63921707,20.03991272,112.28461496,36.08810277,10.11657374,5.75511508,VIP
101.96083485,48.160525,204.77494394,61.35106638,7.13846281,4.25094195,Business
79.82258469,31.46330259,155.66241147,60.49904943,6.51668299,3.27050549,Individual
119.9831628,46.13307906,251.08801519,2.86086831,12.0,9.84878529,VIP
36.24026052,16.99538662,58.07820824,48.96056054,7.59009746,3.06470663,Individual
107.14109926,46.55325409,193.53911083,24.60810795,10.80188638,7.51911678,VIP
53.89262889,18.47852353,113.70577775,46.95437325,8.45321968,3.6916557,Business
24.38465033,18.37384183,79.2491787,62.49665053,7.02282172,2.10533632,Individual
53.1386671,31.20411581,101.56983773,12.83087756,10.67457532,6.55121345,VIP
72.51989392,29.57865341,130.85295455,50.50617094,7.30620124,4.67609889,Business
61.18645176,26.8827114,128.41248359,8.09161072,8.00354321,4.70421645,Business
66.03959033,31.25634681,131.54396139,10.6580252,7.85553499,5.42703505,Business
97.02551358,48.07691829,177.07986328,51.06777541,8.70126772,7.01972016,VIP
83.60654718,33.96525442,163.47739618,37.74225635,4.99548987,4.99707093,Business
61.00727077,20.28833964,147.12206856,19.58830127,8.67012545,5.05685253,Business
76.69130713,30.0280575,150.39880608,49.85807588,6.25800849,5.00634807,Business
34.84962616,12.84806281,69.30726927,58.26187063,5.48735968,1.66252972,Individual
71.56789891,31.01646999,138.92964104,12.21580025,7.60731405,4.16278948,Business
41.57348919,16.01142554,82.67195401,48.48612988,6.55471189,3.6394693,Business
112.30803711,49.28684344,232.14269689,64.37337431,4.98574435,3.16264608,Individual
22.32170903,10.8082817,84.5806164,8.56192594,9.56524864,4.28017519,Business
111.37105222,43.03185411,243.65715472,10.49829113,9.5459347,7.40103225,VIP
58.61148638,21.77707755,137.52788664,57.72059702,8.44685699,3.94929602,Business
43.15705862,16.02671524,91.35194991,56.06072072,7.98526275,4.46189975,Business
79.71218652,32.36796181,151.10650376,53.8665725,7.11405896,4.01236467,Business
63.82021018,23.05849288,119.96631931,60.51791241,7.50360232,4.62609941,Business
115.85949577,46.91353542,252.14846941,31.8874776,9.93590464,8.13373404,VIP
29.59462653,9.23984581,49.12116385,53.76663152,6.78115658,2.53531527,Individual
57.44994151,26.58317481,97.6577853,70.86521801,8.73100434,4.48681707,Business
51.29903084,23.45525889,120.1905104,65.341105,9.07575098,3.13845866,Individual
82.0770573,40.68982804,175.94459002,18.83613319,10.44132225,6.85179668,VIP
21.92845501,8.79766052,35.69166017,14.0442232,11.33164683,4.69691375,Business
35.15089725,18.44462118,83.54330464,28.16351354,8.67028324,4.32580417,Business
70.49790558,29.59525793,136.30323529,31.7279805,10.45298609,6.19225694,VIP
106.42073278,46.61383586,207.52332871,43.23025605,6.93830465,6.80240554,VIP
102.01985485,44.458221,204.0936972,2.52319764,10.54194712,8.16565103,VIP
58.51602615,22.97503492,115.93628594,30.1656678,7.0227753,4.67998992,Business
112.37932148,51.46999866,221.23470403,57.81278392,6.90058657,4.53510715,Business
50.11909724,18.01430651,114.15927041,2.99236785,12.0,5.93320298,VIP
82.91610666,33.35883029,166.66318803,14.48378004,10.29647805,6.18387676,VIP
94.36259728,33.16598026,171.4371319,64.94049188,7.1756355,5.54040999,VIP
20.24669874,5.26448997,50.61904158,13.58329996,8.48816756,3.24110494,Individual
84.96443838,42.946207,164.30269567,57.35776652,5.03662493,4.47734832,Business
93.06887136,38.12914531,162.10359429,69.11079295,6.28822453,4.16966597,Business
108.10942697,51.43874571,200.68299622,64.31554104,5.67548068,6.75138076,VIP
96.30073788,35.94205805,196.80824307,23.1088607,9.86570358,7.82198531,VIP
23.58631937,10.50982488,61.27456781,13.33410452,11.96542105,4.53081555,Business
106.66221066,47.0762963,188.95863408,9.88684074,9.20192521,8.13497659,VIP
91.79962031,36.0322849,211.15821501,42.65448595,7.89728306,4.84291446,Business
94.9975995,37.56085477,180.10357962,5.20519329,11.89605355,8.49120116,VIP
90.22031829,41.62993207,177.08943164,69.86853561,3.47131158,4.14439465,Business
50.63813019,17.05001717,140.26907149,71.22172916,6.65519401,2.16956921,Individual
104.79479785,46.58151032,217.14759252,47.59572064,8.20271225,5.7246132,VIP
76.40604593,31.83089821,165.64923181,49.90958801,6.37429866,3.60554593,Business
35.03837232,16.52529902,101.41011812,15.03784549,8.70995281,3.91142657,Business
83.9124239,42.81028542,167.81458053,2.85990246,9.70526296,7.58594596,VIP
29.20908118,7.72318091,61.36331268,8.02463194,9.81662655,4.64976098,Business
36.81229553,17.16259013,50.24221065,66.7046225,9.40826337,2.62839156,Individual
82.71022871,34.83032867,144.85992526,34.72864892,7.28178285,5.52885938,VIP
37.03196218,19.25208268,83.24128242,59.4356714,6.84335217,3.24718132,Individual
52.75591574,22.86931213,90.31115717,1.36913638,11.97381189,7.61053674,VIP
82.48624792,32.68182524,171.81536814,55.52692431,6.03194588,3.64837165,Business
104.90017087,42.16980554,201.03266336,59.97047631,7.05475168,4.99392378,Business
58.41334485,27.12724076,112.63167067,54.87678691,8.26534575,5.53990809,VIP
31.53734108,16.17413644,48.83407472,48.27745389,7.03378226,5.59041198,VIP
25.37024272,12.49442431,66.86210188,61.78345797,4.48200802,1.2112428,Individual
91.45381333,40.93112303,202.94923637,29.23214119,7.32496624,4.84739203,Business
65.5384627,29.68209448,144.79411577,47.9254764,5.66388043,2.52861998,Individual
97.14874709,35.26598145,227.59634407,52.55530406,7.62426062,4.97123778,Business
84.90169262,38.57428742,151.54232179,43.80625632,6.70098112,4.06518974,Business
88.12804337,37.36365622,196.40579259,49.50496157,7.22112728,5.88971257,VIP
63.18071661,21.99935698,131.51008374,9.16081198,10.2931141,5.81529471,VIP
89.08704652,50.8307451,169.6973323,29.51434745,9.18088748,7.05824345,VIP
106.84505352,46.3176012,211.15691294,54.77009622,5.72508384,4.88311736,Business
85.4945938,32.91671821,166.32241008,54.94325178,8.25213759,4.85020246,Business
108.55986745,50.23218156,210.53080776,34.71946662,8.55122101,6.25213128,VIP
68.94198076,29.9377445,146.54439527,25.28311703,10.73918796,5.5276861,VIP
100.18480725,47.37458487,219.1845821,18.92985098,9.43763267,7.30025107,VIP
22.78760616,7.30579311,34.09953643,6.5804399,9.35747986,5.79976563,VIP
116.11781712,47.01087775,230.31723128,61.49558221,6.5585421,5.92733476,VIP
43.72154754,16.04587497,108.08816212,44.02045557,9.60513284,3.35976087,Individual
28.31727313,18.36731535,59.83005087,12.42225489,9.20970628,4.31464885,Business
20.30435382,8.36660909,20.0,9.52281054,9.4596474,3.64790178,Business
86.07618516,35.34676495,184.16003659,65.80449544,5.48404675,5.13325179,Business
90.03697024,34.02322099,179.87843555,25.96441968,8.70879297,6.35997886,VIP
114.51076147,46.3731308,234.94553588,67.59497363,4.3304104,5.87382564,VIP
78.65994952,31.94144296,158.76520216,16.33628956,10.38211963,7.17319619,VIP
56.60205685,23.65809686,101.86588978,31.04593663,7.05334001,4.58046587,Business
52.88051658,21.80853199,108.26015739,11.6643437,10.90137488,4.48855492,Business
34.83700037,14.98779403,64.31950837,10.46300199,9.75411235,4.71243442,Business
108.70306492,46.45549926,225.18164445,64.48517138,6.47751069,6.16219816,VIP
55.57826787,22.31169348,136.0364565,30.37982436,7.23058522,5.22207181,Business
25.41307324,10.38539837,25.31772511,70.14226738,6.46639312,2.59372447,Individual
37.00609231,16.42491423,59.28802011,42.91973739,8.73960868,2.70601339,Individual
64.01197744,19.96124853,131.45164496,55.76464927,6.5883347,5.07352366,Business
60.82808967,29.10211735,148.00375893,57.34886626,6.85745238,3.42640511,Individual
73.40423738,28.61770381,155.38006434,64.3811207,3.65673246,2.91940427,Individual
76.10177462,34.52413156,152.00327445,39.25566857,7.58264022,5.90279381,VIP
67.15243813,31.46402976,158.36109215,11.37617472,9.03611175,4.08401334,Business
92.27452846,34.81734148,164.89092494,52.33867113,6.86542298,5.05174809,Business
65.743584,23.97516425,123.32404154,65.29290161,8.48880828,3.41111259,Individual
102.72171096,41.68181903,205.63122244,62.71336864,5.51756759,5.07833708,Business
48.86191964,18.40079535,116.57698222,57.31728606,5.88052679,2.67626985,Individual
65.23007851,28.70024147,123.79129782,18.83711918,9.21893138,5.93380613,VIP
21.61461362,8.01076344,44.9333418,61.11714137,7.52574147,2.78953841,Individual
60.56604695,26.47382795,128.45183126,58.18767504,6.91375598,3.64062027,Business
65.26065008,33.47578546,125.67712087,12.18213295,11.34579388,8.20544976,VIP
58.82391304,22.64019129,109.67540187,36.68759766,8.31492269,3.40327573,Individual
35.03119202,15.14087656,63.12853573,30.03412706,9.33528623,4.8645859,Business
61.8393183,24.49833457,119.00120859,5.38029905,10.95893394,5.77649464,VIP
55.3089787,24.68817264,105.66924267,25.90109028,8.14246,6.41770404,VIP
109.30777895,51.53685801,213.97773766,63.07769826,2.19976044,5.08702911,Business
102.24684891,41.1721611,175.7044332,10.34928205,8.51099913,6.70606514,VIP
78.97912502,33.63562067,138.90944756,39.38943063,10.04594654,5.48023997,Business
40.62136915,25.30543975,73.55500554,32.83093901,7.2919134,3.43925383,Individual
78.87931442,43.26110367,159.476071,7.24915905,7.70683638,5.41536384,Business
25.0066973,8.2866214,49.46536019,5.61558508,10.08088511,5.25643587,Business
111.18379215,35.7147965,226.86069105,2.12156613,11.23215447,9.4923739,VIP
45.37924288,22.38036761,108.05710888,14.7942262,10.23418984,4.85678841,Business
102.41313043,41.40424801,212.93438934,69.35999321,3.18149034,5.07216565,Business
67.18984082,28.55744048,138.1019838,11.9865776,11.11921073,6.19296925,VIP
44.52062377,12.04000378,105.29460937,30.41202329,9.925346,5.42269425,Business
62.29101714,24.62416876,102.97061674,33.93525649,6.74282464,5.37532823,Business
119.8147855,52.45163327,228.63605618,49.52002178,7.25712708,6.80413088,VIP
99.66115575,41.2036426,189.94050553,67.22143101,3.03998762,5.02901696,Business
103.6439644,44.50999932,219.38590335,38.07343156,5.81509818,6.03233529,VIP
70.88005491,26.63831693,151.55298938,61.61630499,9.01003237,4.75417918,Business
43.62820838,25.18687811,79.97766701,15.3867922,7.3976967,5.09977897,Business
51.94623508,23.30913979,122.46734878,41.48472597,5.54378933,2.79708021,Individual
99.33011901,47.4385786,209.69663974,15.3650873,11.24948331,7.79087902,VIP
115.65489764,44.42437292,207.64218294,10.20911064,10.49069147,8.664814,VIP
89.98234017,36.86406009,187.17683834,10.61442832,11.51752857,7.68467052,VIP
104.7450468,47.65806652,207.41610108,17.3973957,10.49056945,6.14569488,VIP
76.35171288,32.02391046,143.20428417,18.09294837,10.27238896,7.39588509,VIP
36.88997682,13.02282776,105.15901245,42.57536481,8.23852256,4.42875773,Business
74.72641071,25.26350234,144.47492936,48.69958857,9.12735936,3.47805715,Individual
79.79322407,39.03640161,156.890867,36.37901195,9.06239531,6.14751031,VIP
33.40743849,13.00669519,57.58046214,7.1156621,11.58708592,5.77193228,VIP
70.39575083,29.84521985,137.77601401,40.8235134,10.00007806,4.96129235,Business
51.04090665,18.7479462,107.81278585,36.76247108,7.82295061,4.30883446,Business
109.90089496,47.20949765,223.39900585,44.90976958,7.04057684,6.98379745,VIP
112.85029,51.44833207,238.85928955,66.26202884,7.73866833,5.9921439,VIP
115.08562476,49.663916,218.88521739,18.67411498,9.92647048,7.75733714,VIP
80.68953612,35.08229387,140.29290477,59.32866646,5.93827124,5.49659387,Business
98.85335512,43.27163615,222.33087999,20.20140668,10.80439084,7.52285782,VIP
113.2677217,45.00410965,209.32785365,58.31661488,3.81989153,5.71721228,VIP
83.75295414,34.86988028,142.90177545,69.41156951,4.46820872,2.84108458,Individual
23.83296778,2.52887491,44.22963347,24.50605472,7.46394916,3.03572699,Individual
42.0262749,17.5971494,79.50653515,1.77093178,12.0,6.97887098,VIP
43.72901092,22.71515687,110.15914868,21.82550532,9.87170087,6.34917891,VIP
52.6869415,21.85838994,97.97969699,21.24990988,6.97158062,3.17157856,Individual
101.95654513,36.74680315,212.27279726,40.31775898,7.67846489,6.237437,VIP
102.68352069,39.21096851,200.5061919,42.83206595,7.61996853,6.26517357,VIP
80.62941753,32.72862166,148.40230261,12.37023227,11.23739333,7.77071478,VIP
21.40455177,12.51624227,20.0,11.1342757,11.20604738,5.55495672,VIP
99.85691503,39.06032595,198.591612,33.07562648,8.36250353,6.65644526,VIP
79.2579984,33.39491535,150.29409687,9.8323455,12.0,7.62694017,VIP
80.41988486,32.93802633,161.5543433,22.8683532,7.16557275,5.41721562,Business
24.73265689,11.35838424,32.68009577,62.00584392,6.39473991,2.00686387,Individual
112.41684053,45.49148605,230.90698102,70.75072943,5.75368973,6.24269471,VIP
117.31342126,49.68385223,248.3856223,23.88806989,9.94527488,7.85006853,VIP
27.33013871,13.85111968,55.96619944,60.41166953,5.22391802,1.85011279,Individual
45.6194619,15.08464129,93.93294142,60.68906954,4.320608,2.40111568,Individual
60.45634142,29.57133488,109.77018268,58.49520217,9.00623263,4.54385557,Business
101.03068343,38.79678972,200.53542437,43.95917829,7.24217768,5.6276286,VIP
115.22177075,50.38537403,229.51272707,33.79066705,9.76049972,5.90416089,VIP
30.06416572,10.58930161,68.43993233,22.8389797,8.99944993,3.85651787,Business
45.71789936,15.32524486,84.12360878,19.69235501,11.62424575,4.64777992,Business
21.4697033,13.68615063,34.25134926,41.61709822,5.92031614,2.24648647,Individual
61.55000826,18.69898062,142.90296154,4.23537665,11.21128133,7.84333746,VIP
48.32496954,17.19261444,85.49740861,53.47975575,5.09533936,3.46771704,Individual
68.74519701,23.02183122,117.61594757,22.9231173,11.26769936,5.25748482,Business
88.85276716,38.46287413,184.78560707,2.26987751,9.857666,7.29123861,VIP
73.50151493,30.13964749,128.9253525,9.30507117,11.32035629,5.70042499,VIP
20.22471541,1.74657869,41.12879205,34.48270254,7.75399519,3.8234745,Business
23.27501752,15.40696824,32.29458804,31.33955532,9.5121809,4.72641831,Business
76.45245427,36.50078987,157.56226755,40.04977042,9.59045436,5.26230692,Business
88.51829097,34.51377475,172.67440033,3.28962209,11.54237543,6.70397233,VIP
43.27240529,21.2706362,73.85726181,69.04199497,8.00656887,2.92975932,Individual
96.58689553,36.09799116,167.58308448,40.9629272,10.72858897,6.2409848,VIP
82.78847752,34.56738874,140.94518929,44.56794053,9.52249129,6.86774354,VIP
67.55277968,27.54307665,145.7570309,62.77874299,4.03080689,2.15060757,Individual
99.90244245,38.79522679,191.56791395,32.43096162,7.37760799,7.5994952,VIP
78.07895174,35.17678762,165.79710086,47.94227501,4.84358036,4.46007812,Business
114.26710905,42.69873647,242.18275877,8.7122917,7.79471715,7.10164738,VIP
79.77806265,37.67957331,146.44864607,15.89635126,8.27522344,7.15647297,VIP
43.84958572,21.75039589,119.31988429,61.97412361,3.8374923,3.8527163,Business
26.73177767,18.69076945,75.18502713,58.87808673,6.20184665,2.22018904,Individual
28.93580403,8.51289001,53.40467097,71.50942004,1.89795493,0.42803423,Individual
119.75347731,44.2059342,217.63040508,6.9799383,10.83541641,8.66992547,VIP
106.58806323,44.89232222,200.10802184,5.81555345,11.17396754,8.04949656,VIP
117.50867408,45.65772924,231.49644562,18.33838006,8.59893697,6.84235081,VIP
22.59026233,5.01405003,32.02386226,3.41055102,9.7521355,4.3134809,Business
86.28336326,39.94176862,170.85702056,6.85818838,10.89290262,7.28349988,VIP
93.95251267,38.02101633,189.68623978,48.91822016,8.56300138,5.50425088,VIP
98.3591569,42.46948816,192.76158723,34.56720945,7.37574833,6.83109963,VIP
62.74022781,28.01135464,133.33109012,53.19673808,5.29212177,4.11007268,Business
32.7210674,13.54545387,63.37494372,55.8481058,5.75285952,1.72719525,Individual
70.09292036,31.37152627,116.92742494,46.88366624,7.11020565,5.30394061,Business
84.51719941,27.87085062,183.99060923,55.39381429,6.69607973,5.06131706,Business
115.28669201,53.6225979,229.44724253,27.63925377,7.81603282,7.29805827,VIP
96.77621437,41.86108923,175.65828237,63.7446947,7.24304875,4.04774457,Business
67.91369827,22.85999939,142.01963823,42.48614637,6.72706994,3.83806898,Business
103.26270004,44.19477104,207.88364343,4.1439552,11.63340993,8.83478016,VIP
84.62345281,41.3315668,182.94430166,23.51555651,8.30506439,5.03773779,Business
21.62833473,8.92972169,37.0875077,52.10705062,4.99093514,2.86531009,Individual
53.34798061,19.64348526,100.97184243,32.75683438,7.64188726,4.11007263,Business
45.06578122,19.25868396,71.97457961,11.01522496,9.25473116,5.14821626,Business
60.29834996,21.5604904,146.83862959,52.26538362,5.98740097,4.61472508,Business
62.02877802,32.99035671,129.5546796,4.98681396,9.12502876,7.01237548,VIP
30.51593709,12.88202826,54.30713046,71.08847743,5.83232163,0.80637765,Individual
53.5703141,23.30380087,106.15409528,16.68716536,9.39169552,5.8493221,VIP
56.92175967,29.54540711,110.65928099,41.24450188,8.49315942,4.41914179,Business
46.81694829,23.52729106,80.71209957,53.88086885,9.01591398,4.13152265,Business
98.72507699,45.55429821,176.40865621,61.90240572,8.06552818,5.38111595,Business
38.00879211,14.62315137,61.59727074,60.1672767,9.87181699,4.22426367,Business
81.96346955,35.23022055,190.01972533,38.73499484,8.33278294,4.7051811,Business
114.60869867,52.86325901,211.43367845,12.72981889,9.38800654,8.30320958,VIP
73.21551869,30.88936781,170.95696231,47.07016268,8.65102377,4.81559015,Business
107.99892822,50.6779808,248.2393532,53.2023463,9.1044812,5.67254699,VIP
111.50902414,51.76253133,217.9724076,3.46014221,11.56982415,6.99861311,VIP
28.5904572,14.74283297,34.54919386,2.12538204,12.0,4.2228709,Business
33.02361607,16.03744074,72.93735322,32.98586713,10.4883368,5.35023597,Business
79.87052234,28.99843374,137.21275045,26.93359366,10.3279651,7.12896432,VIP
66.68124745,27.44861271,135.49442423,67.34363117,4.9979862,1.87085143,Individual
25.6918801,12.10957699,38.27634816,14.28052453,12.0,4.14404584,Business
26.23572603,11.83508233,25.00191633,45.62837778,7.65666769,2.52711618,Individual
40.9633961,15.03561299,90.35736537,8.09141363,9.26433264,5.22953995,Business
91.02752896,38.28511235,191.53623835,35.44090519,5.32661289,5.18859318,Business
65.53401794,32.43740283,131.81045011,5.36795984,9.74671872,7.04354966,VIP
100.61330157,39.89683069,206.86340084,14.19742769,10.11737956,6.74790369,VIP
96.18489751,37.93137077,198.47019672,44.51985286,5.57787279,6.78672616,VIP
115.28097485,47.93671249,223.70468599,58.37203024,6.28361481,6.22886582,VIP
55.19500567,25.85521166,107.22401081,37.43006275,5.66493512,3.379759,Individual
60.47769148,31.6053932,117.74704182,42.54658929,7.84202387,3.10797496,Individual
92.48859876,41.95713203,197.18713564,68.7800608,8.30483733,6.43758248,VIP
55.09663828,31.95920302,123.36156919,10.51826463,6.74535388,4.51897259,Business
82.82140946,35.5106396,171.36557734,3.82470183,9.39423843,7.42832987,VIP
115.03415931,48.2167801,259.65717279,26.76081589,8.65605361,6.78298845,VIP
25.66962947,7.27546263,80.95508475,32.39774589,8.81045694,3.82764605,Business
54.00800923,18.65933299,100.57661399,42.51936346,8.39241896,1.68888954,Individual
118.40125202,50.96883386,244.10911881,29.16306184,9.47443105,7.16688594,VIP
100.28480224,38.57385668,193.90845695,7.32594115,8.97519749,6.87660016,VIP
87.41287143,39.14632049,175.99838755,53.27620703,7.81641518,6.32589042,VIP
90.99349319,34.1264562,158.95549131,17.80783654,11.96097364,7.17873967,VIP
92.07650232,38.99506457,214.64384427,65.57222149,4.86865377,3.03136123,Individual
111.40353891,46.69944816,194.6885123,7.02838432,11.14788608,8.70134287,VIP
21.60360197,5.12804127,96.33536374,71.20354734,2.06245048,0.87544608,Individual
63.62892739,23.42597005,100.31781995,68.38566548,3.86013044,2.60848088,Individual
41.4751693,11.94293173,70.48075739,50.70648097,6.83436756,2.85301316,Individual
80.3735766,38.87852927,152.52663296,27.80648354,7.52039862,5.89146816,VIP
85.65717086,33.85673034,184.17822461,20.47026163,10.60023611,7.16226989,VIP
108.9435455,39.81411206,222.47129847,70.17170942,8.14330683,7.21950468,VIP
101.69338196,46.21394494,214.72672977,7.77682735,10.394005,6.92670474,VIP
39.01215631,12.61309764,85.10646314,24.70425126,7.84663037,5.23086737,Business
44.21080807,18.91418101,112.54298478,2.09346162,11.70037648,5.1242015,Business
61.34376212,28.4329351,97.07311735,52.46684888,8.6216336,4.53296112,Business
116.17415445,54.31069584,246.99100676,44.35928046,9.73383034,6.90736912,VIP
27.3193093,17.19219276,48.4730267,57.79102433,4.97744341,1.0681684,Individual
59.97513958,24.83583945,159.25751893,7.81867135,12.0,6.54132869,VIP
108.1903451,48.01357803,231.97048706,8.67166156,7.4986533,7.7853224,VIP
83.63978575,40.29232782,140.23137345,30.18319173,7.82870324,6.94714353,VIP
113.77034548,41.57457756,247.33665017,57.4151747,4.49497971,6.9651437,VIP
71.60725249,33.41618425,155.8470022,42.90549481,8.31430835,5.86527808,VIP
113.17321068,53.105424,212.06116448,71.90538182,7.23125476,5.7346504,VIP
40.27724442,18.04512018,79.80751965,24.74956134,10.30667853,4.52144313,Business
23.497135,8.21273224,46.84699076,41.92314179,7.29080407,1.69288699,Individual
96.22660919,37.78752259,207.49629925,26.18984796,6.38877257,6.64971739,VIP
78.0879397,38.63468799,153.00430584,31.9931731,9.15342979,6.19926478,VIP
70.09016651,27.43092099,132.587244,15.76500537,9.24864309,6.78576276,VIP
94.21321522,40.21460645,175.88844452,69.76189842,7.16759355,5.08497155,Business
81.81185387,39.50762159,191.37987149,36.2818303,10.32365191,6.39791689,VIP
61.53470245,22.13721956,135.48484938,24.57645292,9.33564061,6.22224603,VIP
48.23320101,20.55903401,103.71062462,65.34848361,3.21520808,3.07462596,Individual
28.41435363,15.20932523,51.71726858,47.12207973,8.03840176,2.54769835,Individual
62.04608143,25.06000293,123.65524167,24.05332608,9.98310659,5.29338702,Business
67.51139113,28.94151806,152.71403564,67.37880016,7.13707195,3.85740033,Business
54.74731292,21.98479109,111.71263468,57.61849681,7.5333273,2.90130793,Individual
76.75806441,34.37137036,132.57736177,55.19657444,7.6013347,5.6621568,VIP
93.54542816,46.34061967,188.85998529,9.8633479,9.10984957,7.83247602,VIP
101.41686788,38.7925429,194.40051407,67.5331312,6.38976547,5.34634769,Business
86.7090315,35.60446171,168.79855698,1.43898701,9.41557402,6.9138219,VIP
104.60902272,44.67294811,192.23192482,58.04041192,5.12199628,5.71851899,VIP
64.36520405,26.74939167,154.88185929,48.38184862,3.7698088,4.52665031,Business
113.5516486,48.78595013,237.07729793,15.77542264,9.96944814,7.43424678,VIP
77.23771781,38.59000747,140.80637853,20.2305537,8.17200469,7.49605776,VIP
42.11348702,15.53231495,94.8446288,18.60048978,9.49198837,4.48941146,Business
119.85120374,52.80206534,256.01680812,22.21467052,6.75851291,8.09378538,VIP
73.29478948,34.15661529,151.17978915,57.63481445,7.05627215,3.90898579,Business
30.86352836,15.28140465,83.4314844,11.83672406,9.62085603,4.61690481,Business
33.63516593,9.85150689,60.99957021,35.12615769,9.1277554,4.4625355,Business
90.93502794,39.31482635,173.05865426,57.33739906,5.23543824,5.23883656,Business
53.46184753,17.11468263,92.92414501,53.850659,4.63823175,2.99468868,Individual
59.10644122,24.46658489,113.67383356,19.98446981,8.96158045,6.40433189,VIP
93.01357261,38.74045215,223.30719635,69.75805347,6.33117092,4.96344206,Business
111.09476883,44.3503119,233.86294996,18.50562363,9.85122218,8.38880573,VIP
89.92307116,34.77652931,186.40848801,32.41528973,8.50791953,5.53366621,VIP
101.62442587,49.29994365,209.04602832,45.9322183,8.3518598,7.39439938,VIP
117.5176378,48.65227062,207.86617518,48.79916617,4.5815224,7.20648253,VIP
42.93298784,17.87530182,91.42351421,55.82590367,8.90633426,4.29355353,Business
73.06523432,36.30163778,152.33731011,4.61487195,10.31752637,5.8652322,VIP
88.3650623,39.84141799,174.47090275,22.20047641,10.38440478,6.55893197,VIP
24.94407928,8.12153681,61.00273755,14.01337529,9.6952148,4.33084259,Business
116.28048954,46.00410268,216.349341,26.43612346,11.42825902,9.5945138,VIP
85.57025882,38.53525749,163.04200076,16.69619201,11.22943016,7.63716929,VIP
106.81103846,45.10661587,214.46996599,7.57679825,7.24950099,8.30306835,VIP
25.28213484,3.30390901,43.70317581,11.05350955,9.25936476,4.42666285,Business
85.36043188,37.02835887,176.29001755,5.13383045,10.10920157,7.6296381,VIP
75.83133412,32.4078288,143.67920252,5.84052438,11.65918731,6.85475261,VIP
114.5962804,54.33584373,234.3558444,70.25443387,3.39582894,4.66506748,Business
76.76006343,28.83777786,194.48099005,71.30452082,4.77117922,3.70343498,Business
32.35547497,15.16665009,58.18769668,3.76944819,11.12167303,5.49114913,Business
76.98284768,32.39766432,142.80475874,58.57548049,7.40438386,4.06581619,Business
33.31248139,8.25491576,77.69390144,62.20971563,5.98656004,3.31009869,Individual
87.77244128,34.28396466,152.27712798,11.37243358,10.47787848,7.01315564,VIP
96.77446222,38.96727803,200.50447538,68.1664612,4.97820817,5.07775286,Business
56.11135376,17.51837914,119.80675688,52.7890169,7.2130614,2.76002989,Individual
57.35776782,29.24365275,106.71607004,39.51676339,9.72012343,5.41654403,Business
68.33873766,25.64928484,154.58922691,2.86768435,11.82932667,7.65442455,VIP
58.88849028,25.04081264,129.60035613,9.7562558,12.0,6.96041661,VIP
48.40105627,25.36802927,83.59253683,20.14064322,8.66180201,5.29766877,Business
69.68899047,28.10973489,130.32120474,13.15837131,6.99095561,5.12072334,Business
50.66858363,23.39391164,78.87558695,2.09069524,11.93117724,5.76309241,VIP
62.9888253,24.80510432,140.13701977,2.81895735,10.06603497,7.24721565,VIP
98.06220055,37.08097132,175.85927062,20.6813053,7.83122628,7.03102077,VIP
54.1140116,19.37225806,140.28332898,27.32316353,12.0,8.44184827,VIP
96.11683972,41.16395999,214.10771706,26.82512449,11.19727081,6.731015,VIP
72.2288738,29.43887063,163.72636038,51.95392303,6.8987787,4.61713374,Business
46.49290542,23.84622493,87.87126284,63.33546303,8.02578272,3.97693108,Business
105.04517117,39.02080416,213.42747233,21.13959643,11.76804126,7.90713866,VIP
80.89688634,35.70749429,144.24918496,48.74406599,8.81290439,5.34832013,Business
89.35727666,38.01300544,170.96339127,9.89194782,11.36281959,6.48850708,VIP
65.39710692,28.12128306,106.60292657,19.83389273,12.0,6.93532214,VIP
47.47810468,21.25794905,93.53949982,59.84267584,5.71349737,2.80660898,Individual
57.80386112,20.95726243,132.98990484,15.07916536,6.93518753,5.83707647,VIP
28.77970981,10.30843832,52.21828155,71.78203604,6.56786475,2.34349769,Individual
104.27370578,45.53627617,190.7480522,54.68352392,8.1298701,5.46194367,Business
79.56450295,34.86210483,167.75013937,30.30485227,4.06565919,3.96626219,Business
34.20861127,18.98265664,85.2014325,65.17558218,6.17727445,1.9300193,Individual
102.09673208,37.32856724,204.35304123,54.41079742,6.44447421,4.45968863,Business
57.52058751,31.46489411,113.49297612,54.52864841,7.09547962,3.53743332,Business
108.06293587,51.13033083,207.96875257,8.55152779,9.67543715,8.81143467,VIP
56.09430328,26.10297122,139.74655691,8.75266226,9.31224864,6.06436438,VIP
112.53941462,45.944441,234.30818153,2.56553602,12.0,8.39820476,VIP
43.59465802,17.37736911,103.61588825,66.56174445,8.08244568,2.49108566,Individual
20.05766594,14.3739782,61.04363092,36.8145063,10.22792134,3.90916784,Business
72.25962281,37.94788417,138.29056934,59.66860911,8.67330029,5.18962979,Business
103.39414743,47.63350769,233.42856415,9.53682754,11.45892376,8.21639904,VIP
41.51029255,16.59838584,49.52686834,35.74351869,7.05785909,4.48328138,Business
57.55088227,21.95963872,117.12445162,48.51327461,4.92250918,2.87119253,Individual
32.27744174,17.17871843,84.03777588,28.97690346,9.13670123,4.87789677,Business
30.97368925,11.2933874,90.06943905,38.87493496,7.1202658,1.54430692,Individual
42.44297967,18.15287034,76.69503904,9.69843641,12.0,5.83329449,VIP
20.79816649,7.8831912,32.42790773,47.0343551,8.54468676,3.74455823,Business
24.6048657,13.47931913,65.94130617,61.9585631,6.39723911,1.68928646,Individual
81.70688532,38.58589957,176.14959858,57.80897078,5.05428041,5.20033639,Business
82.03432744,35.0285281,155.81787924,18.31487208,10.34706831,7.09122623,VIP
95.89190083,37.02060746,199.07420349,71.33462595,5.40469726,3.64968433,Business
33.38014562,16.27200808,69.78817656,32.72194926,7.14528534,3.88552196,Business
100.99053336,44.53293194,194.4875338,9.62223581,10.04071197,7.60117767,VIP
39.58686248,19.82631903,80.48088064,37.82001733,10.72238481,4.55652798,Business
88.94622146,33.84959563,178.30939021,43.01339632,7.3053698,5.48196738,Business
117.26623304,43.95672042,243.36714047,55.81525784,4.45017526,6.58492595,VIP
98.40483377,38.22328197,192.43195313,2.03815091,11.18499892,8.34361485,VIP
63.48717047,25.64893715,136.8687414,40.31205742,7.33463817,4.76946667,Business
59.575526,29.25708374,112.07082764,44.95030151,8.34745072,5.46846703,Business
86.17363464,34.12930594,171.4761211,6.64088963,10.45284456,7.70360375,VIP
70.62301753,28.11553769,164.77487299,44.12159062,4.75413403,3.4426104,Individual
104.28817608,42.81325731,199.02547882,40.25332249,7.19579592,7.13088286,VIP
109.13637937,42.36222603,194.41441962,62.56534438,4.84549831,6.01518319,VIP
75.2860056,30.78213108,166.53490364,7.8925048,8.2220662,6.64036243,VIP
106.68909781,47.67810081,205.0075784,14.25491437,10.61618051,8.73753491,VIP
36.50251594,10.42208448,52.74910626,35.14874094,8.71794635,4.29400312,Business
35.69680326,17.65894229,62.32455153,7.80448673,7.15151094,4.78905434,Business
21.55463896,7.67181411,59.12188565,8.64075866,12.0,4.49761797,Business
60.0668448,18.84184409,121.45815834,4.43549771,9.37178273,6.64856288,VIP
58.2105774,27.76267247,121.10048387,39.3943986,8.11287963,6.84767946,VIP
79.85775045,30.15702669,188.1914336,13.2807827,8.69203255,5.77904139,VIP
58.20999816,26.37439473,111.11989555,2.79020462,10.77780283,6.93423095,VIP
103.2061412,36.94113896,170.27323307,5.84177481,10.28883015,7.50379731,VIP
35.97558192,16.39359816,78.40910344,25.11332207,9.26825306,5.08724446,Business
114.90867176,46.36770758,214.59525052,71.3320051,4.33688464,5.24904568,Business
55.27245921,21.95212968,93.54212141,55.95934352,4.04811143,3.68985903,Business
42.15184047,10.72302981,72.55545133,22.04732387,7.76414608,2.58965274,Individual
101.71036277,40.18533147,221.04084672,28.24829896,10.80122399,8.45972034,VIP
66.77883452,28.80188657,133.67887265,22.29318293,7.89685728,5.71414377,VIP
92.78264588,38.73898326,195.99258149,6.94360626,12.0,7.94904542,VIP
59.34017295,25.69921639,116.78732322,20.72122357,9.61976682,5.15987712,Business
95.0246405,43.27323841,152.77472616,1.28557544,9.07027648,8.16269906,VIP
59.57322254,27.66935918,124.86852318,47.69092355,7.65993245,4.43573307,Business
83.18459197,30.42920878,182.9619377,28.37774933,8.88639706,5.35229984,Business
68.29828743,31.99917873,149.57281054,66.66941031,4.07970305,2.31448878,Individual
58.33905516,24.53046383,152.73719663,39.98011429,8.33722985,3.36191554,Individual
109.95301306,49.94496035,184.29810065,23.55304341,11.45031946,7.81422699,VIP
108.63189479,44.18107466,187.74142774,69.67392619,4.55267334,5.15227587,Business
112.34399842,43.50692379,214.07065562,40.0746581,6.02533059,6.49111867,VIP
72.2280006,31.9337647,113.53953423,15.57448848,7.76783276,6.64247934,VIP
92.95686078,49.54508094,202.76612967,46.36836055,6.91071519,5.95958528,VIP
61.13778813,27.77207108,108.20752907,33.32829181,8.4245786,6.24678161,VIP
35.86515896,14.84271637,62.08698698,10.42561414,8.56563978,3.820255,Business
55.63787367,19.72582724,133.0393097,27.59466268,5.66295389,4.46774899,Business
54.26327637,26.47968897,126.13571543,70.31578678,4.87969448,2.23307122,Individual
80.00380314,32.32389138,156.26656153,28.34449586,9.12463919,6.17969066,VIP
107.5783777,42.60956001,241.5150754,53.64202145,4.57067301,5.4593409,Business
117.83122267,46.34077885,227.46668193,39.60443897,11.24209061,7.60136503,VIP
41.32609583,27.20815255,80.45310098,67.0751998,5.65858242,4.21971798,Business
90.95439579,37.10139386,196.9748226,39.76229633,10.01966642,7.18895907,VIP
35.62292838,13.31513713,73.63734803,9.28798891,10.88664988,4.70874298,Business
39.4184884,19.78073077,83.02348103,40.95382915,7.34491771,3.77395381,Business
116.05107424,45.62609393,256.33524789,35.27790407,8.99239603,9.04578253,VIP
25.67047755,11.5676012,88.08271813,13.73304378,12.0,4.33675319,Business
34.69884137,18.86227181,38.38388193,11.06410796,11.6414403,5.09303521,Business
84.37419219,42.15225236,197.73488435,59.84179274,6.09152289,6.10893536,VIP
30.22860796,13.85059381,56.94381715,23.73570666,8.49807398,3.55597425,Business
107.96491455,48.23304674,197.35316595,61.51966259,7.70433544,6.2604891,VIP
81.49533203,29.93568194,152.05561074,29.7363279,8.44502639,5.65654651,VIP
71.65552827,31.14869704,146.35192694,23.13235216,7.08023034,5.97401936,VIP
61.37037132,28.17253934,120.06173975,44.59350601,8.59978565,5.78771672,VIP
83.026688,32.09669717,153.53128285,9.89975761,10.58993803,7.10661931,VIP
83.7273592,33.69817978,158.78524805,14.32756268,10.99663772,7.69329994,VIP
70.8454906,31.48542761,156.46176121,56.5881301,5.65652072,3.45752407,Individual
111.55770247,42.98407085,220.52560275,45.37611575,5.57412772,4.15830847,Business
51.1639486,23.24860825,106.49884116,34.6047238,8.54810966,5.48533719,Business
69.07826826,28.47676326,113.07420086,71.18388333,3.66541581,3.52539334,Business
53.75457496,24.91749881,135.413316,48.95222531,8.0069658,4.19985729,Business
31.75561739,14.88655685,42.57613094,16.94014301,7.60260927,3.92208988,Business
59.52426118,27.35301722,153.27160621,39.31615806,4.94285698,4.01348499,Business
61.69694456,20.2133403,113.71905622,35.06041182,8.35079509,4.63147441,Business
49.47992901,23.11534335,96.75128955,54.63822749,8.23154881,2.67805009,Individual
60.80216952,31.16904815,115.53401525,67.12447581,6.61608021,2.99407124,Individual
43.97975023,18.90578604,72.61797174,11.65609723,10.45682399,6.72441122,VIP
67.58247804,25.19688384,150.62902685,46.02688225,6.04870426,5.34858226,Business
29.36429274,17.52712472,57.23670161,28.09375805,8.62002013,4.40806091,Business
84.90437311,32.87457919,172.71660585,31.56198165,10.969301,6.22412489,VIP
58.64334017,24.68688962,108.7732174,56.82333699,5.79028081,3.07604719,Individual
31.60165975,11.88552133,89.07892468,49.2404257,6.85480494,3.54820331,Business
87.37102273,31.5630911,173.29966215,66.25056287,2.40733354,2.66637555,Individual
26.86647895,10.9768822,82.0348296,33.6864716,6.93967127,1.80022768,Individual
38.34330098,13.70792406,76.96271284,53.16509034,7.86921952,3.70227882,Business
32.76922226,17.35408028,71.53503762,62.32325329,2.2127773,2.05086063,Individual
37.97630242,19.88712779,87.16649818,51.09416124,7.64804115,4.7582866,Business
46.26270337,19.975637,112.15310653,49.79352555,7.8544699,4.24024049,Business
32.68135844,13.90081978,62.37329666,69.52350787,8.11687556,2.0436082,Individual
97.3750781,39.90440979,194.61118463,22.30134148,8.46829703,6.58914716,VIP
29.37001108,13.47298319,65.03496506,66.71685118,2.92797959,2.95001484,Individual
117.04871458,47.778733,243.03724622,27.06487453,8.5671652,6.86556005,VIP
68.23193338,19.01914996,133.4874782,71.50503546,5.85095929,3.56047938,Business
57.08727946,31.49116571,131.8861759,24.013134,8.10832,6.44882585,VIP
107.10318388,49.8808712,230.0372147,37.26696733,7.58796658,8.78795475,VIP
53.47563425,24.16486875,100.06425912,21.94308226,8.96398142,4.56271017,Business
75.16573976,37.40143583,166.89198857,46.64386237,8.24313759,5.95920873,VIP
73.13349562,32.24768479,164.4444663,14.62982844,10.08339789,7.10110473,VIP
101.54888869,51.30086732,206.6177009,47.05965906,4.98766005,4.73967428,Business
45.70183419,16.88541387,97.54909758,14.2312602,12.0,5.59971224,VIP
111.44699434,45.61746748,204.14489147,4.26480649,12.0,7.2474429,VIP
33.79594211,16.20456912,70.2885449,61.86755299,6.35824296,2.97788461,Individual
52.24115859,20.24182386,102.07038164,59.16790927,4.39142157,2.03682902,Individual
77.21790059,33.03200764,179.13389524,23.66339405,10.8599962,7.14288826,VIP
65.60788772,26.24800569,159.8068116,66.00704639,5.3394698,2.7119765,Individual
65.80657682,29.56693255,150.81716685,3.199273,9.1389704,5.76240352,VIP
25.66535109,9.67956997,42.29752317,33.89630745,8.14503988,2.28412254,Individual
74.09623614,33.1869139,143.49345219,42.25693802,8.88650783,6.62623452,VIP
60.04186284,23.18469891,121.5860213,63.91267321,7.57710215,2.63722774,Individual
100.09963288,41.04271419,218.79134445,16.31889476,8.11696265,6.02027739,VIP
81.45896368,38.73395806,159.32704697,51.69685266,6.33086096,6.11433163,VIP
95.57253962,41.90939187,181.24386452,54.43086293,6.40801374,4.96299784,Business
66.92386984,27.05058472,145.40796575,13.64938867,6.76006127,5.17407822,Business
72.87025725,30.35846529,151.13203449,50.4974161,6.12849915,3.71934664,Business
55.4943911,21.28488185,85.15108432,59.63057163,6.01266932,3.56035481,Business
105.71060615,47.12939495,230.23847923,18.70722742,8.41881967,8.26970799,VIP
108.32796017,47.32372424,195.0418766,22.92995695,6.02689642,7.43386895,VIP
91.92011202,41.60117885,187.58489754,7.86291404,11.00688533,8.41769059,VIP
41.39686403,23.82041972,88.9713749,5.58756744,10.43946497,5.34380249,Business
52.23225758,24.83731554,89.41123344,44.7750656,8.28300099,4.44503977,Business
77.97402121,32.10778383,176.40772108,15.32942419,8.38009793,5.82028248,VIP
95.38514605,42.88974595,193.37307774,19.08847816,7.59208014,7.15234312,VIP
86.79613606,37.62784663,185.17691232,32.3998504,8.08553216,4.00667269,Business
82.66525288,38.04217909,169.10013292,20.88918328,9.82484752,6.4160852,VIP
71.01763629,26.95286199,141.56766065,59.25035369,6.21814796,4.62729875,Business
77.34852031,33.27382781,149.10657601,26.92760625,6.73511671,5.39038678,Business
84.02878626,35.73106802,172.81253073,20.67463706,12.0,7.29774715,VIP
29.53423315,14.50020517,23.56280319,70.51069348,6.52403814,2.8658122,Individual
58.56103106,21.29962951,135.52913092,21.41788482,9.18723836,5.3373185,Business
100.97574708,42.69883138,202.35896643,20.80496591,9.79615387,7.69869404,VIP
107.80961818,51.01718966,233.90446138,53.07536258,5.62138721,4.65922754,Business
114.74926843,45.88539471,250.35612683,61.14378757,7.45119094,5.70390139,VIP
55.26608725,23.59964098,132.49960799,28.56384979,7.24741182,5.14853997,Business
64.72891498,22.18300021,128.50469683,8.89364866,11.65995447,6.76081897,VIP
26.71534439,4.36660324,20.0,14.50068235,9.8772438,4.4867775,Business
109.62785863,50.78509769,232.25560675,25.4400845,10.07664031,6.78262922,VIP
110.6042176,43.17072807,214.18253656,8.60101497,12.0,8.68663039,VIP
36.58019073,11.1424272,88.58860489,7.99933257,9.8097498,5.78560023,VIP
39.55054013,22.07136752,92.19073526,69.72298793,6.49075667,2.02445925,Individual
26.68435737,4.04217314,41.03577571,52.78437027,6.91728638,4.50192607,Business
57.17775546,25.98516033,100.29760236,30.35554943,9.92806955,4.53802909,Business
117.59188202,53.41018176,224.58531326,46.03045121,7.93541017,5.99027958,VIP
25.02436856,11.50677732,54.41909977,28.57390295,8.34899782,3.70356118,Business
112.41096785,44.85586028,205.33139818,62.36635482,6.50360526,4.8201767,Business
107.6015463,44.77227834,226.76256822,43.46208649,7.85479731,6.39307464,VIP
50.70838677,19.31453767,99.13716061,59.50350271,6.8219788,2.03818312,Individual
115.37746483,52.73020796,240.92447804,33.33460717,9.1856929,7.48729029,VIP
77.0684885,29.02142846,166.75399723,55.83474807,9.72820382,4.46737523,Business
71.45737933,29.09833638,137.271066,12.83707507,10.51821834,7.98954129,VIP
73.6448644,33.4669426,146.26368477,69.42712599,4.94806444,5.05779714,Business
96.3851359,32.42803926,186.87745992,5.37529234,9.33844754,8.25195365,VIP
111.77009178,39.90432343,212.42752781,33.2878969,8.04402526,9.20362437,VIP
87.83395275,31.08130589,156.4460453,29.58809305,9.86597535,6.34483365,VIP
26.15262264,16.79673227,48.37475872,16.18278537,10.48040338,4.28579286,Business
74.28916811,36.63719574,167.81590484,71.94727653,5.55255034,3.78957628,Business
30.62044316,17.7301203,80.39835668,40.44025536,7.60940344,3.41513209,Individual
79.32973598,32.55037546,157.5724882,69.19232459,3.91023153,3.31540458,Individual
54.89712826,23.90457612,103.53391986,36.33269909,9.92547894,5.40949085,Business
63.74777299,26.2163214,107.49618739,47.99736008,7.69251404,4.09476185,Business
88.28087722,38.28728488,138.6001856,69.7867277,6.64933799,4.16933204,Business
49.93797081,17.16719528,95.87961289,56.53550489,4.19090568,1.32687182,Individual
51.0756581,20.0346119,89.76080241,48.79118247,5.76958646,4.32566992,Business
99.91274422,40.95903045,208.40156611,59.05774092,7.78672385,6.79434058,VIP
98.68517331,45.13190629,207.05341745,21.82009826,7.91822013,6.86866828,VIP
58.25781745,23.40416272,84.68092512,12.52454841,10.00922221,5.7111721,VIP
75.47355542,35.73800189,152.92371577,20.05503186,9.77982898,5.5464623,VIP
65.53279072,18.35777139,104.42664667,26.34604401,8.1260556,4.17269133,Business
99.3012659,46.0378817,202.49872758,19.72468378,9.79138233,9.94134732,VIP
82.7670909,35.15888709,154.88414402,69.13049435,4.9755957,4.56605722,Business
77.17240403,28.51639421,148.80893819,59.10884705,6.93074424,4.45640763,Business
107.22546388,55.46957129,217.87847896,11.05043384,8.55446803,7.29413684,VIP
44.99328119,20.98800133,84.95148543,60.56899018,8.63730009,2.26255407,Individual
105.97380366,43.88921057,233.06123109,54.33994504,8.17511833,6.60062306,VIP
25.6111881,6.53814414,50.12877567,54.83606983,8.01985057,2.37958223,Individual
41.94925369,17.60143096,115.92762408,52.50000937,7.32423928,2.81918652,Individual
31.98879259,11.38978095,52.08177886,2.46213653,9.06650412,5.71306305,VIP
31.5465381,16.38962365,61.50867053,41.92257456,7.82150046,3.11040156,Individual
32.92026814,13.88980253,71.820702,35.5488694,9.79267143,3.73414793,Business
66.32108829,26.92028798,131.97444156,69.22380515,3.251356,3.4627375,Individual
96.16317289,41.74631973,202.76501859,7.42513056,11.218117,7.74818585,VIP
91.21850263,35.31532771,187.85639685,33.95342038,6.51695439,5.69129489,VIP
98.66957483,37.9774237,212.81288178,18.97065661,10.78177542,7.79661325,VIP
78.2805571,40.39669133,158.00347267,61.13180916,4.29540483,3.5397729,Business
75.53197818,40.29941814,135.1257846,34.86071552,10.00799887,5.26857565,Business
97.69654237,37.6657321,216.58803728,29.1787208,8.4942751,6.42082316,VIP
88.39609559,36.56571009,184.94554832,46.81071977,7.10289086,5.68398671,VIP
76.4516705,38.24414956,149.60386508,21.36216627,7.08872616,5.81937607,VIP
89.49152443,37.23931465,157.9739278,25.55772104,8.16367597,5.55712929,VIP
86.65145939,35.9852209,198.86155531,12.69295481,7.41326038,5.95333443,VIP
59.59609266,21.85892054,115.81141271,27.68740622,6.08165763,3.99432313,Business
94.41368726,39.97907783,173.68498608,34.46083005,9.54325341,6.88498668,VIP
74.06167114,30.79777828,133.52876337,49.34973276,9.86115098,5.24531694,Business
71.71631214,25.7380339,156.20133752,68.7277013,7.55835914,4.7021228,Business
66.91106244,24.12406755,130.22226822,29.66167129,10.55411269,6.46313297,VIP
75.07661763,31.0852306,154.40724949,10.67975178,7.2482365,6.39135996,VIP
114.00326578,49.74204925,240.59203707,65.34283092,4.47651675,3.7533692,Business
89.67186208,35.60714728,179.70363687,60.25720943,5.00429806,4.52973202,Business
86.1817804,38.91678665,173.85163285,63.78309903,4.77420875,3.55568025,Business
93.96632992,41.22035739,192.06357911,21.97458134,8.35898324,5.65374342,VIP
92.9314155,38.4598222,197.45419174,35.06975357,8.07220383,5.21036943,Business
45.94161524,18.22867694,79.57160114,19.60031213,9.19667778,5.6331254,VIP
52.32245426,25.72069152,100.32305433,23.82716856,8.26375505,6.26882932,VIP
94.85429858,42.67275785,205.8077207,68.36324603,5.38096563,3.46934469,Individual
24.93208477,10.71674685,69.24005492,58.29203109,6.82837561,1.8211487,Individual
43.7760594,22.4383297,88.93242832,29.92079464,8.24828842,5.06189975,Business
113.26163711,46.46370406,231.82672312,11.31243948,11.50893068,9.17826974,VIP
79.50887814,30.334,180.19562802,7.37191946,9.03418706,7.97014015,VIP
58.38601781,29.79792657,106.59689881,8.43932032,8.43863551,5.45156581,Business
30.57603426,12.18381238,66.61382942,34.12606199,6.16323726,2.72029581,Individual
45.89175141,16.36612843,80.54818288,69.19516055,2.4926708,1.84853667,Individual
50.2074114,17.64589559,83.10775017,19.68200157,10.04450275,5.10687696,Business
117.51047048,51.03078227,225.35000086,19.75776195,10.53697285,8.95009013,VIP
111.83225055,48.36767916,198.50552267,1.59944229,12.0,8.6591163,VIP
75.07459413,32.54978287,157.52571518,34.61282739,8.9265377,6.38710647,VIP
72.60253691,26.3759053,98.82368304,40.3796037,9.01086649,4.23523154,Business
33.89411588,17.30719195,79.33023747,13.96926217,9.79678627,5.01544167,Business
60.58924854,22.49023313,125.02136932,25.44717687,8.73851953,5.82271913,VIP
93.74382123,38.19874023,193.73928447,58.2448022,3.95835022,3.44126705,Individual
27.64471089,5.21953772,57.53946711,61.11303736,6.68413517,1.63537614,Individual
37.1304552,19.16102327,59.76992224,9.69687202,11.80176209,5.83009388,VIP
74.06398516,35.40632251,168.65786399,7.28187539,8.90879501,6.85704169,VIP
79.6837384,32.08171621,177.82843654,24.66921598,10.01714726,6.72320485,VIP
106.80693854,45.57410954,204.24515731,59.55917966,6.5611893,5.92144861,VIP
46.20634487,18.51473264,83.73129314,31.7881453,9.7234645,5.32167878,Business
119.61043355,50.77929014,235.38139231,1.5604845,11.10592384,10.0,VIP
74.47624996,28.73673341,145.52888033,8.77624717,10.82391493,6.81446031,VIP
56.32921326,30.48375614,105.40200053,33.98841046,7.53860944,5.32593966,Business
22.78761271,5.73293384,23.83695507,12.17493778,9.02775696,4.36917925,Business
27.75054848,12.83821272,38.06429097,32.92322564,6.95669522,4.41259759,Business
83.02706026,37.21677805,180.24009906,55.06314849,8.07722971,5.34749407,Business
103.32071431,45.38520975,219.59165977,71.31322636,3.71156744,6.09940978,VIP
60.03437331,23.84622277,125.03445179,52.80987312,5.48483412,4.10649512,Business
84.19419727,40.16763965,163.85831757,11.92530125,12.0,7.96895172,VIP
69.24000133,34.77365001,149.88708297,57.34636059,6.13447711,3.2206502,Individual
55.55435756,21.27556953,109.95090316,20.24910697,6.60050788,4.02794229,Business
108.73577922,45.9211977,237.04883939,1.60841732,12.0,8.56086479,VIP
25.47409255,15.9543134,39.98681962,63.53720451,6.19962737,2.68252539,Individual
61.91972361,29.97047183,131.71276546,21.78519394,8.4734268,4.91932724,Business
67.25287862,28.21366287,107.68189731,7.78840781,9.18205451,6.42622825,VIP
117.52636467,49.27090656,216.09209896,11.6542419,7.75521475,7.82402635,VIP
109.188392,50.45100997,228.97315777,63.91290034,6.20476134,5.15152224,Business
66.7269434,29.48119128,126.42289904,40.90056166,6.32200952,4.0910664,Business
49.98924384,22.86321734,102.57013851,44.0204201,6.14099187,2.93021301,Individual
29.66516098,18.81059839,85.58592984,21.60464415,8.84526148,5.52344157,VIP
41.71045535,22.08881922,101.36719623,15.48197473,9.25653091,4.93838338,Business
25.53624066,11.13640871,56.97929445,33.6894831,9.44015808,3.5901488,Business
65.93886921,26.8748998,128.08158781,10.12809385,9.18808402,6.20392569,VIP
25.24507964,6.08612292,54.1267783,17.79816673,12.0,5.53786699,VIP
93.08805801,39.8905363,161.62249026,25.25686794,7.63262764,6.11347362,VIP
25.82012826,7.27139886,53.3663828,25.7742924,12.0,4.07412195,Business
93.34402812,40.85777575,198.06645176,39.85666244,8.06748417,7.2787396,VIP
87.72766861,37.05440296,176.79525341,32.10855412,8.98746231,5.70141695,VIP
53.18029758,19.84436244,95.91685499,45.55350821,6.49184275,4.86962937,Business
88.60944225,36.70012361,186.40960025,52.34319455,4.76053871,6.22716645,VIP
67.82436588,35.35911661,139.86778621,10.20050233,9.22911068,4.44337191,Business
116.08468986,42.89798058,258.62442832,58.67326298,8.32904926,6.21522406,VIP
35.9916337,11.12619839,56.92573762,23.47181251,7.54992754,2.75724179,Individual
69.65765964,17.83964014,150.36249499,56.35786763,6.51976213,4.5391424,Business
62.57744299,29.76294388,122.67037565,41.83901066,9.52637059,4.77244259,Business
80.86540166,35.95563071,169.56698106,69.48834493,3.74017693,3.48799698,Individual
109.55768452,44.74569461,222.44419966,33.21115668,8.76928435,6.78634957,VIP
46.30317756,24.74520813,82.88628096,62.02027838,5.93407093,4.03830979,Business
26.48699838,11.02317619,35.29599817,4.83992336,11.15699405,4.95941939,Business
75.49051017,28.8963999,148.04194054,7.94153528,11.03376073,7.47970599,VIP
89.34012195,33.9566568,179.11966361,26.10501248,9.80976684,7.98803888,VIP
80.34157179,34.59553263,151.55817137,36.03105336,10.35234789,8.57464902,VIP
88.64692446,37.59130746,157.97498256,44.60243502,7.12436329,4.69366699,Business
26.49225467,10.14973631,84.33730264,60.00587596,7.29863021,2.73897561,Individual
68.06663557,34.72339044,131.34840205,1.47213184,12.0,6.34414753,VIP
45.8468052,17.21990651,81.31157602,3.06951425,12.0,6.47333287,VIP
81.82426176,41.48446547,185.44627392,4.89490438,8.1354427,6.68627992,VIP
115.42462678,54.30235095,238.50349191,9.49548381,8.80564359,7.72228605,VIP
52.89726241,24.77908707,105.20110947,56.95597344,8.15354183,2.75276013,Individual
46.74276975,15.56106906,84.32753257,58.19525607,3.8895138,2.45593853,Individual
26.76612545,8.27833994,44.59662855,37.35064861,8.2215283,4.17766154,Business
45.64092815,16.84879564,81.40491792,71.15873881,2.34548702,1.7819278,Individual
104.54042858,41.25154486,206.32419325,60.20244531,4.17629979,4.50626157,Business
102.04285611,44.49495552,230.59777042,55.00403517,7.43615443,5.17521189,Business
32.64128039,7.08647223,77.61013526,63.80309399,6.7365271,3.00656951,Individual
63.65993284,29.66272867,110.59609924,61.78310003,7.75136231,3.21084334,Individual
93.80407097,37.18443062,198.14795199,42.30139225,7.77998008,6.53715072,VIP
94.07823182,36.32564641,216.21428963,7.39897981,11.85590023,8.67502578,VIP
116.66033189,50.99542355,246.20314014,12.50582144,9.4421939,7.12952487,VIP
80.28584687,31.04694261,141.82187324,17.93425619,8.23095591,5.37627574,Business
76.14806584,33.25255517,151.97966764,12.65558798,8.5989606,6.2000288,VIP
71.26407711,31.35635907,127.57295108,22.0651302,7.14967262,5.5514634,VIP
71.29799718,30.41716811,148.91771889,70.67105493,3.14596327,2.68780039,Individual
109.52175896,47.88337987,222.93412112,68.87347229,8.16902117,6.28762512,VIP
54.95843027,22.11595409,74.10414148,48.38291949,6.11695869,3.88359858,Business
46.60819294,24.53717108,137.97103279,11.62621615,9.01149996,4.67441253,Business
24.76664511,9.73547554,60.14075582,50.90061867,4.89188408,2.89911456,Individual
51.8098066,26.87347982,99.01179655,45.24238964,7.74258786,5.61201734,VIP
101.67543404,43.38084421,198.02056069,2.05698482,11.24024833,7.86545291,VIP
33.62551555,15.78183657,84.20600773,18.43425465,11.21021762,6.13098348,VIP
106.69856192,45.99717925,206.03567722,33.21038346,9.18726667,6.81399259,VIP
58.2962745,25.62931789,127.23758235,5.64857324,9.61539215,6.23517871,VIP
115.34931376,49.691258,216.64226081,54.50545896,6.40442067,6.64727227,VIP
94.35844268,38.38638275,197.06798795,60.88027707,6.32394781,2.19934754,Individual
88.84819937,36.15032906,167.62506487,53.97632773,5.20339085,5.16370484,Business
62.99870057,30.12435798,163.90354338,16.24701897,7.8698967,5.63008302,VIP
94.05862279,39.45313852,185.23573445,35.27000917,8.13573265,4.76572958,Business
24.34635565,14.56240835,40.22918805,54.97153167,5.80983158,2.88206899,Individual
98.85392448,42.69267016,195.28897539,28.01584855,6.62362296,6.40864641,VIP
116.99186932,47.00714927,245.15867469,23.67611697,8.52625335,6.73556851,VIP
68.78940012,36.32950915,125.25754845,49.91578562,6.7305113,3.83851851,Business
77.05397371,31.61284872,127.18609773,59.24902085,5.01411149,3.20755374,Individual
100.42425044,39.99781915,191.50308633,26.43572289,7.82556731,7.06383702,VIP
48.35522911,25.4935099,109.36525778,13.77176945,10.55799795,5.29893105,Business
89.76745529,34.75445492,188.16944398,54.99366468,6.35971001,5.18775822,Business
102.2259209,41.64267971,208.41426858,28.50642728,10.38449607,7.13397374,VIP
47.33418046,18.27869815,102.0844381,1.79905392,10.68703793,5.96482968,VIP
86.18127202,36.84047713,163.1016598,69.589914,4.75040466,4.51846198,Business
97.35215119,47.54720322,188.39061318,9.56581365,12.0,6.0044744,VIP
38.99976202,16.07065561,79.0927413,5.78944337,9.90076258,6.10338916,VIP
103.88479053,41.17189565,209.3733405,22.67625973,8.68749291,6.89473371,VIP
103.24507252,43.67624693,194.45601003,47.95934039,9.62892499,7.07599976,VIP
40.44084261,19.61604953,100.29054808,60.36142579,6.29929173,2.90092808,Individual
68.12559573,31.28671901,122.05372598,34.85428457,7.08669921,6.6613274,VIP
97.18624878,40.60217225,173.92870747,31.29576386,9.96352333,7.6834655,VIP
64.61846592,32.82907475,146.67909442,66.43560525,5.36399302,3.57851667,Business
102.64154373,47.63493067,193.58845358,65.79068771,8.64217021,4.30555473,Business
53.44777951,25.42359517,116.68201063,10.21462794,9.2550119,6.2198298,VIP
104.52481763,46.29032743,225.99319589,70.39941245,7.53101412,6.4140857,VIP
54.82308647,25.87778565,107.42899356,47.53399454,5.00808419,4.15649531,Business
59.21525725,20.60237737,137.89834312,37.2060054,5.55710462,5.62607181,VIP
90.62186577,37.16085491,164.83167086,23.12950587,6.8958954,5.53316622,VIP
52.27375981,21.61217434,96.51322153,67.39716487,5.57435201,3.53470502,Business
75.97125965,28.33615212,155.38922765,5.29469113,10.92897681,8.28422775,VIP
31.07073676,17.98522572,30.94297367,35.38045259,8.22894155,3.87581667,Business
36.06165428,8.65190814,85.68606381,49.91491406,4.74043768,0.73550276,Individual
99.12012302,42.76300656,178.89509219,57.16565776,5.82182282,4.4101657,Business
116.95730942,50.45489241,246.88104507,37.1771249,5.05592517,5.70151181,VIP
68.93818202,29.47009305,127.66022612,13.40699619,9.80355381,6.80303997,VIP
33.06278784,14.09597373,95.70040392,55.74571265,7.03474096,4.41645302,Business
72.02489752,25.50719308,123.26823119,68.7185331,5.25548632,4.97201058,Business
115.16390106,47.90662731,225.71513607,4.25279099,10.79211218,8.51708433,VIP
110.85010705,44.01637538,227.5985251,15.32814052,9.69731885,8.45763812,VIP
88.20449766,36.34622914,167.58548929,52.73516043,7.98913212,5.07449535,Business
114.44619469,44.28464056,237.65742243,4.42175271,11.28508099,7.45129207,VIP
78.02874757,32.65609155,184.58539749,59.55398524,5.85614043,5.12869331,Business
20.1195064,13.30096649,51.02325422,1.78463261,8.08450129,3.80630584,Business
110.87731953,42.33141189,236.68962596,40.29003292,8.18119684,7.94397864,VIP
41.08691824,16.87080449,93.04365737,30.97407394,9.56600555,4.41228767,Business
21.33331988,8.4595812,56.95041082,17.14982833,11.77565383,5.22461928,Business
61.86067146,22.52157996,147.45941465,42.34829888,8.12799133,4.98456046,Business
106.00448818,43.44197085,190.54178078,21.90159929,8.05609541,8.24836825,VIP
53.98872066,20.61135713,90.54113435,15.91946276,9.48970839,5.43722056,Business
51.79061135,19.01205302,72.7031045,2.35460499,11.17475507,7.52836265,VIP
52.37608033,18.85291054,77.44417512,63.21352166,4.77721728,2.8606841,Individual
64.75742669,26.65846712,124.17046661,37.05294143,5.63201403,4.89789777,Business
95.20507098,40.40660752,190.38052685,25.78176524,8.93576867,6.9791424,VIP
81.79033098,37.60420449,168.29197635,13.91469821,10.96250475,7.50537678,VIP
41.27489897,12.15200258,80.63951015,30.53855085,8.32594143,3.77825014,Business
54.12372693,16.02452225,123.50758945,42.23877251,7.02077667,6.55489238,VIP
69.05814723,25.30018689,155.75572871,10.30653401,9.05554858,5.73790555,VIP
92.6583918,37.08070264,186.49220277,17.30922338,8.32428879,5.25028054,Business
111.46489458,48.6324628,214.19152049,62.34046456,8.76963862,6.88436393,VIP
80.33340027,31.95239642,178.55450069,4.42656048,10.17385399,6.71254898,VIP
56.00191246,19.0263805,110.73644397,57.24684309,5.4837299,2.729368,Individual
117.94509556,39.93152795,203.63631377,53.90656432,5.14894704,6.82971399,VIP
35.9960846,14.94372093,73.80053864,24.07807071,6.74176242,3.01691226,Individual
107.72455942,35.3167566,204.36541451,55.79760385,6.07171398,6.04300903,VIP
57.79435171,27.85320094,132.25747567,49.45734155,5.629484,5.27762328,Business
114.73546076,49.81422594,213.82791918,56.65557312,5.34427721,4.73200988,Business
37.20947406,17.0896582,76.2933904,70.08980253,4.88876974,1.67470159,Individual
58.34782295,26.53466413,109.5699309,38.80068331,6.25652493,3.16869616,Individual
26.5186939,14.41129821,37.6744299,54.35617807,6.3435882,3.0794146,Individual
110.01206864,41.67822085,241.88803438,66.28217813,7.07926912,5.95689357,VIP
33.02612629,11.01637414,52.96037269,13.1329833,10.84721193,5.0575491,Business
78.39314723,34.11003387,126.08747418,5.87377954,11.46287225,8.19118294,VIP
42.21099942,18.98264479,90.17897948,11.15745161,10.59740217,5.12678504,Business
115.2685564,46.2922582,242.26310528,63.86475655,2.59139727,5.38560517,Business
86.94497406,41.36352747,179.60884456,12.17288955,9.67098951,7.47094629,VIP
65.6285485,28.9004436,153.84931162,36.77234222,7.62357571,4.29420753,Business
23.00044035,6.73446147,45.26265979,46.99700082,7.98872791,2.74606131,Individual
31.319692,10.84503395,59.94193167,16.04697941,12.0,7.11306316,VIP
83.86200211,44.92923217,162.87000997,59.37755599,8.12298847,4.4852276,Business
65.89273217,29.56640253,142.11179265,66.96406241,4.33688508,5.3647505,Business
94.06121937,39.11213778,180.38284132,8.05502439,8.52365367,7.61944472,VIP
83.52181732,29.68789427,174.11589874,46.40971442,8.16832216,5.18177159,Business
24.38206736,7.28324889,61.44162173,58.28112704,6.90781993,1.81170963,Individual
23.24722486,9.97515568,72.81152712,50.27232379,6.14601895,2.70543178,Individual
47.75819555,13.73006847,107.78218473,20.46030057,8.67821078,5.30846605,Business
76.86089744,33.36752512,170.38407579,48.81740557,7.43227437,6.48031001,VIP
38.44736254,11.98148338,65.02226263,35.12522908,6.92536259,3.93941558,Business
67.25045503,28.93681987,146.04086001,68.43525518,6.08528364,3.64392244,Business
92.97480769,41.77279392,188.87268244,46.65559132,7.85966774,5.01520584,Business
61.32900009,25.63706792,119.62977724,66.86989858,7.2013459,4.63512864,Business
30.21290612,8.72751683,20.0,9.73846086,9.92539517,3.45393432,Individual
66.43460462,25.94456318,130.64823641,52.1316942,8.08463291,4.601517,Business
86.40622983,36.06288456,170.50314104,13.25480347,7.00785511,6.63767763,VIP
117.21587717,49.94933468,229.96874972,11.33110465,10.14221551,8.51163466,VIP
112.41421738,47.61289801,211.315748,50.16912899,5.35129235,5.74388803,VIP
98.06555739,38.06507919,199.88820347,2.90754539,10.42988649,8.10289119,VIP
97.18102876,36.46872927,218.88274738,10.78358614,8.86020768,6.34617834,VIP
85.09231629,41.22692901,152.44507241,24.6448781,10.29549188,5.8326143,VIP
51.19589642,20.97600277,68.85459915,11.56442665,8.46905645,5.94655996,VIP
45.42367832,14.12094414,90.99367262,50.43145371,9.4344738,3.48086588,Individual
81.46509104,30.69516942,154.20122291,67.89756775,4.63986061,2.87320606,Individual
57.22672701,20.23683338,131.06768588,39.91831618,5.1123902,3.75704628,Business
68.15519804,29.0197013,142.29831218,37.26850925,6.84415865,4.24202233,Business
81.69919179,32.89049135,154.64815949,69.35571357,6.51862326,4.18317497,Business
28.1597114,13.9411382,53.558351,21.74138601,5.97529449,3.51535989,Business
44.94618902,22.96669609,71.1713198,4.34903283,11.12818244,6.23334451,VIP
31.93332189,9.8933697,76.4419951,4.13517916,10.26088003,5.95724061,VIP
41.17191527,16.23570853,90.71825062,33.84608781,6.83971173,3.43938568,Individual
111.4507218,41.58828078,231.99887084,22.28308707,8.98714356,6.19432125,VIP
89.1837996,37.6712608,197.01709995,18.92211923,9.32123289,6.01514129,VIP
59.30654487,25.56399029,145.04749206,17.97933367,11.08718211,4.79234842,Business
107.69942001,50.15662846,218.54323952,23.67625706,9.70349268,7.35328074,VIP
40.75665731,11.42005731,69.36953473,60.0306331,8.08441744,2.76183809,Individual
87.73449692,38.5422439,172.10757383,3.99938814,12.0,9.06609507,VIP
97.88294366,38.6128018,194.50050416,68.57746695,2.81282855,3.62810601,Business
57.20412189,26.50185797,100.99875535,19.58047802,10.18043986,5.55746603,VIP
53.57265198,24.44774184,122.53529284,66.94670049,4.39036212,1.80243093,Individual
55.57221761,23.12515808,107.92968464,55.01571217,6.68922118,3.39725329,Individual
59.64516772,23.24618652,148.43852314,30.65041873,7.66372876,4.08846547,Business
32.97940918,15.56412312,58.2632283,10.7055746,12.0,4.19792277,Business
66.15501961,28.78229843,149.2554428,52.4308965,4.99256054,4.24267294,Business
113.53776246,49.46567035,226.20984055,65.94951641,6.24395582,4.73433965,Business
81.66815535,34.88562836,172.67090766,62.99947383,5.34934218,4.70943863,Business
89.98716321,34.52088139,159.78687909,40.27692335,8.01891836,6.05018015,VIP
56.55436547,29.36233017,140.43765041,59.59562446,4.87358344,3.45482519,Individual
119.9530603,47.81228776,261.7945492,30.96999364,9.4534521,8.23701206,VIP
98.41818435,42.80702647,202.07101882,5.08443833,11.09534572,9.41078117,VIP
75.31051459,33.76115854,155.08693922,51.89064888,6.1870044,5.08234286,Business
59.86138368,26.68463896,124.07943486,30.28345359,6.90344794,4.11170177,Business
68.52471346,25.05597326,139.78597655,10.01057311,12.0,6.81422515,VIP
68.51087847,31.6593642,104.72086585,13.3502065,9.28464579,6.70830643,VIP
115.7208611,52.28956548,215.8738057,23.8484752,7.23258633,6.59796226,VIP
117.13910919,51.03458764,241.41103972,6.82508085,11.71351766,9.10528138,VIP
101.55473285,55.08217104,204.25123498,61.65082242,5.11860358,4.79769235,Business
109.14514337,48.79699114,226.4333177,51.48316436,8.74416739,6.18720456,VIP
113.68238819,45.0643746,223.41698584,24.67049769,8.65621121,7.70392408,VIP
109.23483187,41.47796569,207.78848905,20.37050776,9.37511504,8.07900058,VIP
22.93296762,9.61861829,51.68174042,44.23172751,9.90530969,3.44201673,Individual
76.89258565,31.55334214,167.54476955,9.7193847,7.76007891,5.53021787,VIP
79.18775951,33.87719019,161.11866773,29.17834097,8.76350629,5.9286582,VIP
28.75864558,12.66188631,69.39380632,2.57493863,10.65433205,5.33819631,Business
85.29035415,34.90820238,192.20983271,55.45251262,4.28174189,4.07712119,Business
72.9199359,30.08510268,147.39537044,32.06409441,10.33394155,5.3900802,Business
89.90552731,39.30323497,189.88132175,34.72131401,7.94684867,5.78817106,VIP
68.53785112,26.02488851,134.73540795,24.98323559,10.45095221,6.12347285,VIP
84.89510439,27.30790864,162.55844845,51.52024465,6.29907582,4.32655451,Business
95.17284899,42.5052578,171.08158286,41.84475489,8.09793509,7.04578747,VIP
52.46939115,20.40559428,116.21798342,39.3285768,9.52831001,5.69449238,VIP
91.61855441,36.08787913,159.74140546,62.38034885,8.44499011,3.98231572,Business
25.11909604,12.05761757,50.41046994,15.10423888,11.70262583,4.73457383,Business
70.33628217,27.91068613,134.36058652,7.62043465,12.0,7.33775436,VIP
92.7670106,38.99477027,176.80941545,40.75833254,7.74511213,5.27570509,Business
91.90350276,41.21858281,180.42132899,64.37001954,7.16036231,5.55772599,VIP
25.34051398,5.95805465,50.89161714,1.45015074,8.75248615,3.45656122,Individual
53.12112127,25.51285921,104.86697322,22.80116701,11.32105562,5.17302004,Business
27.27582984,9.63276636,66.04376371,71.65540346,4.29869015,1.99130981,Individual
112.51940204,44.82707829,227.8728917,15.32414109,9.66966093,8.88180426,VIP
94.3051505,35.54379706,172.58641888,31.4393893,8.27690403,6.47982737,VIP
93.30209939,43.68525845,181.36194598,25.88136313,9.32104125,6.93668316,VIP
118.07910149,53.27562286,242.79812858,6.55382603,8.42039001,7.88191303,VIP
111.69391644,45.16928254,191.03664759,22.7747138,8.36347081,8.35642292,VIP
103.78230964,45.08325422,201.74474259,29.25463081,9.56755769,6.7929251,VIP
55.23273612,25.69721288,125.35096486,27.70151333,7.54616465,6.23908782,VIP
69.31686062,23.2042272,145.45352359,41.28913846,5.69161393,5.04218573,Business
25.04850765,14.12243888,35.20976422,3.17569578,9.34045553,3.73666038,Business
95.9410997,44.912462,187.81078187,10.40472071,8.31109371,7.22825349,VIP
71.90658562,31.0187153,132.7378318,8.95163679,10.07832843,6.07532205,VIP
70.09172448,30.75424658,137.12903276,2.17583909,8.80244627,7.13403705,VIP
119.84719392,49.48556637,259.92040678,34.00938785,8.38010011,7.2424567,VIP
72.57902202,28.34312857,131.80766208,17.11825727,8.71152576,4.80380973,Business
116.95393747,50.09798656,226.24807856,36.8558917,8.1477176,5.17867089,Business
30.24943905,11.51279038,51.20771471,7.88108473,12.0,5.02263777,Business
105.03426785,49.01483539,220.35041886,57.70147678,5.63818756,4.56945873,Business
29.18849087,13.85585327,61.43221407,8.76796308,9.86393465,5.58822638,VIP
106.72563221,54.27006696,248.06578119,44.51848322,10.08506952,7.11276478,VIP
78.05814634,33.59761538,162.65925141,66.09244699,5.20707833,5.16839139,Business
29.20478551,13.24183766,46.66240649,60.69010234,3.13004569,1.40204905,Individual
36.20925131,13.63522771,71.58760225,2.66699436,12.0,7.42247896,VIP
69.23797511,34.42257672,132.89592478,27.92693861,10.97607018,7.67534751,VIP
95.01573807,45.56021192,167.13916566,40.11857912,6.33835912,5.50771786,VIP
63.85769823,25.99312026,120.79938795,9.72757151,8.27873077,4.87152808,Business
106.62348354,47.73134257,215.34123216,12.17105179,7.94965931,7.39157997,VIP
96.60872942,40.28732063,215.47313496,1.29922898,9.89171937,7.49055751,VIP
51.52562779,21.46199025,81.69568753,35.4083814,7.69145615,4.70879916,Business
117.8537349,48.43157255,235.93585945,55.77495373,7.69681993,6.87561407,VIP
75.8886068,34.38080178,146.50909688,65.28364556,3.99147804,4.54744257,Business
73.27582426,32.72751304,136.60889552,68.34937777,5.12758321,3.42897029,Individual
85.66769718,39.9528901,175.7317243,51.47904139,6.93076848,3.80833728,Business
80.70416522,30.45383969,194.1509051,7.92575881,10.06303566,7.61885637,VIP
54.24627678,19.01035454,121.95075697,27.39014195,11.81318143,5.95162012,VIP
54.61140335,24.12562086,118.07209928,26.74261146,7.87696747,4.06019854,Business
44.10367436,23.43253536,83.80757264,12.15289385,10.14190096,4.89856605,Business
52.51197763,16.49226697,89.49334681,62.48076274,4.70287471,3.28393216,Individual
100.29158496,45.83004502,194.35529758,56.64025141,4.04257346,5.84496769,VIP
23.49531453,6.69241766,37.48537572,45.14169794,5.9236927,2.12935877,Individual
79.92421542,32.3029018,168.15116823,50.28622095,7.15492422,5.94272864,VIP
64.76640043,29.82301943,130.62020977,28.09446733,8.65189584,6.84475503,VIP
96.70055472,39.29076803,187.58283859,42.71807832,8.55554865,6.51055293,VIP
43.41126662,13.48373932,84.13308816,30.6924031,9.38649369,3.52803282,Business
90.90355684,37.25292979,182.56422858,14.23849256,11.16692711,7.98470253,VIP
104.97686612,41.6150115,216.5253476,54.08930346,7.64592337,7.16119043,VIP
117.42739561,51.58573309,244.21482281,57.50810042,5.82696123,6.12712389,VIP
83.01980919,39.21405473,140.06099899,59.5629087,7.79513431,4.98681557,Business
89.40472152,36.70444625,144.45336051,67.6193784,4.92290565,5.60103312,VIP
20.8977132,10.47441653,53.61343097,48.97524126,7.90939396,3.69941349,Business
37.94486201,22.57782039,84.33127107,19.16157173,10.39764109,6.47152376,VIP
71.162038,28.42171955,158.41192915,15.22211629,11.33523803,6.95791897,VIP
113.38238646,54.8570393,226.49444936,57.15925178,6.28634374,4.91197617,Business
99.56809629,35.57028742,181.70087896,16.27746037,11.64877681,9.07047368,VIP
74.01467699,25.68594868,166.35379233,6.5488468,8.08649932,7.05221164,VIP
32.58765644,10.3031561,55.34809195,13.61542694,10.80122559,5.16437254,Business
76.92117622,31.74315741,161.12771028,6.56404164,9.49395837,6.69912684,VIP
29.86836308,13.57700117,56.83575322,51.0968451,7.87025591,3.6950299,Business
74.14156365,29.6351632,133.36549215,5.67028517,9.94324144,5.75445906,VIP
38.53582743,19.7863192,89.0511521,34.32595484,8.97875661,4.36402022,Business
113.64081716,52.33041209,235.95840762,49.47212411,8.83440768,6.45814806,VIP
42.66811765,15.03600055,82.98917383,63.89762968,4.89014597,4.29732237,Business
75.34124112,33.25014767,141.94637594,4.84771413,11.96286478,6.46190586,VIP
107.40719773,52.77634922,202.70276441,48.8682455,8.2113069,6.44771616,VIP
83.84786451,40.39331159,153.8065181,29.79361937,8.45576989,7.13790553,VIP
89.56215792,31.76209629,183.17928163,32.21225041,7.75015774,8.1363546,VIP
95.51543935,42.96822921,179.79771164,27.92894785,8.77646498,8.10484754,VIP
107.67769436,39.97193731,212.7912134,44.35614348,8.2199525,6.45832671,VIP
74.90271218,34.38607504,150.30378542,13.59669335,11.55324789,7.76588872,VIP
102.18363174,43.1749697,197.08735801,43.76878559,7.90279747,7.92157237,VIP
89.24211698,37.55379796,181.95851968,10.86270102,10.08767308,7.49041448,VIP
48.29565096,19.22400748,96.03126049,37.33617858,7.40356893,3.79483519,Business
38.50809425,16.65683381,67.43973234,21.3702628,6.96763482,4.0500508,Business
109.82730425,39.03699657,233.63400958,43.26602947,7.78382176,6.017075,VIP
114.84360942,50.17310687,227.57141387,51.59641297,5.41049243,5.04256511,Business
29.64570721,6.02440202,49.5409573,63.42832781,3.86337298,1.86488946,Individual
32.63580753,16.03397072,60.07409884,6.14664742,10.82045669,5.44699579,Business
24.53882324,13.60069363,43.21937382,23.1311757,7.61357534,3.30650177,Individual
90.94758256,38.27267921,188.16942563,64.91115575,2.65328078,4.75788209,Business
80.93592558,38.27877796,167.5698396,59.17879504,8.0333285,5.73178328,VIP
43.48565615,15.46614591,92.85130995,29.11392436,10.53454468,6.4789626,VIP
86.60913,33.62880603,182.96366595,8.46095469,12.0,7.83652411,VIP
81.19448903,34.63460525,138.87859175,6.17605946,11.5458239,8.09886799,VIP
27.12818579,7.70153632,61.86353014,50.37121705,3.96279413,1.68463655,Individual
106.63656549,44.99917978,228.17334179,34.63015617,6.43468705,6.99203338,VIP
80.81399091,36.45529451,142.74687977,49.05045641,6.71965013,4.44512231,Business
62.48233714,31.28242285,129.36447208,22.42049374,11.03685513,6.79941052,VIP
112.40995709,48.29648671,221.56821421,7.26105518,9.26716172,8.08907951,VIP
106.31691068,43.04983322,226.85636044,21.21661732,8.74487456,6.38059347,VIP
49.55382956,19.23013147,100.49979041,38.16397007,6.35805746,3.22061565,Individual
61.60884834,20.34063394,125.66889713,38.73460277,7.89228836,4.82555121,Business
80.55589088,29.87561928,158.90312927,71.06074681,7.06734334,3.5691602,Business
108.62851924,35.68926056,220.22759816,25.58594407,6.2415899,7.0296668,VIP
61.08368995,19.92472363,134.40226178,57.33740739,7.39063079,5.34722802,Business
59.79565733,30.81027861,109.5176876,12.28697618,9.14930177,5.63888947,VIP
47.53137934,15.37021771,91.34839561,3.74676831,9.94335316,6.95198632,VIP
60.13527686,29.84970553,100.00273507,23.41995848,8.27165094,5.83484143,VIP
48.04297773,24.01122468,82.42077142,50.09918119,7.62994938,3.16541998,Individual
20.36372226,7.27033053,31.39873476,63.97095161,3.94819503,1.86605563,Individual
81.93080506,37.6630367,162.20477786,17.35153986,8.30235917,5.53279073,VIP
69.54215232,28.90338234,155.22138258,13.67417016,11.01537081,5.76492684,VIP
65.78267386,29.43494024,115.20748258,26.02436745,7.90676644,4.75196395,Business
77.01175691,29.09069756,134.00326337,61.64596362,4.95859526,2.97371879,Individual
55.95108373,23.47864147,103.62065189,27.28198604,9.61240915,2.91696876,Individual
116.985994,53.5719105,219.0336679,41.82268777,7.34742908,6.93010328,VIP
118.57676958,53.4203738,233.68622467,42.13347176,7.01383944,4.79876339,Business
117.84531746,53.1063041,215.98322805,11.81456099,8.95792648,8.3228717,VIP
62.38280754,30.88716725,106.82861231,10.54455726,11.66587238,5.89984542,VIP
59.18166042,32.38518702,126.3192936,49.02689076,6.0474826,4.45891019,Business
49.86797434,19.25183587,97.06630566,53.57397719,7.73445004,2.99038848,Individual
55.84013032,23.83865923,111.39492985,38.94186658,10.50001923,5.896903,VIP
47.67966522,19.02134068,99.86341667,33.39434108,5.54070942,3.58349709,Business
85.93274101,41.35085389,159.59746865,58.66717679,7.98403489,5.02266265,Business
97.15826024,36.85901321,212.94079689,6.1684788,10.60998104,8.98727204,VIP
58.31985508,19.29979249,142.88625256,47.19472286,5.84339589,4.8003296,Business
76.69606241,30.53335437,171.13310849,4.6794214,9.35084738,7.13572051,VIP
24.5604002,11.28446099,35.97311993,49.07239307,9.88645983,3.65751992,Business
20.08683468,9.05630347,25.06961763,30.04094836,9.28827185,4.28241077,Business
69.81735765,23.04182761,174.64029125,36.95696019,8.52815063,5.13209412,Business
36.58830207,12.42753684,50.51457015,40.6466454,9.49366583,5.4671366,Business
80.61201621,31.91699776,167.8173858,41.13246391,6.73893454,4.6596188,Business
62.9077882,18.67246311,130.68593715,61.10942146,7.60171379,3.79324555,Business
78.54855284,37.47572388,128.02893678,12.71470408,8.94445567,5.65751429,VIP
49.37668254,18.87237519,92.44567177,61.15602007,7.86501454,3.83578365,Business
115.91037173,47.15293344,246.34202024,41.9222183,6.258145,5.9498663,VIP
30.8802521,16.13363335,75.93987098,54.19670645,5.26649218,2.66050015,Individual
95.42589395,36.14525261,150.1581891,11.24061685,9.49362258,7.59723831,VIP
25.91965867,18.364858,67.78908105,38.39480788,7.05566733,4.22978337,Business
26.94425522,16.41026099,46.24052575,32.13775214,8.10463244,3.71643832,Business
95.65481885,39.89802007,200.36607454,46.86130701,9.35985152,6.83146061,VIP
103.76044647,41.92975602,215.93140002,31.5637487,9.64867591,6.94894322,VIP
26.14444877,13.20708099,54.8966558,57.69582851,7.26645528,2.23287599,Individual
94.12825811,35.93721129,177.79558609,22.89499342,10.2629228,6.53222178,VIP
44.89780338,15.65793305,92.60841566,20.36279522,10.40143347,5.05506766,Business
61.26618409,22.67030029,91.25929435,67.68558785,4.69282156,3.38513881,Individual
48.93247362,24.36085096,100.98241145,45.28589312,4.64449216,1.86185544,Individual
92.5932817,33.48698936,210.81263122,57.15132726,6.73390783,4.47815512,Business
58.85940213,27.53845237,104.44569915,23.78792471,6.69298131,5.87503069,VIP
51.96728702,22.12424654,112.68764399,54.73934979,6.98146883,3.49795358,Individual
33.12087169,19.38056937,70.19733022,64.71866828,5.55438257,4.15924035,Business
86.07107661,38.8077685,141.01308376,3.45767938,10.69097824,6.07661763,VIP
69.44743356,36.99831759,151.05416108,16.99550532,11.25391471,7.01685297,VIP
97.29086712,36.64578085,208.90142388,61.8041674,7.75981212,6.51786257,VIP
87.1571796,34.46562854,182.64158419,44.08430222,6.70856266,5.16271609,Business
30.10008247,16.0105645,54.35608546,2.21916768,8.41102875,5.74602759,VIP
112.80849637,41.91525373,220.87657291,71.4787806,3.71419085,3.51284832,Business
92.02696831,35.3210854,182.94568739,63.89990635,2.89583851,3.90861073,Business
21.49593134,7.32215877,52.05347056,67.77628441,4.38146883,1.2165838,Individual
32.68585485,7.68739278,63.90926903,60.40436402,6.82404053,1.21126941,Individual
62.26864476,28.97456504,114.70462382,46.73036973,6.2719311,3.80513868,Business
89.53746429,35.31745152,170.18268441,2.64074215,12.0,7.72635746,VIP
119.28984557,47.81703645,231.7347105,7.230021,11.03058845,8.52092153,VIP
90.66825784,38.14463745,171.46785237,49.38996864,5.96730817,6.22305736,VIP
117.67706057,43.70503599,248.85294179,53.99665338,7.54320923,5.6285802,VIP
97.56348131,45.57687728,191.51295076,21.23898246,7.61089067,7.53591043,VIP
22.31241521,9.63464349,34.19681053,32.73183402,8.9099135,4.51657838,Business
45.02448357,20.89303941,112.87614126,30.15462165,7.33321287,4.94434178,Business
82.37938954,31.63558169,164.64757805,40.67611078,6.23140462,5.61059972,VIP
118.42833652,50.52366358,252.29431224,1.68940503,12.0,8.93089807,VIP
40.50431886,8.06750621,63.96554736,7.17488363,7.88165424,5.3336357,Business
89.14020703,42.69982038,174.45980312,57.28865225,6.47426104,4.67460143,Business
65.59579138,28.9476706,150.19912407,1.98979114,12.0,6.32835983,VIP
67.81549933,13.97076108,117.78053292,3.96114802,10.45164829,5.90206184,VIP
58.91135188,27.41746,118.20716723,40.95458467,10.69451489,4.53000688,Business
76.86355568,35.12405342,176.68310566,54.50509671,3.99732196,4.20295537,Business
112.20071038,49.40620332,188.31479114,3.96163012,10.10777963,9.87095475,VIP
104.09697472,47.08160075,219.80173801,28.48401711,7.52139412,5.61532168,VIP
105.55561778,39.92314789,201.70737658,4.42825021,12.0,7.46552305,VIP
101.31037297,43.98665946,198.62794328,6.5268253,12.0,6.66151688,VIP
25.69386505,7.44504827,88.5352929,35.18757153,8.38411865,3.10688777,Individual
74.82987513,32.52275405,147.84550797,29.16977198,10.23564921,7.02257214,VIP
67.52065987,22.66711599,123.13304847,20.55163893,10.16143918,5.54315678,VIP
92.69201091,41.74491451,217.77021402,5.99813427,9.486925,8.19179018,VIP
20.41775428,11.99431693,36.2110334,21.39459751,10.92291536,5.18607957,Business
119.89078817,55.31408326,222.19491648,45.74409788,8.39798689,7.58637021,VIP
69.7988798,30.48484439,123.36153547,63.49664561,6.26374311,3.25307041,Individual
49.26035544,21.94498551,104.46924393,39.28838481,7.44548231,5.35547303,Business
41.67903318,16.91131379,96.31387649,56.43885101,4.42557022,2.69515795,Individual
105.38463276,44.07053869,195.26659729,61.05166736,7.15644728,5.50580694,VIP
86.12856494,37.23212932,174.44750417,33.17876303,7.3389359,6.55534503,VIP
94.56071991,39.39755464,199.83021773,24.51169336,9.55081539,6.93571425,VIP
117.06668394,47.6108731,209.61213378,19.91674174,10.13809177,9.02054715,VIP
88.96462004,36.70599275,166.1359506,32.17037971,8.44580925,7.02816487,VIP
46.87844372,18.93183867,83.32782291,47.04866194,6.39291356,4.69405061,Business
75.80404557,36.69905452,155.64351805,23.05633305,11.67582734,5.88531877,VIP
26.71128352,12.42652946,77.89902919,50.4367117,7.31343644,2.5763565,Individual
103.61293999,42.25556308,210.88759883,46.38126646,6.64464153,6.41609508,VIP
84.07089593,37.12360234,157.44258526,58.64827743,8.16538206,5.34080071,Business
92.58463739,38.01857031,171.86773846,2.63000935,9.09404245,9.042475,VIP
79.68657087,35.40970841,160.53966062,27.48123399,9.82935553,7.57372854,VIP
100.1010826,40.83770869,190.61524352,64.32143128,7.28665248,6.09139708,VIP
116.91548194,53.0301552,241.03110097,28.38108654,8.28272826,7.15794699,VIP
51.39039954,17.03836383,112.03349274,70.9903156,4.9843126,4.01609421,Business
111.44575228,50.30714191,246.77343755,40.34549379,4.9262725,6.68647755,VIP
60.56418836,21.82605575,107.47462058,43.64340997,5.18859857,4.77949091,Business
81.70372138,33.60428606,161.79788692,29.05884329,9.76014954,5.18648261,Business
108.60284151,43.98500543,198.77910969,55.74939791,8.12904172,7.27295304,VIP
30.13658868,11.12525184,93.10105837,21.34880599,7.44662894,3.75379063,Business
73.58002382,33.27309049,159.21037972,58.43949723,7.1870726,4.64159459,Business
87.09142511,37.06573918,173.55868192,65.06425249,1.55397852,2.77588849,Individual
47.36282148,18.50929031,102.3759168,23.80476381,8.90695709,5.87067702,VIP
36.72327632,18.73790906,87.72095573,6.23165021,9.48988703,4.96046178,Business
93.93624365,36.70173254,187.68453459,62.74445477,4.91012089,4.70761547,Business
43.88359352,15.93080699,109.18561291,66.34128581,4.90221326,1.96753182,Individual
65.01101581,25.23181466,118.97424271,30.93957813,10.4696976,5.77792809,VIP
26.92400482,14.3020602,29.13283998,15.40303025,8.36917026,4.57928741,Business
63.96814948,30.77761902,143.43809092,71.14292015,4.16934449,2.81655091,Individual
85.46683701,37.98650438,177.59338146,50.9614746,6.48867073,4.60728961,Business
82.71686504,30.36901282,161.22951034,39.73223848,7.72237708,5.98059529,VIP
103.08820398,42.09129315,189.15964868,15.79927064,11.15826713,8.14982956,VIP
64.81743199,32.86445809,144.38142226,61.7137197,4.64352884,2.88501467,Individual
68.1507607,31.28862457,102.34527789,42.48028342,8.56199596,3.84007773,Business
65.80927281,28.90909108,142.2110984,18.12853763,11.99020986,6.12350889,VIP
47.877141,16.3525749,123.02966722,26.50961629,6.38248711,4.63870545,Business
27.86622643,12.25105559,62.97984412,29.24483889,8.09730941,3.42366797,Individual
60.75460885,22.77448503,124.60278318,64.77344444,9.21881859,2.80244068,Individual
93.10842297,42.61279214,191.47078564,26.17218072,8.98126149,5.74572433,VIP
113.11422112,49.17723219,233.62637381,49.70966909,4.88443826,5.83682968,VIP
77.36553259,34.92786674,142.46365269,40.96564856,9.16470743,6.50103223,VIP
64.25650916,21.84702433,119.46602153,14.96836938,10.32551607,5.64237755,VIP
69.16261348,33.15434875,148.01127636,5.79418633,9.60771168,5.57614386,VIP
21.90355794,12.54040811,26.73852627,39.67318341,7.74645553,2.34547316,Individual
119.14797454,43.5545995,240.70323122,56.64734761,6.09869137,5.06236689,Business
59.74920617,20.49324407,115.44336249,47.46598727,7.43408163,4.32631059,Business
72.07701707,29.80655192,114.19027518,49.13177,4.89913776,4.14031414,Business
80.00713238,32.14086374,151.35040895,48.51356144,7.58144128,5.05177668,Business
67.84755499,25.46103977,128.00103074,52.03971941,8.01039355,4.59361915,Business
119.37348378,44.87967195,260.21205728,50.75803115,7.55536299,6.43452123,VIP
43.54577852,25.83041542,78.71589043,6.20808715,6.89531968,5.07907614,Business
112.76020037,54.36238838,231.81300903,12.76246862,7.13269169,8.62321334,VIP
23.65302491,15.94688904,42.93417543,32.69712575,8.1154067,5.10317433,Business
92.1189715,36.97307554,165.5022582,12.24029169,8.63164721,7.49556703,VIP
40.33480707,21.68151018,100.09713944,21.98271127,9.40935817,4.26744819,Business
43.72231958,18.73167978,107.67896923,54.25725664,5.45526617,3.51059434,Business
45.37407521,22.00935421,89.84759553,45.2167619,7.75494542,3.89668996,Business
100.41598547,41.02681411,228.22659849,46.3415396,6.39890939,5.94060674,VIP
80.11146845,34.71388756,147.35193917,51.74710405,7.2130191,4.88666093,Business
45.24284068,24.62228049,106.87425613,22.94584593,10.84809884,5.67789486,VIP
26.93729915,12.32235903,56.33922119,65.37178809,6.15271066,4.15664892,Business
69.79266573,25.83190043,143.3351783,60.73625992,5.57092948,4.86058947,Business
67.58439221,31.53039108,144.54841445,45.39891125,8.81650997,3.63220677,Business
78.28239212,29.5733063,158.71745746,42.03267597,8.07835848,5.09676395,Business
50.32712908,21.48916916,109.21825129,61.21369723,6.78332893,4.50146648,Business
99.60130472,38.04520885,202.5132086,62.14714523,2.76187698,4.72427272,Business
66.59358016,23.88636005,87.45153085,66.57778255,3.64246253,2.50028552,Individual
104.58309661,52.73264307,226.27462752,49.0367549,6.79143027,5.34094891,Business
27.42598696,14.78265257,33.67384067,58.80797745,6.03901475,2.58734597,Individual
66.51666391,27.28787847,118.57351683,9.46495332,10.15761349,6.5033854,VIP
56.39200685,18.47591711,130.52441729,52.78881996,7.10859928,2.15565573,Individual
72.2390896,33.87778433,153.85862733,53.42453848,3.15814029,2.8982164,Individual
82.43165815,37.55963799,120.22088983,52.66448712,7.98102571,5.34494514,Business
47.65154544,19.88465393,80.82067714,62.46541368,4.4756966,3.04111122,Individual
47.09633749,24.10084881,112.14113408,66.50378911,4.8823434,3.0356977,Individual
115.63420493,51.13984,227.97538641,54.91493734,9.52737392,6.30991908,VIP
34.02954744,11.52008493,40.9940365,64.21424771,8.82553299,4.17495921,Business
90.8569257,37.91582067,201.52835944,59.32120117,5.81625165,4.77385734,Business
73.79957137,32.72213555,153.61016606,62.70446742,6.67327384,5.42243343,Business
94.79031443,43.20538095,206.8356226,32.98514528,7.98488836,5.20029019,Business
41.09886952,17.59298357,96.45014641,31.05034664,10.37741271,3.89345621,Business
28.25989984,12.57843841,53.71121836,49.45890613,9.49299996,3.87411592,Business
32.59511079,18.71053586,73.3040134,59.27680497,6.92744823,3.1322016,Individual
65.0627462,23.60148937,148.25223106,56.01201524,6.84261602,3.66576005,Business
116.88923065,47.76928151,224.7601711,17.71846456,11.86737478,8.42073301,VIP
50.51220041,16.04237437,88.85733922,24.54553553,8.85064314,4.85588791,Business
80.01526078,32.37945239,182.52221521,47.76724435,6.533455,5.2300975,Business
32.08487147,14.37126679,66.63885984,44.15573625,6.22542657,3.24546275,Individual
66.35230467,26.41146423,149.07464899,2.80715187,12.0,6.82544672,VIP
71.70332803,29.42311676,123.79038371,66.82278121,3.39869493,3.42086898,Individual
70.62960112,30.76039374,147.33987336,19.13352309,7.85373344,6.40147684,VIP
92.18264762,42.94439107,195.72157222,44.45099335,8.86602103,5.63853267,VIP
46.43457875,17.25715409,88.31492772,57.51509379,9.03578821,4.1194429,Business
41.08292351,19.38045591,69.56010974,66.52120169,6.60990726,0.42066299,Individual
61.31467577,28.67924133,116.91236074,43.33683676,6.01617803,5.16435594,Business
112.38636365,39.63901933,200.87595058,47.50504672,6.63921068,7.00313166,VIP
79.85926612,31.49490361,163.8870527,59.64873109,8.29208556,4.38911618,Business
106.96470194,49.21988286,217.06911474,24.91726947,7.94291524,7.54924768,VIP
46.37501672,17.59756184,87.14511855,25.48528025,8.00598139,5.27981844,Business
85.25134644,31.23378482,175.83420576,55.73848404,2.06819905,4.39123536,Business
20.69171672,4.19860699,37.53808468,9.28619715,9.63457104,4.65647056,Business
115.0985851,48.39470535,241.8865153,63.32153149,5.53744097,6.93470357,VIP
61.28989249,26.97529932,134.97179931,63.44460315,6.26146552,4.63664437,Business
115.34499206,55.47317842,229.31110925,10.92991469,10.52879307,8.6199781,VIP
90.23893764,40.14574239,186.14737038,41.5510363,6.83113357,4.74196118,Business
112.20369211,49.00361426,258.15996739,24.00906163,8.348869,8.63712745,VIP
70.48299653,31.88890222,140.54078348,3.49473,9.9262631,6.81437352,VIP
93.24205754,38.56839339,168.70963929,43.94119608,7.54867005,4.73424274,Business
20.17358137,4.23317785,84.5184348,38.40456754,8.85039246,4.8924873,Business
22.32264115,10.3577138,51.69275891,12.76923688,9.62078396,4.87512537,Business
47.41494195,21.99397481,79.12380189,6.86363395,7.74347465,4.34543347,Business
21.85316185,13.5806912,50.92422238,19.14660554,9.32981509,4.4653934,Business
117.71652312,47.95376275,222.33284822,24.35175248,9.70051752,8.19675086,VIP
70.52686172,24.42010804,126.35081571,68.55059546,3.88978019,2.52324598,Individual
72.01059408,31.89371083,124.19767841,31.12882084,8.41051627,6.10230097,VIP
39.89654918,15.63061182,66.35041098,14.37960872,10.68022842,4.69574197,Business
92.86039427,41.17697609,200.90901741,51.87323968,8.48931842,4.7217967,Business
68.4456847,26.66406757,133.24814788,42.72527274,7.14490551,3.95631804,Business
67.27031722,28.201101,112.12999914,29.97906197,7.93625838,4.43566015,Business
48.30985387,13.56760883,90.80093301,48.82373776,6.16608772,2.81910495,Individual
105.92067674,43.14588294,222.11605217,24.02180708,9.52773643,8.02755324,VIP
61.51796717,22.29002508,137.5195475,8.1743488,12.0,6.55845401,VIP
33.20059524,11.0577538,75.31187587,26.18928702,11.02007582,5.28897884,Business
37.19800039,17.53223916,91.36396838,37.51340676,4.77462629,3.46986301,Individual
42.30809697,17.23350567,79.39826542,63.93026331,5.45679446,2.43130753,Individual
31.13044548,15.85711132,65.8083523,34.15856161,9.8986083,2.29724268,Individual
46.72727121,17.9185994,98.56397713,12.35688627,10.91469453,4.95409351,Business
61.26164293,23.33760212,141.66874812,38.49382831,7.55541453,4.77379597,Business
52.85456974,20.77008951,98.24263216,26.32778162,9.78643775,5.73960053,VIP
21.90337626,14.29068195,32.52708747,22.64649705,10.11053381,4.38457266,Business
93.1208805,38.82062874,184.48199368,58.36157531,5.95225983,5.31353327,Business
30.55547062,11.28945791,66.88839306,57.697852,6.16023816,4.06615761,Business
48.28938192,25.58151415,94.20596655,24.6409248,7.60698053,6.19129422,VIP
69.63973653,29.16499474,134.6135237,21.15955344,10.17512186,6.61039883,VIP
73.13061783,35.54750113,138.63350826,41.5338826,4.87192512,3.86115838,Business
102.2266298,43.91955158,224.854295,3.15208178,9.00759183,7.02582275,VIP
57.91889754,26.68671547,97.39278335,26.04462569,11.37470221,6.1399204,VIP
20.74128453,11.44204165,51.57726032,15.75177826,10.86981156,3.40032806,Individual
104.41909597,43.49803459,204.82061497,39.43311601,5.52751385,5.92071949,VIP
60.08346223,21.26350199,150.70978753,41.27207958,7.88735485,3.5226949,Business
42.32255925,18.90027204,79.12297368,28.73182851,9.45425038,6.62659753,VIP
85.96515885,37.49252081,175.51242565,56.20521059,3.59368044,4.08668437,Business
83.02159228,32.68482478,167.71889964,45.99673953,6.34795152,5.60348927,VIP
108.70358919,45.20112823,251.43122735,15.86943905,11.65174639,9.03284185,VIP
65.51788342,16.98868404,145.45088929,10.84833107,10.89846278,8.04015066,VIP
75.04034058,28.40442951,152.11469655,24.06190714,8.27476781,7.23504884,VIP
36.93425276,11.83816772,71.42355315,51.91644318,6.8196679,3.07705734,Individual
22.07028874,9.58876963,31.64417509,2.91016494,11.03230136,3.98817978,Business
81.04762502,36.43572558,169.918533,34.13575709,9.2966856,5.67663894,VIP
101.35758109,40.15596455,221.75540966,10.3789284,8.14383717,8.4131545,VIP
118.82719565,49.47916729,275.72776944,7.86477402,10.47473205,8.80913488,VIP
100.89082594,43.05763702,212.65617665,37.78465785,6.33264081,7.04336583,VIP
61.85447532,29.22196378,128.78798788,55.42679336,7.46332068,3.20630181,Individual
91.86892778,36.88975736,180.1576424,45.4833821,5.55961615,5.2188802,Business
72.30622624,26.5885134,134.3899533,7.08058276,11.46696922,7.68731372,VIP
38.55392776,10.36815508,74.07931026,25.73008583,10.89760772,4.43828282,Business
48.73085746,24.69461495,123.28475911,17.64947808,9.61209408,5.06399368,Business
93.17066395,39.50589249,189.20668826,54.54707337,5.30044268,4.52721443,Business
32.02597742,11.48767561,61.5403203,15.49550582,7.58289457,3.07326017,Individual
80.06158031,37.51410375,161.86155663,19.51203114,7.10884655,6.6696708,VIP
70.4063312,32.24029484,138.04846807,54.92643588,6.88958356,5.34808096,Business
35.31128209,13.94355972,82.7559227,64.91745567,6.2605117,2.75310656,Individual
31.17609625,14.60195256,74.59183613,45.74572272,6.57741652,3.93742741,Business
23.89084534,7.60470316,48.08212686,36.3796183,6.70334255,2.08899914,Individual
52.34114564,24.39970281,94.42480223,15.4439129,9.44917373,5.27301537,Business
113.87288105,47.05869605,236.41645473,20.14632868,8.48519276,7.37623022,VIP
30.44471009,15.70571349,57.63489148,33.58694931,6.95884248,2.97943652,Individual
80.76098593,31.12628875,183.43605124,61.10249172,4.15052204,3.78161024,Business
26.50527418,18.76419311,30.08914009,49.27578376,6.67647371,3.84601453,Business
93.13951182,38.24000795,194.07374318,45.45882911,9.12293343,6.67592063,VIP
96.73613099,43.45357043,185.91761974,69.08178205,3.01784189,3.21651043,Individual
91.72955542,35.00469976,183.79081919,31.64571666,6.08721493,6.29922762,VIP
20.17188421,7.02223541,41.84916559,28.42550674,6.4116346,2.82657521,Individual
72.01105609,30.19609374,149.40757032,63.82255114,3.83991342,3.52195516,Business
63.81450685,29.63027375,152.24992028,25.82972418,10.64372034,6.64472759,VIP
60.21401335,25.68704112,139.4882585,67.90848284,3.43183281,2.78668005,Individual
103.78781096,37.68030111,177.67844905,2.91281817,9.95694108,8.23913076,VIP
29.071956,15.80854027,78.93885387,45.11132815,6.24372015,3.05765211,Individual
35.58697172,11.47757761,45.65864463,26.966657,7.09272742,3.67633742,Business
117.283675,51.17499269,261.47091227,29.53908221,7.09815723,7.65150498,VIP
110.23261079,39.23543915,213.55220435,19.16986981,8.36404128,8.17389711,VIP
112.85293616,47.87655606,214.21397437,15.99732828,12.0,7.88673019,VIP
117.27722539,52.26495218,220.70798759,47.75080429,6.50384685,7.2470021,VIP
49.05349987,20.15718382,92.22894994,42.50230608,7.33567114,4.30642322,Business
62.45998654,25.59799003,120.27791583,38.45169817,9.21799609,5.03451925,Business
38.92656035,18.85603535,77.00924687,36.09432265,5.44174842,3.51088002,Business
21.65081291,10.47221644,20.0,9.22120179,12.0,4.4351089,Business
70.73743233,30.26196622,126.20688618,56.8896222,6.2185807,5.48176341,Business
35.29082113,20.08271562,95.28481908,27.24368639,10.15874899,4.76905336,Business
42.8424215,15.19741689,103.74958849,21.28360389,9.1986418,5.40595942,Business
41.36899204,16.86065808,97.85871325,71.89647047,5.48736864,1.81023138,Individual
69.3559951,34.38818803,132.67102917,55.98329491,8.24603989,5.58639642,VIP
37.58627293,12.95930528,78.66109021,31.28781462,6.55646064,2.3933295,Individual
119.88652007,51.97968853,239.15319419,70.02003344,5.75700709,5.96495257,VIP
63.28104748,32.3920185,118.51089161,38.25199475,6.91970544,3.17097585,Individual
98.56828248,41.70836225,186.05729998,9.72229129,12.0,8.48084899,VIP
118.13171216,57.00780736,240.92508051,64.53016502,5.4681377,5.44678463,Business
32.79905475,13.03834852,73.90210909,5.5224973,11.71217616,5.92690854,VIP
105.78934953,33.47848759,188.09382916,29.39334103,9.14440212,7.3088266,VIP
114.02157138,46.7316759,229.59263477,66.85333251,4.15447554,5.3269164,Business
104.01808837,43.27078965,194.28862336,20.88142719,9.0232914,7.21646764,VIP
24.2783473,5.02726676,61.23479518,35.47381127,7.94327544,2.84669198,Individual
76.11928299,31.59852535,142.76146441,36.42747519,9.20771211,6.27046641,VIP
112.26508925,55.14021689,220.07440366,60.50630033,4.60677263,5.17464391,Business
108.16725998,42.66490522,211.19328678,44.5301663,5.37594824,5.92524437,VIP
93.39340953,41.17923652,181.15586671,36.47768143,4.3057104,5.04668319,Business
102.38568631,40.35344652,204.49587939,20.365672,11.91094512,6.56814595,VIP
45.12889521,17.50699966,96.56098668,19.83427123,9.31343078,5.5024872,VIP
71.5712307,34.37279062,142.95516505,44.28987816,7.28292553,4.14957063,Business
22.34902666,12.75398573,49.73657079,18.123217,10.02449196,4.98697827,Business
66.56702208,29.25704917,122.53961117,42.32157065,8.42553548,5.23025631,Business
22.53943526,13.05450174,44.73978585,64.85825482,5.32215559,1.96954506,Individual
83.55485951,36.42168829,194.96365426,70.60875859,5.18054372,4.9745313,Business
112.77466653,47.40840959,229.17324453,47.45832977,5.51894899,6.31662083,VIP
74.78871898,29.32572233,146.30035218,41.31150095,7.70562113,6.34475176,VIP
85.70428677,29.74346335,175.85215377,59.04816431,7.88240049,5.15026914,Business
28.06343167,17.08935535,66.15209418,35.59291525,7.4713955,3.08806145,Individual
95.44616139,34.34957591,184.48737597,65.99566519,6.05746297,5.00670815,Business
111.78361323,44.86171249,211.30880389,40.95278358,7.54198925,7.25406301,VIP
54.74708136,22.28160329,128.29938093,62.70834717,6.42173143,2.86961655,Individual
40.8781963,14.17686881,112.23323278,31.6682979,8.28338059,5.30766755,Business
93.64639272,36.75903996,179.26295482,35.75572534,8.87907995,6.88103709,VIP
87.79693878,42.09920883,168.52919227,7.34569249,11.65485086,8.22481087,VIP
78.29968901,35.30175174,180.00805292,24.27163295,10.75633174,6.11395164,VIP
79.83555061,33.99077959,159.54814676,57.5000408,5.57507874,3.74473241,Business
66.69832887,21.04333297,143.07972835,58.42587378,5.52991534,3.99386483,Business
116.61795577,51.01685733,258.5693872,67.40851291,6.57420712,5.32288501,Business
88.06759311,35.91471925,179.9123255,44.41595308,9.70692141,6.16174616,VIP
118.55597611,54.0452275,257.47300837,68.41803224,5.41399494,4.58843182,Business
34.07709235,15.25726749,65.20427615,3.61867781,11.43937952,5.67776829,VIP
26.00778882,1.0,54.24541903,31.93039832,5.89197542,2.67683896,Individual
21.01798621,12.46297221,41.10353517,8.52465828,12.0,5.57651653,VIP
33.76935078,18.14966333,37.24784011,67.43479507,5.1307345,2.80933124,Individual
104.30752223,43.09791362,165.57578583,17.96543151,12.0,8.11563551,VIP
82.29211188,33.84698683,161.76102076,49.69557976,6.47571206,4.31221898,Business
51.59435282,22.87763884,89.70491559,68.02580409,5.26694143,2.54525064,Individual
30.56708424,10.02668338,70.73614919,71.66668929,7.25257188,2.87109367,Individual
116.55699238,51.0042746,250.1821141,26.65689362,9.01557816,7.53564055,VIP
116.49264367,49.55668009,246.92056879,25.86385706,12.0,6.62556696,VIP
102.74892133,45.39443269,210.07084144,35.16765972,7.11561142,7.05947101,VIP
47.52271699,24.05077767,79.77336319,42.10468296,6.06066864,3.27756512,Individual
117.43450316,53.99178344,228.37300426,13.57673196,10.04839767,8.77360993,VIP
80.4722434,37.37288834,176.86550248,66.5750725,5.8209857,4.47249177,Business
105.44853808,45.27361011,216.06089313,62.46237252,3.74033153,5.64549666,VIP
117.54252345,50.29947803,255.49671173,70.2018527,4.90883719,5.5745982,VIP
113.76782812,52.4072046,212.77904485,70.06994065,6.41177647,5.37981374,Business
104.35894765,47.67758669,196.18368628,45.98438384,5.29472959,5.35331575,Business
67.35457553,24.95701875,132.77020199,4.69410731,8.85428315,5.48187975,Business
52.04917242,18.70344595,112.97001868,53.81642448,9.36006893,3.64484829,Business
55.7979773,18.00051437,81.37811839,32.43619097,8.18880362,4.08622188,Business
87.40812244,32.62347077,155.88247025,60.16464572,4.42194192,5.33622051,Business
105.27366833,48.93273758,221.5712715,35.65513795,6.85319982,5.7250232,VIP
41.15246416,13.70909888,64.28735165,19.68076875,9.94401813,5.95254212,VIP
90.19047853,37.78914892,197.31222792,33.1816209,6.09621246,4.73823413,Business
96.73469507,44.43210745,192.82700772,67.52480421,4.64332862,3.70718976,Business
58.5775651,23.04506215,119.40751149,3.6074378,9.95010584,6.81433052,VIP
65.81873462,29.52812774,123.94561084,38.45004007,7.97380373,3.91189073,Business
67.55424298,24.44603785,150.39623895,29.06267654,8.16982849,5.84299535,VIP
54.40552933,21.68605479,121.18610491,7.50178541,11.94395017,6.76371711,VIP
112.45392686,49.93370135,234.35276285,2.13467698,10.74654269,8.33366442,VIP
35.99879676,14.45187743,65.13379733,57.7224794,3.84495526,2.73721541,Individual
97.9442897,45.66398197,196.58353956,16.20360341,11.25617987,8.72657068,VIP
112.38607675,45.96961785,220.23566293,13.8178656,11.25211537,8.39555408,VIP
23.13588022,7.43898019,34.23536064,51.54586134,6.84670169,2.70089283,Individual
29.2457861,8.2199308,45.48813403,9.52866893,9.03278171,3.33075568,Individual
88.37430115,34.90244603,190.228095,42.68925,8.0357654,5.84508177,VIP
38.95022236,19.14176293,78.75079662,60.09216902,6.76060422,4.4173041,Business
88.67041842,35.2357693,193.44943889,34.22450565,8.68255484,6.0167759,VIP
86.94309497,38.82372108,170.74190561,55.84050974,4.2752209,3.66496945,Business
31.79967707,17.62537301,56.39713006,65.24795877,4.5888889,2.46675242,Individual
82.90415366,39.98645659,173.47368802,60.45048531,6.29097927,4.32232384,Business
21.15525551,8.07894309,21.18077364,63.63458052,6.66527711,2.47392218,Individual
95.53618478,43.3774466,164.42476742,1.29128368,12.0,8.26478758,VIP
115.27987698,43.58015823,224.38160971,51.91457265,6.48654362,5.26509268,Business
69.57311438,22.89027957,134.07875311,32.85741938,6.20484753,7.49303564,VIP
106.0668699,41.3874057,221.18718661,14.26451168,11.02684722,6.8404674,VIP
60.93952016,29.03084125,118.60400029,55.14131096,4.82940713,3.93068373,Business
94.48518474,38.66531333,184.99331807,16.69356967,9.17653078,9.09016436,VIP
117.59123122,50.76872295,237.54965359,44.7742372,7.13507942,7.34087262,VIP
108.4755471,46.44812762,191.09379968,53.67331332,6.11336919,5.1895578,Business
75.80931235,37.08006445,146.75907591,21.06359167,10.03238237,5.30755703,Business
33.49888413,14.03894266,70.10653093,67.81494749,5.32968332,2.73080001,Individual
56.31480716,20.52189883,123.12609753,38.93185225,5.30641417,4.15862271,Business
25.95713282,8.19657633,53.5018269,11.29091444,5.84911224,3.70989506,Business
78.71406406,31.09163342,145.12726063,43.51404705,5.71790386,5.31404206,Business
24.47151484,5.10658073,55.96775735,49.18584587,6.87034355,1.61136715,Individual
31.05397178,12.55831914,45.71842409,31.87222792,6.15191747,2.30514637,Individual
118.79325568,47.23248429,220.43716379,45.69082522,6.85452243,6.41942387,VIP
103.2880565,47.03618996,211.17400133,61.2753023,8.10899625,5.37641798,Business
85.55691027,34.41137849,187.56673059,53.45670517,9.31776777,4.76364763,Business
30.28076845,14.75134547,39.64394048,46.17313844,8.14398261,3.8697727,Business
63.79929571,27.40402008,135.58038669,23.16612281,9.78562103,5.26742768,Business
24.96553547,11.78651958,56.81510274,71.62710842,4.98075843,0.9373055,Individual
74.91742647,31.34382524,166.73639559,66.51193785,6.27756608,5.22557947,Business
64.27519809,30.07578773,143.65933799,38.56303199,6.44037363,5.01717082,Business
95.52217759,35.99303427,163.10270881,44.94293381,7.9766905,5.2205856,Business
20.6985569,10.8051573,37.8557367,35.7915032,8.78636945,4.23815359,Business
59.62613692,26.31245359,109.52635662,33.21709596,9.90023443,7.28249924,VIP
115.83513276,48.86291168,226.47409054,1.15678207,12.0,8.12468096,VIP
115.42216248,48.76156492,220.62619724,56.19347396,5.42596929,7.86770002,VIP
74.75347745,32.85056747,175.0812499,35.10067093,6.95036638,4.57044367,Business
69.13397161,30.48414603,132.5336898,66.54698402,3.44554243,3.03353164,Individual
82.35640742,37.01353223,197.34469914,68.64881763,5.68472528,4.95272259,Business
81.18986342,32.36044883,170.69231182,42.98278901,8.91826614,5.24334804,Business
92.19488676,38.45757328,180.36428103,34.58701485,6.41813723,6.58295351,VIP
76.0168484,32.37085273,154.93909769,64.59160042,6.53888059,3.34560669,Individual
38.64130856,21.21594476,75.4843422,58.82349888,7.00544727,2.32727058,Individual
111.09916134,47.08150442,224.1033168,36.79553372,10.68828342,8.80419359,VIP
79.78205234,36.05854672,160.95819967,50.34934268,4.3478615,2.92840053,Individual
51.40933289,20.3884687,117.34953375,20.79560491,7.16184817,4.26718404,Business
23.71615731,14.10701023,81.50889142,45.51578502,7.86877713,3.52778101,Business
49.17968153,16.53412602,116.91321273,56.37100853,4.27464904,2.08861468,Individual
87.57161875,37.34669638,182.16674635,55.45829654,4.69214877,5.14600108,Business
23.3316888,8.43641045,37.85140711,20.03741475,9.73566464,4.154468,Business
25.6650572,11.75855339,61.37051989,57.2684676,7.99313229,2.87494623,Individual
112.07337628,43.90217412,233.26278427,70.20606411,5.31350035,5.22074527,Business
82.05255004,33.93012133,155.84264049,8.71470437,12.0,7.08496346,VIP
110.38380557,41.28497437,201.69094128,31.01896856,8.77392337,7.9079796,VIP
85.06995708,31.62350785,158.14423269,23.26323941,9.19295896,7.02508715,VIP
117.93866001,49.33025079,244.41470698,18.72632029,8.51464819,8.02817286,VIP
69.182105,27.10672521,102.296432,67.4646986,7.6330338,3.86123245,Business
43.12801061,19.49869706,84.14103072,5.45317484,8.74956472,5.1305557,Business
44.76307227,17.6541714,95.35021427,56.9860687,5.19825053,1.68220741,Individual
57.41464948,24.34980982,96.68547635,40.25690142,8.00158806,3.23984481,Individual
38.64939872,8.34233176,85.50802098,3.31621654,12.0,6.15412314,VIP
63.18244176,24.50948306,144.31858401,49.84351269,6.20931095,4.02984299,Business
104.46215984,35.61756025,221.89488931,8.2042346,9.21332272,7.69567365,VIP
43.98142957,19.37493883,97.03020312,33.79188198,7.29466012,3.89732011,Business
69.01442458,29.04077679,140.34581322,70.94879934,4.08804786,1.6629528,Individual
49.55692688,30.52838384,105.37696205,39.17560669,6.18830621,2.92225796,Individual
89.06641218,33.41087804,152.56144521,29.18684889,8.22706934,6.02124884,VIP
43.76558469,19.52665382,113.20304417,23.81075647,7.68577684,4.87756861,Business
29.4298714,9.57592679,36.47763844,29.80865043,9.7835861,3.13753324,Individual
89.43788756,38.62620026,186.50390222,13.92241768,8.69922314,6.45230341,VIP
24.39860617,14.22533153,64.50964048,38.9734177,6.69677345,2.3963177,Individual
103.63499807,44.22243604,226.05998376,44.36452508,6.08500297,5.73416714,VIP
110.86290631,49.65086934,223.48231109,70.97668873,3.90095678,4.73061899,Business
70.90162013,33.48005155,136.70129793,4.20724696,10.33835712,6.5275951,VIP
73.243203,26.29098511,132.08113873,68.87274237,3.85363667,4.44474368,Business
57.54676096,26.34393684,131.65249646,29.18368992,9.22876912,5.48152398,Business
72.56980066,27.46671811,150.58652942,23.75580478,10.6468682,6.3456718,VIP
96.26596363,37.82573564,203.79108156,38.19506629,8.93171324,7.52218482,VIP
58.54507358,26.88178463,124.86570408,28.12959864,9.05441717,6.66685824,VIP
30.70804582,14.14921322,70.68768666,11.52469279,7.31231273,3.52286261,Business
63.44816017,29.31305623,128.56472746,43.22220738,7.18768501,4.61826847,Business
113.07288828,48.99301104,227.08872021,62.69439521,5.47972089,4.92894484,Business
102.94167714,40.32470702,196.56556327,25.70254168,9.05186196,7.71579757,VIP
28.87536967,11.12791293,45.51614036,25.19448711,7.63013529,4.0519992,Business
38.53941582,15.44613633,78.09384336,29.01992689,11.941998,3.7361211,Business
87.62013903,35.31141216,181.07935038,15.00958659,6.17516305,4.49294861,Business
117.13942725,49.95273177,231.43944166,71.74310713,6.5023019,5.33742463,Business
42.27749891,11.92497105,85.16536523,23.02906325,8.91587364,6.43787924,VIP
100.95988458,44.46297505,209.59249666,47.01514158,2.8310229,5.10829827,Business
73.0155864,33.3788844,166.25877334,17.94643884,8.54225367,4.96724916,Business
104.51982565,39.27215905,214.27705946,38.31408923,5.80326318,5.68138253,VIP
98.88386673,45.4295878,190.56197873,34.52053594,9.15052374,6.15781027,VIP
23.4480237,7.69482598,30.66879346,65.95171486,6.90863244,3.18223571,Individual
103.53266898,44.2455833,196.56711953,43.70808984,7.4510526,6.52424814,VIP
31.39792515,14.8899461,60.86982728,13.28650757,9.93786656,3.6787938,Business
113.69814082,49.99237221,211.75997633,8.59175963,11.57177436,8.88485984,VIP
30.12694896,11.47556968,53.17981519,36.52680703,9.31589905,3.75997362,Business
22.56994208,14.24046566,40.64719152,6.69848071,12.0,4.47585274,Business
36.13033855,17.54335747,75.12605531,17.53880829,7.92289601,4.04956212,Business
79.4980242,32.54656072,167.23014638,33.96960853,6.21812402,4.68894549,Business
67.08604075,34.67433811,113.62285078,54.56656101,5.22678019,3.56799091,Business
36.32279147,25.55485611,78.98422763,67.92102293,4.5184883,3.1894928,Individual
102.95891293,40.00517458,190.03401834,26.29704159,7.97542409,5.61942406,VIP
70.43714282,34.59801791,115.14647641,29.1640254,5.9978966,4.73497147,Business
39.72541204,16.39185675,71.16385885,14.52854072,11.18393165,4.09193131,Business
26.94714689,12.03300024,20.0,36.14841872,6.52089507,3.47736127,Individual
66.31056668,26.20701586,145.07988719,35.29893586,8.03445318,4.91857076,Business
62.59821001,26.84685238,144.22644134,39.03675897,10.98751481,5.02572862,Business
45.82501609,20.65212105,92.44856058,67.59717552,6.29506762,2.41752782,Individual
97.3141862,40.51250391,204.71353699,33.79740914,6.15936285,6.70087223,VIP
72.3485075,32.12811397,131.13371003,64.59504941,3.45786698,3.34935734,Individual
115.00000538,35.70670316,225.06073323,26.42975757,10.19766227,8.28292323,VIP
60.78257433,24.66448912,87.28210042,61.3824659,5.79692264,4.7910138,Business
64.27337866,28.32684748,116.85411135,15.31986585,9.85394859,5.81230794,VIP
73.5219343,28.86479421,148.66666656,58.8215743,6.79696877,5.18721574,Business
53.07416388,20.11094542,94.7697094,54.29478374,8.57379573,5.45941441,Business
50.08677736,25.93028664,105.12685908,70.29712857,6.46426137,3.57049476,Business
54.66918659,25.71519286,110.80549728,60.90449061,7.09330209,3.20685896,Individual
85.11814761,32.35670761,191.12899105,68.05649016,7.93854151,4.60763816,Business
76.23090899,36.23530302,143.99976469,68.96286692,4.84871264,3.61468031,Business
56.77966129,19.40507698,119.96426128,3.86099795,10.03725053,5.9631028,VIP
44.17873559,23.64828696,70.81340982,49.03805555,6.36028445,4.05079675,Business
35.73309006,14.57509041,94.45185215,3.12504188,9.92427104,5.68219482,VIP
46.31282315,15.56681339,96.67265572,37.46201901,8.5413207,3.60075505,Business
51.57473135,24.94630128,119.54613505,57.01453799,6.74395855,3.79101041,Business
116.00963378,48.25342951,241.85845561,56.40286136,6.70707801,6.80116384,VIP
39.38750422,15.68407085,55.14150879,45.77643373,5.74274375,2.96300116,Individual
107.3037289,47.48445729,213.13088237,59.33766263,8.12468388,5.42716033,Business
81.35276066,34.41593147,170.52505542,40.02605213,6.0526552,6.94387988,VIP
55.73799958,22.57145055,71.35737265,1.28621725,9.94350452,5.78350305,VIP
118.94431032,48.2605003,248.73078871,6.45491469,10.80511802,8.41486948,VIP
91.16714116,38.3016241,154.39927764,43.80740176,6.81275156,6.18710509,VIP
24.48294503,13.08445126,54.42422621,56.31231607,7.4867444,2.97227506,Individual
40.91054516,12.00280094,62.95290778,53.03020198,6.5481615,2.1772913,Individual
23.85982552,11.37296381,35.99457052,9.69989154,10.20914111,3.11111902,Individual
22.30209453,11.62423906,41.90163923,68.33872353,3.86139676,1.09624176,Individual
39.76012909,8.05758202,78.29820195,58.8168939,5.48184163,2.85942976,Individual
56.04692695,24.08594506,124.10969128,20.46785527,11.18309488,5.99517385,VIP
78.0250448,39.59733143,158.32962683,13.63163032,11.54406663,6.07792142,VIP
102.7200786,40.37993674,200.64146934,45.41021834,5.74059104,5.56184555,VIP
78.28142556,31.56605874,142.61799022,1.45128172,8.51081573,7.11247636,VIP
98.83781758,45.62667061,214.85352767,46.12506511,7.69077911,6.41966266,VIP
22.86965112,11.55662374,53.8978541,6.85634967,11.73743565,5.59529825,VIP
89.72574955,38.3232872,167.82057394,43.2242521,8.2666912,7.09789001,VIP
27.89544553,10.76035855,48.64230416,46.81066619,5.16963205,3.26051204,Individual
38.06547774,17.81109998,53.77906091,36.33797767,7.54630464,4.3057209,Business
42.69635225,11.15416935,71.89678451,62.4035765,2.83660655,3.48946823,Individual
75.72291176,37.26838004,152.47433763,14.99108076,9.52114404,6.8397314,VIP
64.27200315,22.48818629,157.78536592,71.77128239,5.44935375,2.50572119,Individual
100.34849487,35.83107475,199.83945748,69.08236013,4.92538132,4.86615582,Business
54.85895054,17.05487219,120.16943246,60.20249443,7.69816144,3.69907495,Business
74.01154115,26.78159877,166.61961989,54.20707009,6.90642907,5.00483182,Business
51.50905217,21.24055006,111.40834774,52.25566821,6.46304884,3.42581302,Individual
44.28433416,20.89711128,77.44857036,19.2506284,9.32580207,5.04282997,Business
63.98728512,25.1491995,133.94666118,48.68751758,8.1031844,5.05116289,Business
43.52617153,12.99614118,71.65692793,33.85237262,4.95043924,3.62901125,Business
97.14521547,42.39777023,203.1714027,65.86683265,4.24081147,3.83480042,Business
111.93036556,41.62811732,232.58922457,67.11961403,4.64112617,4.6351945,Business
108.30352645,46.64102115,208.36012459,20.70246592,9.10221254,8.14632697,VIP
58.04446584,21.78943956,123.00930539,12.41630899,10.1459179,6.11759812,VIP
33.07252579,13.96694531,63.14117841,9.97730832,9.73946302,4.29263471,Business
46.84741111,18.67465398,94.021708,22.7272628,9.03669992,6.91379864,VIP
30.97891467,10.73847063,47.87526726,37.38308324,7.37595463,3.05329801,Individual
30.55890279,18.8636102,66.88735521,26.09504509,9.13770098,5.66346376,VIP
105.98359527,46.34717422,197.43977366,68.14990481,5.36228613,5.79237684,VIP
55.94120793,25.88688118,126.16403552,10.53230763,8.87647528,5.10593004,Business
113.15883036,46.7315324,242.58711016,44.77279824,6.06880138,5.53466707,VIP
85.15154477,38.60388517,146.77876864,47.52446293,10.13245143,6.17008488,VIP
57.45310165,25.27391067,114.28910262,5.9679857,11.83982003,3.98391986,Business
60.46351857,20.99997839,112.5657504,43.76835183,10.44047544,4.51505801,Business
87.85922136,37.71417289,193.95619393,22.7640572,8.07899976,6.08155721,VIP
71.360416,33.04711743,97.96518216,33.95546004,8.23479957,5.26985659,Business
60.82018705,22.7523006,117.13149705,21.44623495,9.16229959,5.30374336,Business
75.53634882,31.6561097,131.61064632,64.82342336,4.72783471,4.36299852,Business
24.46105635,13.88522776,44.20138389,28.72663178,8.18614419,1.54641544,Individual
94.63374765,38.03775215,191.97204372,10.80346759,10.31125692,7.99838857,VIP
58.22011976,29.97642923,107.73210379,64.02932233,6.42144698,2.80243088,Individual
92.94912259,37.00996825,185.06173399,62.26972631,3.30383666,5.38341938,Business
37.63255788,15.17592914,58.87860555,64.29387208,5.94930794,2.73164568,Individual
94.24582645,37.23778804,167.49858755,36.75697651,6.52864336,6.96208793,VIP
79.80871499,43.74408638,141.9343143,24.78558229,8.83829413,5.83441578,VIP
26.95178637,7.50622928,44.16535337,25.99898266,7.25489058,4.06470167,Business
57.9320162,24.77557858,123.4937579,37.56474198,5.85094738,4.19684593,Business
100.35953184,43.41164119,200.66724924,40.81550327,6.64947992,5.8090894,VIP
112.67425017,49.02708155,211.19971864,35.13675361,9.74682203,8.74403423,VIP
101.40594797,40.12433728,210.9467407,59.07203484,6.38285033,6.50819054,VIP
57.80150759,28.28437338,102.80858042,48.90509983,6.14003183,3.27126206,Individual
80.75091674,37.80195853,148.40867142,47.48811392,6.08066463,4.34226379,Business
78.16848495,30.21668836,189.37899493,42.37455769,6.19499747,4.65291348,Business
71.24333855,30.77578532,134.63557109,67.6390194,4.36225114,2.51560946,Individual
22.09284561,11.10323172,33.10073643,28.75466654,9.60143171,2.53404149,Individual
81.24534865,31.10033518,163.4187293,4.80008947,11.54548883,7.19793999,VIP
116.05585955,49.4762975,189.26525508,8.3139256,9.44280865,8.22603933,VIP
30.45651097,10.28565981,65.34489371,25.14816186,10.09693931,4.60324333,Business
23.64958058,7.10520391,64.03800411,5.28776004,11.23389568,4.93480267,Business
27.30513209,8.83467398,34.57002089,51.38740237,8.69274637,1.84201634,Individual
97.94057335,43.83018876,188.44042979,30.03246518,8.00279371,7.85479453,VIP
82.18738485,37.2426562,182.11832314,70.84776884,6.92203026,4.42934768,Business
83.43356886,40.23008262,164.82897839,33.45354382,7.31542697,5.75245881,VIP
63.18357979,27.46655641,130.12635848,43.04037653,8.23375141,4.15127503,Business
109.32327825,46.18424662,227.96278493,3.60140881,12.0,9.50328591,VIP
49.33721676,19.41011086,143.13249125,47.28393535,7.07465771,2.70352125,Individual
25.71853692,13.81981994,39.63477351,64.00501882,5.01485632,2.84292888,Individual
110.52825605,43.27014247,237.39586649,50.24936976,6.10996556,6.65732208,VIP
109.35741441,47.72909288,237.61114067,10.20884579,11.9261364,9.31556955,VIP
91.07512191,36.83931325,210.14057707,8.78992104,9.35472362,7.57983459,VIP
74.78624679,24.01883117,182.90995508,30.83326176,7.97921093,6.24610152,VIP
44.59901688,22.90027884,87.8670688,45.90496245,7.46300017,4.52528227,Business
91.25418149,42.97016914,166.9201098,24.39174354,8.64067239,6.84650668,VIP
53.77643626,27.85622386,88.75831648,50.37069307,8.73461116,3.81079138,Business
30.54858971,12.67042114,39.34446813,17.25382479,10.66377607,6.63741666,VIP
36.89373607,15.05947492,58.05488912,54.92318304,4.65663431,2.59911302,Individual
119.86159932,56.85549278,231.96383298,35.07500819,8.35889771,7.58985776,VIP
22.17977944,7.73379454,45.893524,53.47070758,7.68262514,2.94803035,Individual
115.45314565,45.8761346,243.80787342,1.73023923,8.16364466,10.0,VIP
83.34219633,35.20564175,166.6527682,43.54395435,7.84915794,5.3421191,Business
93.29895944,36.97627564,200.87392603,15.70634326,11.11614405,7.85876787,VIP
22.156915,9.81020301,37.54045264,6.61022857,7.99909688,3.754246,Business
111.54563529,41.97929234,232.0534149,21.7402069,8.85057753,6.71724469,VIP
55.52624731,21.0713306,110.90826489,35.34306615,8.38344522,4.67581553,Business
103.40931959,45.78810645,205.39968777,64.27566283,9.05883462,4.9963855,Business
64.78398459,28.19180797,124.14245835,30.56825625,9.9946875,7.09028475,VIP
39.69669694,13.99917302,50.16271763,62.07000903,5.41625392,0.99728298,Individual
97.29991472,40.84247593,199.27841348,37.74004605,9.24781939,6.55533237,VIP
82.41376033,34.361758,168.02287012,8.17008605,10.84733774,7.23226962,VIP
102.28211222,42.85599182,193.13435058,62.77858547,4.00538485,4.53652016,Business
90.45833138,35.81451222,171.68084698,45.58714538,7.78577645,5.9007636,VIP
41.48209232,19.88736234,88.26470183,2.03468056,11.10974915,5.58412645,VIP
32.89721762,14.20813547,80.04143218,21.84283924,9.01772466,5.03369142,Business
23.83218381,13.29630359,55.19686527,27.5205779,5.34213563,2.54587164,Individual
82.08116918,35.79235395,174.90309925,62.6753574,4.12607927,3.86557968,Business
101.07393624,44.8918455,177.79863382,31.37375124,10.34804143,8.15181183,VIP
105.47405876,47.30711019,188.6561851,14.51787682,7.62653195,8.45648711,VIP
26.67980326,13.08997923,46.6113899,31.51743623,7.97639826,4.02824828,Business
40.45651203,21.75051008,62.18667439,63.58532414,6.0255824,2.01164194,Individual
37.78145329,19.58127054,52.81848526,37.41088036,9.20777039,5.24333175,Business
119.12645755,51.21282304,247.3528364,60.64398019,6.71491109,6.25998275,VIP
86.46405541,35.3629812,214.08454954,40.24591123,7.20191645,5.037984,Business
57.90624592,19.47322062,100.05176711,1.85488144,9.28249067,6.38677412,VIP
93.10200632,41.4667121,185.89575504,28.00462843,6.49707389,5.54728711,VIP
48.93262804,21.67938618,73.44194183,71.69901188,3.91402959,1.26447628,Individual
91.18062797,48.59398037,185.83884153,20.36277038,6.95013286,6.45693852,VIP
20.30368973,8.61209485,55.12546938,26.23179025,6.62599462,3.91419149,Business
78.452064,30.822604,169.38268811,57.08990611,8.58610101,4.23474632,Business
25.78939435,7.24922995,46.3291034,61.56582904,7.02123467,1.77389327,Individual
50.19719154,16.65980892,95.47029212,35.49128391,4.69321559,3.41844942,Individual
69.05785945,23.43767353,148.46780716,41.18131036,10.10055309,4.85311467,Business
109.01469982,48.09731067,221.02742742,62.62277366,6.17589751,6.57664272,VIP
35.27427575,12.06401934,80.38157793,49.41400578,6.63443792,2.96380105,Individual
37.25466603,19.0932427,56.05679405,20.05901252,8.8448497,5.66718161,VIP
78.88223911,34.96922959,181.97314806,52.57329186,7.51630452,5.3634815,Business
72.41523813,30.35136227,121.27976225,33.22601472,8.28958849,4.82287245,Business
64.86529535,23.44512001,127.53980361,37.91727028,6.37557315,4.28469491,Business
54.16687359,23.75690725,118.96628847,52.36305451,8.23736773,2.28487484,Individual
64.12002937,26.67553334,141.34261783,49.01835438,2.73171049,4.76239252,Business
71.94392057,27.73663972,127.20505843,19.97399402,8.04906571,5.68733858,VIP
75.31911387,24.48812008,149.52399879,53.32710434,5.85763438,4.31176452,Business
32.89545364,17.24494193,57.23046508,9.18957715,9.8063009,5.94935745,VIP
52.70551377,18.69073291,122.34241461,37.03402228,5.79789633,3.39055843,Individual
58.94962378,24.41182288,124.58600147,28.65634544,7.73205334,4.35920496,Business
72.38590684,28.47069289,131.85888534,64.83659334,8.25934226,4.62357543,Business
54.03567007,20.43004232,97.19578991,33.80643717,9.35611365,5.51399255,VIP
39.46915757,19.07882613,57.59154363,38.95282876,8.16036633,3.62676601,Business
103.8275656,46.9373375,185.99329012,43.91546687,6.06543264,6.4428995,VIP
77.06163431,28.29615422,138.96012395,37.22458224,7.92065741,5.92417052,VIP
104.82386741,39.53604314,202.28687015,2.62543336,11.02681019,8.41340788,VIP
101.97167184,51.44653062,182.5089112,5.42990913,9.15190954,7.88582232,VIP
119.61621957,50.04957512,238.46542128,38.88181104,6.72547035,6.96326513,VIP
92.59915516,33.79845014,173.26612891,3.59371251,8.29352693,6.81261975,VIP
53.45055725,26.73970353,116.70802207,64.95855545,4.22071059,0.9811613,Individual
34.25875553,7.05500207,79.02177974,45.64085679,6.31116777,3.94794281,Business
76.64900369,33.61861042,165.21190047,61.49289066,4.86197484,3.24068847,Individual
96.07534278,35.65094253,191.81391714,52.38531096,3.58036365,5.51762363,VIP
102.92687712,47.63469971,188.48585571,18.10993198,9.91775503,7.61467881,VIP
38.79852864,15.73566792,112.88180844,64.23702443,7.47118238,2.85394818,Individual
86.02003962,30.24329942,188.7913726,56.50324999,9.60391437,6.23424781,VIP
27.79806735,10.44217685,39.30464128,53.78432203,4.3146205,1.05805492,Individual
85.23631098,32.97850099,168.45808829,42.90716197,7.34627149,5.20012993,Business
65.1810598,27.68281095,128.39063231,27.27624577,9.72607773,6.89552588,VIP
67.63523492,25.70186698,134.05635953,51.08913196,5.92671529,4.42721683,Business
36.6422329,15.63035599,48.0296454,6.43314833,9.97980819,6.63988186,VIP
98.4009085,47.32713082,173.19913078,11.98761462,12.0,7.96887615,VIP
74.3579794,25.24256519,140.64829333,7.26902305,9.26414227,8.28046425,VIP
57.72305034,23.50016254,112.70457664,26.18400089,6.98106827,5.65299551,VIP
42.70166898,13.16385009,83.41100508,43.2143451,8.90149703,4.45943249,Business
107.03797951,43.32770886,227.17047881,51.33829408,4.33056828,4.4490909,Business
71.46962918,32.93609444,166.83843884,30.95588818,8.81978033,6.15025129,VIP
68.44154647,27.27120112,136.28544603,10.25350919,7.56331061,5.15329473,Business
76.75393211,33.8776771,142.17691846,45.4125396,7.3299334,5.24735497,Business
83.27325178,35.92689214,183.91946312,61.22481253,5.85951528,4.62607748,Business
68.70399215,28.57803504,142.96561835,56.67483639,6.66524565,3.37449216,Individual
32.2953298,15.17308263,63.69733302,30.2434716,6.59094876,3.2557123,Individual
75.04575565,32.47000183,161.72885588,25.57833545,7.34556254,4.80672177,Business
79.25549331,37.51288608,180.50202913,41.02100646,8.03753331,7.05861848,VIP
114.35042359,49.35297218,233.26963428,49.43993171,7.82116576,6.01590079,VIP
93.95419456,36.53006368,195.81427126,32.92945713,7.25474402,6.47690043,VIP
43.95657504,20.02752293,85.87502842,37.2289636,7.19336673,2.86047832,Individual
46.69724905,17.84755777,71.85825788,31.73760244,9.97797325,3.51799811,Business
105.61820228,45.99797828,210.22399588,22.53192643,7.74201083,6.67857,VIP
56.08897885,32.65004921,144.13625601,59.41206154,9.37877227,3.64639518,Business
81.74043226,36.58972881,176.81966645,12.9147658,10.65361284,5.98414759,VIP
93.20673888,37.33418532,181.86437934,68.76318952,7.1530537,4.96428541,Business
26.05234274,7.92282953,44.2829649,36.80626698,7.41728768,3.58948659,Business
59.84160809,23.58949548,137.09032295,34.95302108,5.19832861,3.1913141,Individual
90.88384393,36.8144235,175.85389126,53.59536,5.87934848,3.57521442,Business
115.75145908,50.08227608,232.70007285,22.01167187,8.64875597,7.30333108,VIP
32.72622209,8.6579882,72.65342715,32.90920123,10.38204394,6.27768034,VIP
27.43173545,11.16728124,48.37585224,68.10337493,5.77476135,3.110048,Individual
118.89275302,40.95119151,220.22219071,17.2108706,10.3785108,9.29699017,VIP
100.48151351,47.91218513,195.43992957,39.49229894,9.12526646,7.00673855,VIP
98.2778267,42.7394836,193.4670483,43.69960196,7.77018196,6.41619528,VIP
20.54699383,4.52201793,57.97516544,51.92537559,5.46713006,1.1940251,Individual
108.05683118,43.05878264,247.14135881,29.61358798,8.72275997,7.24769575,VIP
116.25924507,53.42147871,217.58587196,37.68056635,8.85477311,5.84235471,VIP
47.94167018,21.30423476,87.79541825,11.70712798,11.51564231,3.75228589,Business
91.15991748,34.64417924,198.43938753,34.95588344,9.60107653,6.94305127,VIP
98.00610713,44.52876862,182.88536845,71.06289543,4.14083864,2.7347929,Individual
44.90331209,24.73865635,77.10151929,6.03339097,8.34925271,4.9317806,Business
106.7835395,49.43005965,203.09307601,71.33635577,3.78926398,6.00975124,VIP
115.48316114,46.25682852,225.99998314,46.69300238,4.97467276,5.59845977,VIP
41.35273062,12.81006031,93.62168164,2.17289668,12.0,7.90223605,VIP
97.51434384,36.16047472,194.85586308,41.94255054,6.98429425,6.11143746,VIP
93.55028542,42.17325504,187.97549125,65.30780541,5.09376188,4.60981986,Business
119.9167915,48.89911861,240.15608917,46.65669405,7.78615974,6.80225692,VIP
25.4613497,11.49999163,40.9355079,44.73411882,8.60608487,4.07088187,Business
56.38785368,22.34038654,102.48829965,44.0320375,8.80969935,4.05116756,Business
87.35744208,39.70700462,176.78306569,19.57034416,9.52440582,6.31211598,VIP
89.45246845,32.47897273,175.90395525,61.40234899,2.93336346,3.34538359,Individual
31.1074019,12.57634257,95.28509826,11.52769125,9.25314071,4.6411453,Business
103.93686487,45.04724157,219.43875085,31.15819895,9.50887796,6.61711649,VIP
99.1850466,39.20809345,193.32516056,17.44644096,11.01504266,8.05270448,VIP
45.24944392,13.91996093,82.59896446,6.07825654,8.42257225,5.21401257,Business
45.63405445,16.68824351,105.00989315,23.64366461,9.89770202,5.83780483,VIP
116.48127022,44.7233413,227.31442326,3.45733049,12.0,8.72110342,VIP
34.66908867,11.95994199,51.7847747,55.18857133,6.29291882,2.15271888,Individual
88.26257457,30.05392608,189.96097402,46.98330657,6.69820519,5.40949992,Business
69.98262515,31.18802343,138.06628427,59.4828637,8.35908106,4.31538108,Business
48.41097376,19.79395152,115.03390047,55.72593109,6.85910048,4.73320906,Business
60.37818317,22.08318291,111.43427288,6.94401508,9.20457773,7.15865034,VIP
118.91979095,50.94301819,240.07365314,19.62966759,10.34995597,7.87156691,VIP
61.60066023,28.22165426,133.47167126,23.58040248,8.91909593,5.57940202,VIP
61.11316036,22.97721281,134.60824282,29.3866988,8.97892381,5.65737282,VIP
72.28456699,29.83101605,118.17953203,30.67400098,7.40879749,5.00186462,Business
74.29234869,31.42823784,147.16196911,54.20688707,5.81102717,4.40799009,Business
61.39054358,31.51750261,141.30223919,56.61724144,3.68270113,2.73151971,Individual
87.87225105,35.54347903,196.34875301,51.73162577,5.05009759,5.24071998,Business
51.12701378,17.96704462,94.08773529,17.83272483,8.91824942,4.29653301,Business
80.46280616,34.54757925,176.22235094,25.9971922,10.20862032,6.84759551,VIP
21.881007,4.14028446,38.31467612,17.28831307,7.21663508,3.35576603,Individual
72.22487413,34.07219527,147.13379606,58.02542486,7.25164894,5.3182784,Business
30.80614282,8.14544049,60.28459836,1.36008917,10.52620558,5.03266445,Business
68.10455932,24.48813643,159.23276007,1.16064616,11.38576195,6.7244739,VIP
56.200218,21.52467408,109.1180284,63.48616193,6.74520926,3.83058849,Business
112.48270215,52.96023802,195.34149108,62.134561,4.62280073,4.87212867,Business
88.53241163,41.29179697,165.28067309,70.65308209,5.61807881,3.98321002,Business
106.67051523,46.9320145,193.35449962,5.878055,9.45754418,8.79459723,VIP
115.48676276,52.65476073,227.26259866,25.62372493,7.90766894,7.41869121,VIP
101.87024103,39.36712464,220.86755792,41.70893554,4.65125617,6.37475664,VIP
43.65840893,14.594149,124.38400579,18.18256568,7.91618887,3.69398684,Business
73.75935356,33.28887868,169.47274087,37.23520047,7.65184494,6.61217524,VIP
89.65602735,32.84854663,157.58805395,65.89853833,5.29681361,2.5642334,Individual
77.54391775,33.2661675,166.42227175,67.00335589,4.35749626,5.00367391,Business
28.39365768,5.53675172,79.57957581,28.32184006,9.2163597,3.80175803,Business
90.53132454,43.01111833,174.91803485,47.68724003,4.17927019,3.65225876,Business
61.22374467,20.90001195,115.08250528,52.30633518,4.30082052,2.96900208,Individual
24.68029829,6.4093848,50.8559984,48.99546381,7.61078563,3.73853576,Business
68.22510489,26.66244464,133.88146528,47.67510835,5.93329898,4.74985333,Business
53.13074423,29.77604577,117.90387981,71.31999848,8.45387551,4.29855867,Business
61.03493467,24.28887305,132.01190883,62.60682713,5.37135105,2.69556721,Individual
44.05420825,15.93837158,82.70438861,9.01324039,11.97525272,6.17641382,VIP
82.06925813,39.353021,177.17937272,43.21726199,6.79969157,5.86500504,VIP
102.98479469,44.14737368,202.03009627,50.56701265,7.40379965,6.1208539,VIP
84.13977897,37.66595401,181.40908169,40.37570844,5.72295323,4.94519349,Business
38.43547151,14.63762561,68.34014709,32.52824643,6.04765589,5.13430119,Business
20.53989037,10.2837802,23.14685495,60.47999008,4.21299763,0.69675213,Individual
27.28920926,3.76929519,47.68303766,70.85601059,6.66387907,2.504123,Individual
89.97599666,43.62097553,159.6318846,32.62616434,6.93718456,5.76971878,VIP
71.19800835,30.14482519,127.94404321,20.1254034,8.59198422,4.99906939,Business
98.11521487,39.69886536,204.916285,45.1248824,6.98479042,5.24654783,Business
49.91873472,19.68915874,114.54306445,52.84430339,8.5066879,3.21584342,Individual
112.01784723,41.44520501,246.00090756,13.15040875,10.72754221,8.51354933,VIP
70.62088498,25.48042628,108.7317707,59.46581728,4.77521532,3.41830694,Individual
89.66221535,39.22681267,167.23559304,48.95916298,9.28462378,6.92883219,VIP
99.96412199,41.66167567,184.17617617,17.60906811,10.73967414,6.11426212,VIP
86.66819815,38.45700108,172.51326733,4.80153554,9.24607817,7.04899699,VIP
70.65974266,29.20046002,130.90711778,52.357749,7.90183204,4.80644783,Business
37.27353469,15.45811656,85.18009917,32.56392562,6.66305068,5.21068852,Business
64.5999955,26.34279251,123.54533115,25.1306532,11.05786107,5.94336604,VIP
75.64053526,25.22784961,148.50352924,22.18921093,11.14021231,6.36090167,VIP
104.882895,40.82420933,224.78512371,11.82336869,8.11433945,6.26198866,VIP
52.32155077,18.35822645,112.34704649,30.33052943,9.42635583,4.34808988,Business
105.60039402,47.01541034,210.79891789,32.25785775,8.33044795,7.54518603,VIP
89.93340134,42.71224197,171.68154172,1.98827309,9.02242666,7.98758809,VIP
112.50449724,48.57339995,212.16280791,50.25744617,6.50402291,6.57232082,VIP
39.05394547,16.28449081,74.39209376,70.2249265,4.77720757,2.70265103,Individual
73.6295722,33.87976952,137.34811586,61.19768489,5.9041463,4.11611834,Business
24.42435348,1.0,34.46328673,57.76691686,6.33383944,1.35122547,Individual
113.41730275,44.89184477,234.45214581,5.22001578,12.0,9.14811919,VIP
86.48616726,38.64936267,186.63477138,61.65365117,6.65076768,5.38919912,Business
61.98454078,22.82706014,105.42114915,58.61780573,6.22749772,1.56781315,Individual
39.34822837,18.11867652,81.75752789,54.88804545,8.45782006,2.9940789,Individual
46.48522523,16.91939926,96.36089201,9.19829585,10.62466164,6.51712635,VIP
70.13169305,28.01067804,149.51321094,54.93448449,5.56131877,3.79315792,Business
54.60363685,22.13241104,120.14219305,39.5500252,8.83661476,4.36052947,Business
78.09625971,33.09292262,153.78354984,54.00194676,8.61651708,6.54673494,VIP
100.86711724,38.72298963,202.79816364,36.03705756,6.30334642,5.94842441,VIP
74.38257394,37.61915613,155.32708212,59.31030918,8.32359292,5.81459398,VIP
68.73594229,28.70719204,163.43538976,70.34738056,2.88033926,2.27902395,Individual
109.53940521,51.23709486,232.39082799,17.56793088,11.21846723,7.85788064,VIP
83.78777788,36.03600422,159.12620653,44.8970762,5.88288055,4.56958688,Business
33.91351195,15.88910297,58.07460182,13.96561826,6.90605285,4.35330253,Business
35.43671215,18.09419015,62.00201184,26.97861146,10.32429383,5.81264221,VIP
43.39737807,19.56349849,91.61167994,66.90557301,4.99828582,1.08395539,Individual
34.33476979,14.88418422,72.07675638,5.52083068,9.37092707,5.55171719,VIP
38.95055647,12.64587249,60.49814383,69.21251174,3.74348114,0.36792278,Individual
38.91768033,11.6152169,80.73876428,18.53405049,8.75281344,2.28340723,Individual
54.7976361,22.7586988,114.25452256,36.16118738,9.55804095,4.90229859,Business
54.93338989,23.73470928,126.4172535,31.05233481,7.66916948,4.08381211,Business
116.92955825,47.45910729,207.22102706,16.89674713,9.43159439,7.39174509,VIP
88.35089806,30.67020232,194.21732446,46.47712001,6.16866847,4.18397862,Business
79.7167047,32.23535624,172.75146463,57.16339633,4.44816676,2.92021049,Individual
85.55300078,42.31537225,183.10373186,52.9838041,4.81027116,2.69554554,Individual
85.02219694,39.57993978,173.11993932,63.27532543,4.27366759,3.70961441,Business
90.12351856,38.03250122,165.85725315,46.36867198,7.05483584,4.70075345,Business
107.2893726,46.96285648,237.24698254,24.20866714,10.20830066,7.04661876,VIP
68.55166078,39.41789531,143.34381426,14.41260038,8.66949848,6.60399909,VIP
21.5928122,7.87170726,51.27989448,45.83678318,4.83184841,3.16996084,Individual
57.23212893,29.6623793,114.14399758,53.25574813,7.08156491,4.62949076,Business
44.1294579,21.84076659,106.8871191,44.61224245,7.53144567,4.41142109,Business
80.65589092,35.64879356,183.27953618,63.46817599,6.12501537,3.14093735,Individual
89.78956693,38.54547906,173.74578553,12.77637658,11.53208745,7.29357492,VIP
105.59227249,38.57060396,208.10062905,23.44439277,11.26488799,8.59487611,VIP
102.71320941,41.57083257,220.04625969,63.16707733,3.70429394,3.43283706,Individual
22.76336313,1.79095509,41.47703406,65.45274076,8.23687261,2.86023022,Individual
23.52402244,8.21393948,32.44134863,28.53359649,8.98882195,1.9774653,Individual
96.58944239,47.80989344,195.05661447,35.99878036,9.93447523,6.85359111,VIP
47.99952919,23.60066513,104.84290049,28.85268217,8.6298496,4.26836191,Business
76.67913955,33.6253375,149.51316193,28.42779585,10.02204488,6.2077592,VIP
114.03562092,52.16519446,226.93291514,14.69348192,8.08473902,7.22585551,VIP
68.57094647,30.43061316,145.38543724,36.16726659,5.31480738,5.35922462,Business
32.77627362,12.79884987,66.14903289,31.37667941,11.57364549,4.48389146,Business
77.53841701,29.01136811,193.13209849,69.48039032,5.00564685,3.39838618,Individual
93.78791054,37.14996373,183.13767486,20.39720416,7.6668637,5.46258409,Business
97.73740351,35.97165433,196.47054569,7.94592831,10.31516112,7.87319195,VIP
103.22431297,39.08050336,227.09262615,54.93593088,8.54407524,6.04683187,VIP
52.97858541,15.73296196,94.45292139,47.53295085,6.93730707,3.61600794,Business
118.03257188,50.80293911,242.94637395,61.07720148,6.72746884,7.28006885,VIP
58.0135339,20.03202719,117.06334136,3.83294617,10.26683888,6.54183435,VIP
45.88916953,20.54235929,132.53184639,44.00247032,7.67894502,3.42270199,Individual
102.64153558,37.53096746,213.13215608,9.61529944,10.68861501,9.00019376,VIP
113.66375677,47.41051497,207.5419148,3.20457404,9.70495489,9.30691588,VIP
110.92163217,42.23559293,212.4308612,48.8987085,5.66053522,5.117983,Business
85.37297416,25.23234802,160.8517894,55.30315529,5.73580146,4.68802239,Business
110.28571119,42.12816532,214.69942499,35.44678427,4.52113518,4.8685213,Business
63.35519518,27.24136863,154.32348113,61.56083739,5.59240988,3.21260032,Individual
95.45311583,40.37449162,209.03720536,11.52804477,10.66963667,8.52260561,VIP
115.60432548,50.55524681,230.11774266,61.86045959,8.63564401,6.82378995,VIP
103.43664459,44.08967318,204.36537736,52.28674185,6.32573156,6.6163242,VIP
25.9917154,6.97859161,66.62476697,71.2822885,6.36441259,1.4036354,Individual
53.4982292,25.56859515,130.72420843,44.38079809,8.32444285,3.06604183,Individual
101.90562894,41.97650009,211.69622808,18.29250415,9.93093644,6.23167312,VIP
53.64389633,21.3135302,118.35936594,45.92423886,7.41588679,4.42849071,Business
73.44882917,31.52079687,134.70024973,27.65356244,9.46056745,5.59101439,VIP
64.30885757,28.55891902,150.84700891,17.52579592,9.96205613,7.03106611,VIP
118.61033975,49.62297382,235.9728642,58.41772174,6.19734692,5.94212268,VIP
33.83060339,12.92717861,61.70326165,6.25506667,10.2157835,5.20610133,Business
46.52201222,22.37092665,96.98964342,47.17528491,3.40444096,2.552003,Individual
24.47616451,13.84697586,47.68240038,53.33106516,7.77264732,1.72838302,Individual
78.24501797,34.50837575,142.73537103,57.66523858,6.49662208,3.61368246,Business
21.19193621,8.2475394,41.03925069,15.36076878,10.83067066,5.02137515,Business
47.02422769,18.6807067,85.80975412,26.53530675,8.59253354,6.14871939,VIP
36.26819575,9.13327184,69.36933864,26.51809423,9.51246346,4.87347915,Business
61.86913727,32.2011926,116.45663193,9.29073225,11.19675937,6.4736457,VIP
118.3289418,46.25592633,260.13352562,46.37125038,7.48356445,7.22188403,VIP
114.12458511,50.55953279,251.22919144,44.38562335,10.31824656,7.35513819,VIP
43.52310506,20.58524054,99.04309521,51.95315309,5.33463072,2.26443725,Individual
78.70051711,32.91269814,165.35422505,27.46748885,8.09912748,6.05795637,VIP
81.35489422,39.92019789,164.80465888,62.30372263,5.47897627,3.26298856,Individual
61.72892378,23.4870728,138.53815814,68.75398061,7.72831254,4.7065176,Business
95.71661337,40.37591589,184.35966218,29.09846013,10.93444212,7.44700983,VIP
79.98608501,30.27981723,174.69377523,27.90557725,7.61823462,5.62323274,VIP
34.16629734,10.19608977,50.53572527,5.63572727,9.39959511,6.47366989,VIP
53.94467828,19.4812005,104.8416899,5.588978,11.00769425,5.75137166,VIP
85.98937081,43.7295234,182.00721939,17.77670845,7.98755418,5.91518566,VIP
73.94106034,36.54782331,142.66715017,59.10874649,6.07449165,5.98371828,VIP
63.56163241,20.76456768,139.01179878,16.52389852,11.73410557,6.22619282,VIP
59.76759205,27.95694508,131.57673585,65.70106153,8.25972087,5.00513598,Business
63.03505995,25.16357508,127.56499268,24.58681172,7.64949331,4.40375824,Business
59.22772429,22.21542582,128.07340321,33.20795058,8.85045151,5.15199316,Business
108.20772286,43.77446971,204.22434552,8.9613785,9.32534635,8.35740539,VIP
64.62652093,33.66999887,149.45055634,4.94383841,10.51705146,7.10357207,VIP
65.64725677,29.55315837,132.44495506,38.54122923,5.46294279,6.20728208,VIP
113.62959824,45.35221347,239.42734158,30.37819141,11.35571978,7.81961362,VIP
78.14405444,30.40392628,136.99928574,30.73476288,8.78557295,4.8887639,Business
22.52470456,6.78370719,20.31922394,56.87701045,6.8187601,2.8607915,Individual
70.87089006,27.79993809,142.44180123,49.41894126,8.20036204,4.35603515,Business
53.3726557,25.84566303,102.85109133,13.13317767,9.19796178,5.59125122,VIP
32.89468007,17.62580837,68.62075973,10.2448009,10.17996193,6.206816,VIP
115.24368644,52.52699323,262.26155067,61.56124347,4.6161535,3.38809394,Individual
49.41108886,17.71025066,84.1387941,44.42176886,8.02241902,3.54789424,Business
43.01399467,19.39608379,96.56519042,53.40518351,4.73985509,2.75294321,Individual
103.26357504,45.9730621,186.97240556,16.38820651,10.76221915,7.47604968,VIP
92.14595828,36.65041463,174.3646151,22.74872933,6.72654248,5.56733401,VIP
47.79295727,20.27554255,90.11673591,26.55203658,9.30528758,6.40164466,VIP
109.18081534,47.10447974,247.33244357,52.94032223,8.54719145,6.39273593,VIP
107.35991287,49.35898856,227.71764116,24.22679719,8.66268444,8.39542198,VIP
42.44798491,11.42769572,95.12106664,23.87990576,7.37772563,5.21806043,Business
37.22511642,19.20597198,82.75095611,47.69153384,5.32841055,3.89766288,Business
63.80918949,22.93296999,129.37982854,39.88518363,8.18327903,4.53704649,Business
57.55632705,22.21239329,109.69770369,58.6245859,8.3145611,3.93891387,Business
101.22210952,38.4435562,177.30363174,71.96607561,7.7797977,6.39499599,VIP
117.75586165,51.52427252,233.00822179,6.14682443,11.63674994,9.3678047,VIP
96.84360914,42.86791617,160.97230311,12.05383104,10.52089441,8.07867016,VIP
60.44085937,22.22748741,122.57805294,52.52398794,7.5010152,5.16603854,Business
60.39200827,23.85355672,87.50458582,25.52359147,7.5459581,5.41425016,Business
103.98451502,43.44073141,204.13017166,71.30794579,6.5073333,5.08298841,Business
62.57264153,25.01723486,107.54508769,32.30049758,8.61200107,5.289072,Business
83.07034997,35.05715004,159.00146721,52.9719511,6.76697105,3.19683573,Individual
97.15585977,37.44548543,195.91224906,48.75820213,8.31335057,6.8804648,VIP
72.91843318,31.57605038,145.36885609,8.0319337,11.72647972,7.97776777,VIP
35.76629881,11.69173756,68.18986969,28.03076654,9.452298,5.47038868,Business
54.24047958,25.01635052,104.26723184,19.38886355,9.7822889,5.95558136,VIP
87.3631775,42.33568655,149.74022366,67.33390207,3.75309527,3.99816755,Business
30.92941334,13.82986807,57.9877512,28.95989367,7.35574593,3.43950555,Individual
46.4251301,12.58453783,82.25781965,31.43169035,7.31202908,4.07379364,Business
106.77619882,43.20891536,232.44619452,59.24547712,3.27396318,5.418117,Business
30.36424798,12.3067592,62.51017492,50.24923124,9.69287471,2.58571968,Individual
74.98227172,33.36420322,159.65641527,29.3065798,9.67161451,6.4351539,VIP
78.8454424,32.50911397,172.73591236,43.3917163,8.46086268,6.76545061,VIP
86.54346311,35.68924826,179.70809901,14.23775681,9.8102324,7.39356875,VIP
75.88730186,25.05001445,154.65544756,61.8254518,6.65142998,3.10477822,Individual
97.34350137,36.75668844,209.06096832,15.3234818,8.92077315,6.17391733,VIP
109.23738509,42.63881169,211.15355545,51.4832566,5.92236185,4.36768193,Business
68.58170353,31.74315798,144.93115763,27.138474,8.35448073,3.95660028,Business
93.16320755,42.0054755,174.68480297,55.85593817,6.2530186,6.75642007,VIP
84.33848257,37.36244798,162.83466006,19.32085268,7.38371469,4.58943942,Business
53.92437088,24.48156086,103.53385409,39.145002,8.04347792,4.61400141,Business
95.79328192,48.86214834,188.30190746,30.4190052,10.94490724,6.08904103,VIP
64.07965995,26.49092416,140.51123677,69.06889512,4.14213255,3.94570469,Business
74.61400651,31.15872615,129.79922497,1.22261696,10.5369762,7.21587106,VIP
61.23353538,23.26094171,128.76587411,8.53405681,8.39732213,5.41882502,Business
37.39264941,15.88905724,74.11973329,40.30123598,7.38680953,4.04234059,Business
101.85040664,41.26771826,201.54283684,53.53481352,8.69883037,6.20988379,VIP
110.81449689,47.24241825,227.03751704,65.13858433,6.83157894,7.57270796,VIP
51.94212724,23.02300807,130.46079541,20.7926216,8.53480168,6.09590497,VIP
117.51437548,49.87167418,258.8615304,31.70789988,9.33452417,9.22532991,VIP
59.6150857,23.03550022,148.38322733,17.46446245,8.81895804,6.50146601,VIP
114.9496573,50.98008174,217.55376175,26.34900196,7.65759417,7.16135255,VIP
49.00993922,25.18429721,94.39058431,4.34265779,8.90314274,4.78260187,Business
117.24305931,52.40246372,229.46264373,48.28263758,7.26876185,7.59312298,VIP
105.42711856,45.28143192,181.62209067,44.55702159,6.5653474,6.45193646,VIP
119.7750204,45.42793264,240.28313248,33.05419387,8.28117483,8.36138912,VIP
102.37908355,37.97177044,219.75082317,43.93948411,8.24024482,6.2055423,VIP
49.53007137,21.43522001,71.1898766,50.10779428,6.91578422,2.84452903,Individual
79.18614367,32.00840729,150.52160745,43.58920304,7.69673762,4.72568148,Business
112.51492598,47.24711717,226.60896264,37.33418281,7.32827173,7.95433424,VIP
47.38803224,20.79522115,121.31005718,6.27985664,9.06277347,4.7275478,Business
23.25377648,13.25420468,31.676472,35.13317982,10.1329977,2.66895414,Individual
45.1928172,13.80238545,110.91547438,62.75454982,6.74722452,3.32019177,Individual
89.16761648,34.62791532,166.75204896,58.36218929,5.47919541,3.49428194,Individual
63.65828055,32.07760746,136.80064994,40.18225416,8.98680688,5.13800956,Business
55.62817891,29.05551899,122.71732002,33.02090449,9.6945652,4.44727843,Business
31.61931973,10.9842165,49.14396462,16.46626198,8.69813441,3.93836766,Business
98.58117389,40.62270318,180.77445799,41.90108263,9.18435346,6.89836999,VIP
46.64404051,15.02975501,102.94739219,8.6498857,10.51616424,5.92910981,VIP
88.60629403,35.81639849,171.52628964,29.22819141,7.31521156,5.55067082,VIP
73.4439236,29.43111991,152.75720576,65.48071664,4.10522353,3.0550298,Individual
104.5057363,45.13100421,198.62369715,12.60390941,10.85723379,5.53138314,VIP
33.14658696,10.26283789,67.89532512,4.42595294,10.71906872,5.4663759,Business
43.3819433,17.68467153,90.16467647,39.57825795,8.55547033,4.39957103,Business
50.5644291,25.30602691,99.20792307,42.76225205,9.19185855,5.26425705,Business
117.85626405,50.09577757,257.86645158,54.5343295,7.19530817,6.18298681,VIP
58.82650194,19.80402115,81.65781396,3.63869193,7.38366237,6.60100122,VIP
90.24390393,37.18890617,168.85248429,6.86569693,7.10436253,7.14032259,VIP
96.17852705,42.80522558,188.53171541,45.77981575,6.84373629,6.11185411,VIP
113.88203009,50.83551625,252.05555669,52.86936025,5.26655748,5.95358027,VIP
94.36906602,40.07378042,173.89094287,32.99083075,9.83282824,4.27202874,Business
56.3245717,20.42719118,120.36385563,30.72819619,8.69599564,5.31764481,Business
26.33613339,10.77049777,55.14569194,6.99675625,8.58276305,3.48447601,Individual
95.44734082,40.01558309,203.00323525,16.63551992,9.20427583,8.12053474,VIP
62.22328496,29.6540408,136.09204878,14.20145312,8.96887104,8.01467629,VIP
86.1311525,26.07747377,178.46031631,47.55490374,6.81450721,5.47668757,Business
55.08009005,26.40000398,108.07212508,67.73281027,4.09959169,3.37567747,Individual
95.7233312,40.19283749,196.5620263,41.87020911,6.38508418,6.10854991,VIP
35.14511589,11.20175772,84.71744198,60.45716804,7.97663992,3.37390454,Individual
29.16386295,5.30076824,73.73547711,50.1575322,8.74525212,2.91406314,Individual
98.73424656,46.7110411,190.02008032,30.94530549,8.36919241,5.90600807,VIP
64.68288078,23.45600957,135.42790605,70.12783962,4.04672972,3.53103592,Business
58.16823431,19.24455494,106.33397533,27.7675086,7.80296298,5.65056359,VIP
55.81050829,24.99537268,128.33977457,53.53644031,4.74423392,3.1655787,Individual
75.07580488,36.40044948,127.22613205,67.57542265,4.24151161,3.39380287,Individual
79.49814875,32.61764873,178.3007617,54.27970461,4.28719526,4.01936035,Business
85.35549053,31.37976646,171.75166471,40.30152653,8.03537701,4.9804855,Business
95.19733924,36.75320671,215.79476183,51.20819596,5.36495017,5.12452218,Business
55.8058141,25.07762537,121.8075428,19.13597378,10.50118626,4.18535206,Business
28.34270776,8.16038245,48.53207946,12.94557945,10.0644443,4.14862745,Business
54.47876267,27.70513145,101.42256193,7.50218026,11.10360572,5.42774738,Business
78.11723333,31.42320269,162.17028215,44.98558306,6.78972603,6.89777542,VIP
81.63930789,49.28702009,185.46240435,61.76388441,5.36601021,4.58163879,Business
107.47322846,45.63473116,212.1181596,43.59121493,7.81137931,6.55821377,VIP
104.77787675,45.08926427,190.70162922,62.02236792,10.86444337,7.81248068,VIP
69.79515221,32.7647531,129.62824183,17.77857128,8.90333238,7.58284773,VIP
24.81788782,8.00323247,64.48627652,48.73975426,9.2627537,3.7210617,Business
72.92586476,27.04335526,133.1633895,54.55296689,7.76125882,4.04900371,Business
107.55772059,48.40424957,207.10391596,12.77639632,10.01583714,6.36501244,VIP
31.34291421,7.86785122,33.31457924,41.45071111,9.32793078,3.10365333,Individual
67.7575234,32.11347193,101.42091063,37.4003918,8.15294397,4.9693611,Business
98.93663598,35.15541774,193.97562944,33.97352742,8.34733926,8.39141238,VIP
70.85808326,35.9685305,150.08590817,25.55814792,7.55419098,5.09589704,Business
114.0509604,48.45840544,228.15866277,19.01048939,7.76321707,6.14129949,VIP
110.66871082,41.8744,219.81152297,49.28184767,3.29104265,5.14848789,Business
116.74373717,50.41386818,250.85423423,29.37027973,10.18293935,6.86467738,VIP
87.67283579,42.28172317,169.26700749,3.28084975,8.76100266,5.52655355,VIP
37.07206265,9.83945714,66.2065557,29.13746915,9.69724727,4.5270706,Business
26.16876722,11.83657123,56.11310693,22.45830221,9.11361674,3.85723308,Business
20.03823359,10.36332128,41.3507822,17.22696739,9.65776186,3.99825221,Business
75.55123541,30.65762513,127.15315809,36.69970285,7.88461342,6.7556159,VIP
107.83148221,44.32480258,226.81689247,54.41245628,9.57926415,6.83354013,VIP
109.47214233,45.00785102,234.65931451,33.30087392,9.65656678,7.04721873,VIP
67.86316058,27.3969508,147.91607784,1.61712362,12.0,6.92129447,VIP
119.17952899,51.59609737,213.28218861,36.49834992,7.21117233,7.44195037,VIP
86.18578786,41.55637931,161.56259699,51.71229753,7.03027366,4.91192392,Business
107.68529991,43.7919362,201.39515261,14.48757173,8.92318149,7.57565353,VIP
45.60631452,13.55002784,90.58093525,23.38429482,8.35953817,3.88468103,Business
66.68831741,25.36758556,155.3675644,12.39329979,8.81410002,5.13745368,Business
65.78805716,30.68029581,134.06475849,24.62423158,7.31736304,4.9931734,Business
88.97386949,41.59682946,172.53946849,51.56490954,7.37682279,4.23621158,Business
87.00594133,31.4685293,167.06383878,22.23820482,7.13004332,5.80175272,VIP
115.67661498,48.17236386,233.45557736,40.57811345,7.45956032,7.23996126,VIP
20.51083984,7.1131686,35.72802589,30.65217503,5.76411894,1.89605614,Individual
23.24941615,15.79196658,42.83656355,43.64869103,3.91093958,1.47653395,Individual
98.02188875,32.59434665,193.51762946,15.00859982,9.54084284,6.80828111,VIP
69.75022449,27.67240483,132.58854464,59.75117704,7.57777511,3.47159251,Individual
74.16978103,24.85634212,164.75637828,43.79824706,7.97536232,5.8795378,VIP
48.38920721,21.39848297,100.72847311,43.39617946,5.67795167,3.51029118,Business
32.04899656,18.68840858,60.77780505,69.47192315,4.32302769,1.9426828,Individual
26.11074663,10.22914476,71.54833971,22.86872001,10.36209564,4.63964122,Business
44.60027892,21.74916333,87.13670203,11.5763012,8.86952651,3.68939315,Business
30.40802064,7.4478946,80.75628627,31.11616182,10.60192463,4.59501848,Business
77.79953306,31.44286665,154.33177679,32.88362423,4.83874547,4.12604253,Business
36.04311523,17.63026364,66.53712641,64.33810967,6.16128049,2.30860988,Individual
38.43824417,12.91008483,56.29231926,61.22394019,4.47605479,3.59867663,Business
87.71361484,32.04613824,187.64532522,29.4245447,7.95335644,6.74367156,VIP
110.65804951,44.94908973,221.94755005,19.12545119,6.93147062,7.01013949,VIP
22.2727556,13.74438352,25.31183038,51.26616372,4.44570567,2.74226042,Individual
24.35934473,4.75989612,29.21561985,61.25393349,5.81788709,1.92364095,Individual
21.8457402,17.89137984,32.9113507,24.55071189,9.55498951,3.74871128,Business
71.77516468,29.8552851,154.37134053,41.20244917,3.88653027,4.67587077,Business
112.50531694,37.44042557,229.20583998,8.51723842,10.11914333,8.2815153,VIP
21.64023291,10.23663375,45.24926483,11.56426586,10.94792757,6.94198059,VIP
74.25858049,26.43673369,151.29630832,10.52131009,8.7460292,5.99658219,VIP
73.15992549,32.65003594,161.44089078,30.58712271,9.3938197,5.77853766,VIP
68.79713721,22.58068901,126.1374455,7.22072942,11.29756642,5.75461289,VIP
64.09655707,29.42092852,141.6615638,3.52004577,12.0,7.51947684,VIP
86.06034353,34.5408343,148.13499652,62.09807307,5.0694947,5.35460523,Business
113.3261127,47.13591166,180.33134451,50.50413625,8.06166453,5.1087599,Business
24.28929299,8.3658777,82.1386353,1.06969278,12.0,3.87098279,Business
74.60189663,34.8314644,159.1675821,1.69686642,11.84928725,7.22441802,VIP
63.31825464,21.4320913,133.71004709,26.29542769,6.02263007,4.22449105,Business
38.36587262,9.62340621,84.51001638,4.82809826,8.96931913,5.38706114,Business
85.39766279,41.06732699,166.03472419,21.90045446,9.03983467,6.13280385,VIP
29.83425898,6.3822528,60.17316805,45.98698829,6.25053964,3.24207419,Individual
45.46437975,18.66026137,77.15649297,50.82689849,6.39213118,5.51384915,VIP
60.36783613,33.44220629,94.08346782,8.39393311,10.59446265,6.22892327,VIP
119.97272568,54.74111141,249.95771511,59.13802925,6.47647334,6.98462178,VIP
116.2998618,54.77306067,209.29002411,55.45412083,8.54665937,7.46610321,VIP
44.91347585,15.51755783,71.08448504,48.98758769,6.66193521,3.23059603,Individual
103.92841711,39.9525375,226.51554651,46.42384859,8.6840077,6.85310709,VIP
111.11207499,53.80522313,220.48045981,4.76898797,11.16317197,6.15850352,VIP
90.14578906,35.81658682,160.00821991,8.92550229,10.60505825,6.76455573,VIP
112.03185577,44.4021163,238.70420177,66.73656802,3.44859371,5.55201279,VIP
70.23314116,35.76588727,159.86154798,26.63049401,7.32933899,4.82095467,Business
40.42398823,22.2321456,74.91370625,8.65118486,12.0,6.04183402,VIP
78.81326548,29.1295483,164.99223584,44.11191651,7.4828528,4.80343373,Business
39.30748402,11.45285833,69.31776354,4.92283327,10.36711686,5.8121665,VIP
23.60354657,10.96756282,45.74147932,25.72622866,10.1571654,4.4676577,Business
63.2258041,25.27728629,127.7522548,60.34003292,5.37553738,3.28413378,Individual
21.47635255,16.23367728,62.35355169,36.9686975,7.49390469,2.4228973,Individual
70.07314563,27.42389023,147.41825117,66.14822485,6.5340856,3.29240301,Individual
106.11361481,46.1798922,227.52448853,27.01708897,8.0501397,5.69749735,VIP
42.58043135,16.56270078,64.03812547,18.57319039,9.56409444,4.75427062,Business
47.22662612,20.87228846,78.49850614,27.23757212,9.52020169,5.00539997,Business
119.75567201,48.05565472,234.15024531,19.39615068,8.6357507,8.09973264,VIP
111.05759833,42.10592599,230.11131111,16.25617955,8.49750375,8.80372538,VIP
84.40586456,32.07981785,180.47390032,70.01896068,4.10404676,3.7180347,Business
73.36703285,28.51678211,131.13385217,24.70785537,9.13185294,6.17080844,VIP
97.78209307,33.79480223,189.34611519,15.11789931,9.62150177,8.99123548,VIP
86.18034537,29.10890667,212.33173169,41.49050466,7.06683219,5.28313398,Business
41.45241881,14.75546686,91.94221809,5.46809914,10.48664995,5.82963036,VIP
77.55718719,29.15369705,174.97771375,38.21066823,6.74626011,4.67913304,Business
94.81574178,33.30318259,198.82074894,42.87993483,5.2027428,6.51892541,VIP
73.70170122,35.76220212,135.74438115,54.68011272,7.0638395,3.01660278,Individual
35.55591244,19.15265257,66.75531307,26.81991487,6.70556901,5.361247,Business
41.84036106,15.44528056,52.5529576,18.91037956,10.08045658,6.49161976,VIP
31.75418747,17.35900392,70.15519006,29.5522306,7.4742751,3.76760194,Business
35.75878368,10.11369067,45.21206491,2.75944823,12.0,5.7374504,VIP
105.69318102,47.29565993,231.46025067,55.27269704,6.4102854,4.53406976,Business
34.16261026,16.78599505,72.07955397,67.08233154,6.28342187,4.39278478,Business
66.78839869,30.92160879,149.90365853,52.77720962,4.25191444,2.12329574,Individual
53.33677108,22.83761174,132.46775153,13.63254072,11.19509066,5.23550947,Business
95.49884248,39.93443609,201.63145599,20.9791437,10.88104958,7.50298624,VIP
20.29639191,7.91859583,73.20619115,32.02357627,8.49823507,3.3807026,Individual
49.86558172,25.30678599,72.77949224,37.03252544,7.56347652,3.89964789,Business
39.17157826,15.16093518,90.67365925,60.37870511,4.82592003,2.66159837,Individual
25.92034028,14.35312902,58.18693771,45.03766277,6.07132845,2.01997639,Individual
75.75790225,30.56261944,141.92923978,40.94052422,6.74851006,3.91420429,Business
108.70288189,45.43416714,226.6265421,69.45899123,6.020853,4.98400613,Business
112.44782271,44.41952892,243.26973184,45.53448493,4.77009769,5.56233269,VIP
34.24706738,13.77811516,78.02662041,66.51579476,3.03599427,1.86123592,Individual
45.27195756,20.8588413,96.60363931,7.18868842,11.98344901,5.66136142,VIP
87.66083953,36.11146884,167.39426804,65.64198657,4.42693733,3.56814026,Business
61.97101409,26.31219544,126.54223832,16.71789145,5.95946903,4.19379934,Business
25.58053531,12.7039639,52.16890498,9.87925526,11.80227407,4.29840206,Business
53.06111889,23.26732312,145.90914907,39.2816419,6.06400551,3.9821511,Business
27.94371564,9.65604956,44.09357707,51.95677812,7.21142586,3.13474339,Individual
110.81158178,48.18776635,236.466031,48.47416824,5.37601966,5.34048004,Business
102.8708369,43.5964218,190.51408301,48.46026567,8.66424795,5.35650387,Business
68.50578401,24.4162293,135.24274039,61.29910235,5.20268766,3.46584541,Individual
31.01258331,15.3399355,75.09913335,24.36051967,11.52827719,4.87965283,Business
33.10057008,11.96126577,54.29373394,44.14271809,7.42309117,3.47272862,Individual
37.59870542,17.56532452,103.01370061,54.0378058,4.15811649,2.36191659,Individual
93.7722912,34.69246811,190.55717754,50.67355533,8.39663069,6.78678047,VIP
32.36874383,9.72428758,86.67302946,38.42637917,8.01844187,2.36528539,Individual
35.86932828,17.13875622,65.52872611,22.3434185,6.07425368,2.47174245,Individual
88.37770879,43.93617618,179.60377949,50.57553623,4.70588912,3.72579374,Business
48.72807948,17.41172106,83.86428129,57.18225628,9.51099797,4.06721106,Business
98.78107222,45.69750848,167.89251334,57.89862948,6.82741529,5.79764098,VIP
69.01650593,26.6107393,154.3870556,59.64157951,8.43347306,5.28689141,Business
30.52589464,12.78360881,40.2102116,45.82959622,8.10339009,3.5986753,Business
99.35638746,44.06184597,207.58027748,32.10363687,8.33388319,6.00942609,VIP
64.46777294,27.23776369,152.79218475,54.75498358,7.11483304,5.42758379,Business
54.5524201,20.06218329,128.71081643,35.17924765,10.13482418,4.99166401,Business
50.42588174,20.46859355,128.85094514,57.67822072,8.24650432,4.87210067,Business
42.73841226,26.50510557,80.79349661,40.43700918,8.45294431,2.28958876,Individual
30.50668613,6.38019995,45.67031432,21.33365888,9.33758852,5.70596494,VIP
101.86857039,49.64034915,216.70858837,56.83906273,4.45789512,5.84967506,VIP
53.72631427,26.11339434,85.2951609,8.45302097,9.63708525,4.63961903,Business
44.51292875,23.23554089,96.57815124,50.88075912,8.11881341,4.93940512,Business
41.41287029,18.19161306,76.25875099,35.76540671,6.91160965,4.28750723,Business
24.16410051,3.32761241,59.9956174,68.61834457,5.08920794,1.11881707,Individual
48.03402709,19.00500967,102.16149361,15.47730895,12.0,5.58776241,VIP
90.6333512,31.23327931,170.06169954,53.37737179,4.52261251,5.39566874,Business
21.52462784,12.94357515,34.63767409,24.54218701,11.72387977,3.22803685,Individual
85.04463343,33.92359118,166.19629915,63.00219883,2.70206615,4.66378525,Business
57.49713826,27.98888688,114.37399252,45.35941926,6.57313599,3.89506943,Business
34.5958372,15.91901729,72.0029646,29.33000638,10.15606258,5.64684052,VIP
32.31421526,13.92534875,58.50447504,41.91532081,6.87093161,3.55686621,Business
34.74632496,12.71450392,63.49988185,59.34056483,6.22105477,2.43263829,Individual
76.42406301,35.97556401,166.37247155,61.94284862,8.47856912,4.65661571,Business
88.52931542,40.31734129,163.87445022,55.16687591,5.99380595,5.82638938,VIP
86.6374447,38.04553954,159.84805489,18.72982598,12.0,8.19661375,VIP
118.5719374,45.59412448,260.2219267,53.96927784,5.3736469,5.81895956,VIP
32.9754732,10.18191779,55.45429419,37.61914463,6.20821937,3.10999357,Individual
26.03908681,18.02322966,54.67204669,7.06625428,10.32408577,4.82934306,Business
85.86363734,36.18662823,173.67356659,16.70853264,10.10229669,7.46810737,VIP
52.63457764,23.53406301,89.44964665,27.44417397,10.44137142,7.04817186,VIP
47.76898894,20.37725147,101.22545226,40.63567205,5.599195,3.8580149,Business
99.0446755,40.60300494,216.97602208,67.44383195,4.66620281,4.22680921,Business
25.09269111,5.51669531,51.59668577,66.98319488,5.74861396,2.51413801,Individual
30.87893242,20.29422994,53.5563494,41.23048835,7.09633609,4.40180769,Business
112.02622081,48.97517311,227.95451606,49.45547889,7.89772932,5.18440867,Business
40.74787133,19.96404952,83.82654789,58.78762054,4.7390756,3.23380717,Individual
118.06795634,52.80023717,233.64668275,36.97478477,7.58457207,6.30122354,VIP
62.63596307,28.28490055,130.23700356,19.47202307,8.55459113,6.34286624,VIP
33.72568748,11.71551107,52.87343368,49.10076087,10.62409227,4.34608282,Business
24.34897734,12.53284336,53.86381944,69.55170391,6.51536588,1.89183694,Individual
54.5610389,26.28722902,85.41405513,54.85367888,6.79598788,2.62993134,Individual
104.48163183,46.85884146,217.25374527,44.70567082,7.87909901,6.09798677,VIP
71.41839377,30.36043396,134.89243367,54.92996488,6.24035268,3.66581183,Business
61.52728762,26.78934471,123.15503102,56.64452943,5.08122829,1.46257464,Individual
71.52797696,30.08225655,146.04418844,42.14199368,5.41033076,4.53396757,Business
95.71220008,37.40828886,216.14682279,14.19312472,11.88350849,7.43026144,VIP
20.43788292,2.81054562,40.71282364,59.64979132,7.50533558,2.25123697,Individual
95.36584084,43.90316107,203.41736673,8.61418857,10.60565467,8.74308902,VIP
55.94100866,22.72027912,126.37105093,59.1539017,5.93747977,2.97554335,Individual
96.00437767,38.18650157,193.01559739,35.87260771,8.8803328,5.97159936,VIP
50.66556659,19.72277387,117.79415921,54.60294419,6.99624616,3.72720356,Business
109.93092131,47.60789543,214.56091995,13.4040639,8.87527937,8.31147623,VIP
87.07614371,34.992795,157.67808606,65.95435571,4.70431928,5.05738907,Business
42.21408468,16.22739486,91.51031622,41.06326221,8.83311771,5.03226019,Business
39.16776471,12.38663437,87.59186886,47.78669246,5.14426736,2.23144237,Individual
108.85430284,47.69843149,224.35400972,9.67469731,9.08912361,8.15032021,VIP
29.10920955,14.44228556,70.12218217,38.25221857,6.50551278,3.04248445,Individual
72.49590587,26.80234926,135.10662557,46.96506584,8.30753271,5.55948123,VIP
63.87173196,31.5029598,153.06978949,52.8907814,6.56602865,3.64452287,Business
51.98133246,21.48678241,126.76746917,67.47318826,5.79609692,2.1194096,Individual
89.89833464,36.91328514,173.0387388,2.194049,10.53787815,7.95421491,VIP
91.82436352,39.05539271,173.05481137,69.16420118,4.67878944,3.35274826,Individual
42.38891387,15.43566178,81.68341919,1.94291301,11.76662724,4.85216996,Business
72.33955864,37.06091511,166.30339731,53.79133031,5.15240835,4.29745534,Business
71.96015257,31.51583678,134.90080419,35.48167607,5.47303831,5.05502567,Business
27.95402269,11.53164066,20.69349863,37.31079541,6.64401776,4.55449331,Business
118.28470347,44.35342762,237.92875785,50.13674591,4.38844685,6.11621261,VIP
80.60608724,33.89567277,163.60561651,17.1746174,8.24642276,5.39799089,Business
60.81367686,17.83731336,125.89531276,39.17138093,7.45253548,4.08377041,Business
104.1120457,38.38492609,206.41893682,13.71764382,11.16358543,8.58772012,VIP
40.47056349,15.40796124,99.38448157,32.71068693,7.83887757,4.88833751,Business
27.38078296,6.34076623,51.92366663,31.40329269,6.73394503,2.7616381,Individual
24.90993314,10.31100554,47.60775595,25.0244603,7.55659028,2.81010038,Individual
40.4860439,20.78720608,111.55566697,35.14114246,7.79727667,3.82240919,Business
65.31596479,26.69500518,103.13292351,1.6648962,8.78017829,6.08046018,VIP
87.79774111,34.85175135,180.16779304,23.50678931,9.97247991,8.08820188,VIP
60.15208099,26.47486065,108.72599699,68.35451474,5.89759657,1.6363643,Individual
50.48548831,24.35621902,97.89274213,65.09632988,5.24486983,2.4937292,Individual
74.53211992,33.96980073,146.19779864,23.43446928,8.79967679,7.88419883,VIP
27.91574522,15.04491305,81.86888325,56.42113527,5.71430146,1.72278744,Individual
26.04339539,11.16576291,54.45984095,41.79148984,6.82280295,2.30282239,Individual
94.80642246,38.02422338,185.70018284,67.32945185,4.84953122,4.64574785,Business
79.17117835,32.02669679,153.36977936,35.36314632,10.91680672,6.91001196,VIP
94.36004272,41.42301655,208.95574811,16.93297845,8.79283585,6.5505167,VIP
67.37562547,27.90254441,132.49746124,30.6644407,8.38163135,5.69040147,VIP
25.66379818,10.80456681,42.24679368,50.48279533,8.09421936,3.94965752,Business
79.30822167,38.40204995,155.93827327,54.42914334,5.6356009,6.59959316,VIP
48.2330416,17.15950116,95.32673898,28.52384559,7.52999531,3.13136648,Individual
111.38198274,48.60720292,233.79193169,54.39982758,8.26752581,5.83679687,VIP
80.29525251,32.91661139,173.80156533,63.75523681,6.6447394,5.18510934,Business
27.31842067,9.62668475,72.74655674,46.37733303,6.32651848,2.81842287,Individual
102.92789203,42.43055198,231.03264232,63.93463766,6.77163147,5.56360729,VIP
69.79028876,33.61521165,124.16596108,17.48895209,7.29487789,5.32558238,Business
57.57018762,24.46913234,85.06375302,22.12913644,9.3188981,5.4254383,Business
59.12153897,19.93228436,114.99212054,39.82903809,10.03063094,4.29714142,Business
36.68936533,7.51390004,75.07263815,47.09844655,8.96089077,3.93744313,Business
41.45709663,16.25424037,60.88805458,5.07785827,10.68209108,5.84923085,VIP
32.2462009,17.12442396,68.0723043,55.41348762,3.11393727,1.66653805,Individual
102.53733495,39.66700919,211.33791224,29.62894085,10.6510625,7.26518268,VIP
23.63645948,11.04744306,43.6088417,43.9262184,5.92350661,1.48341089,Individual
44.11180929,20.7196337,79.17607366,63.66663257,6.3418493,3.59964238,Business
37.52737745,11.12520855,77.28579318,28.26421158,7.69580836,4.75000748,Business
58.2301177,27.40209664,106.32499457,52.36675504,4.53144088,3.10903904,Individual
24.53614737,13.62351027,61.40510451,69.37771787,5.68048052,0.75953642,Individual
101.40817668,43.61561173,218.44431794,31.42770164,9.54067174,6.21750511,VIP
70.07869442,29.19009193,136.28938077,9.89015559,9.8217435,6.01090231,VIP
111.27112253,52.06035203,250.74383848,6.6612398,10.85130968,7.13374862,VIP
79.17728827,31.4847793,130.01853163,17.28776487,10.24922241,5.44921667,Business
48.06480724,15.82191513,120.53747949,19.72226022,8.02627818,5.18702072,Business
25.75739211,9.81367989,28.85842714,45.90871703,6.37807632,3.68529918,Business
93.51495978,39.5639628,180.22039565,33.72823804,7.46310895,4.74789356,Business
99.2056291,45.38287368,181.80567099,71.99348161,2.89358168,3.78744448,Business
25.39053476,9.71670884,47.32634572,11.658834,8.91840166,4.17743093,Business
66.86604662,32.49414049,126.67904432,62.30580486,4.55246843,3.69615278,Business
119.9455224,46.36445019,236.88626555,56.76038112,4.71547494,6.06469026,VIP
72.16973885,32.05966273,125.44520049,67.10921067,4.32898772,2.75845035,Individual
111.90898092,48.67667868,231.19448561,5.11506423,12.0,7.5360001,VIP
106.30490441,46.80613765,222.13855399,41.70567192,4.92258303,4.829047,Business
91.39098067,38.70056988,171.95627553,51.83498497,7.13003629,5.20207855,Business
54.73436586,22.7467446,106.17458381,37.49072709,7.68342699,5.16802336,Business
34.3400011,14.59919415,45.42575417,53.28577972,5.65240753,2.6418617,Individual
63.79111619,23.70340117,97.99590611,50.19854573,6.17844332,4.16589445,Business
79.59210333,36.87638613,153.07886372,51.6472061,7.29356584,5.28327622,Business
42.3468654,14.90859678,87.29670414,31.30570869,8.10813312,3.54452056,Business
74.50793455,23.77290746,140.6247478,68.63239439,4.02851116,4.31343801,Business
22.24247254,9.29181615,41.53395058,71.41056905,6.91285158,1.49258944,Individual
54.07043212,22.91250033,93.60769122,66.61453481,6.64799416,2.44712706,Individual
95.56390686,40.25928602,190.409053,19.63896419,7.85856414,5.73140689,VIP
89.02875892,35.5856243,175.0971851,34.59602166,8.81362016,5.55006093,VIP
69.39314592,31.19761923,136.36884185,17.36734914,10.18849179,5.84550766,VIP
104.49937586,44.46626115,223.34662551,10.65373758,9.29808635,8.02762286,VIP
24.4457168,9.80596132,55.99486914,62.91073062,4.08527463,1.41735573,Individual
81.75153882,33.9611473,137.44162382,11.06287866,10.32915791,7.99761928,VIP
109.74016856,39.39562988,251.08331665,66.60495742,4.78232702,5.41211214,Business
79.7972982,37.15924484,129.30270297,21.05795971,9.57889341,7.38144598,VIP
119.16549354,44.93691276,246.07447503,61.13534775,4.78573952,5.38964566,Business
109.15416888,43.45485487,213.46210159,8.80924958,12.0,7.11889211,VIP
81.59416489,35.28749768,118.15250737,11.62901704,12.0,6.89409389,VIP
55.36862662,28.18069554,95.29454248,15.71326079,11.03691641,6.16148101,VIP
26.67999893,9.7108897,74.69214496,57.84227079,6.72498747,3.99634601,Business
60.42128762,21.9467454,128.6881361,67.09185725,4.04684942,3.40479177,Individual
21.32342514,7.17902248,36.67133756,43.82864885,10.09777515,3.95161683,Business
44.35516622,22.16704056,110.74327229,12.88589958,8.52278896,5.47861708,Business
26.88301644,9.79487196,65.09062105,54.30684989,4.86897655,2.25555854,Individual
103.2276844,44.51163265,232.08996736,52.9718284,7.62439239,5.49597628,Business
25.06499946,10.33439251,64.43826739,51.38288871,3.49480579,3.41792375,Individual
22.68857857,11.46037524,82.20150169,24.49820929,9.9586076,4.30429671,Business
75.72458976,30.71810105,160.39177062,9.11864687,8.73209344,7.17150886,VIP
112.18515373,50.74407883,233.29813571,11.03592634,11.79856388,8.88871752,VIP
101.47801988,39.81110725,211.74874581,8.0697151,12.0,8.72892409,VIP
77.75288687,28.00889177,125.16674845,2.21827837,8.8862836,6.24790003,VIP
113.8486072,50.92983159,247.33320679,31.25097085,9.73159185,7.83196554,VIP
115.77372667,53.16432752,230.21660433,31.06394967,10.49658332,7.88058276,VIP
58.81612635,22.8726611,115.75844889,40.8062341,11.33550412,5.54183467,VIP
54.68568425,26.81589078,99.99653273,27.26587833,11.16095555,6.5273549,VIP
84.25994716,42.9436424,152.9503954,64.18823047,4.7640827,3.8859968,Business
45.16864692,16.74397944,91.80902799,46.2831533,7.91284293,3.36415284,Individual
111.06372954,42.85097675,223.90839315,54.22273981,6.72173088,4.61598308,Business
40.92459839,14.74942175,94.93089682,2.48097613,12.0,4.06700355,Business
113.76088948,50.15058925,239.30654572,23.40406793,7.94132634,8.01533549,VIP
54.20950061,23.54007775,81.34762118,45.18424584,9.54513862,4.06986017,Business
32.80867089,10.98190167,49.5580861,20.51881643,8.16235328,5.63941585,VIP
32.02353998,4.17630947,50.81665036,31.72051682,10.0253688,3.45164876,Individual
107.21658159,44.58112151,219.57011346,19.56289975,10.95781212,7.16378772,VIP
70.49059755,30.51976118,151.13492483,15.44573804,10.47126983,5.50139451,VIP
38.3593311,11.71637283,76.86231653,51.6080038,5.04721974,1.96121255,Individual
80.10524762,27.80002722,158.84563883,55.75661119,7.99341827,3.89391787,Business
84.94756344,36.57152806,177.54345709,28.49922747,6.54007404,5.0395404,Business
51.20989877,25.6169324,110.15370904,26.0498683,7.46482288,6.70118848,VIP
24.22396755,12.63262617,39.97808772,17.13499341,9.45249205,4.04446918,Business
21.65929699,7.61627689,25.07322034,44.66185329,8.61480885,2.79394086,Individual
98.4734516,41.85370566,200.52818534,2.21369028,11.43566311,8.6806047,VIP
41.68745337,12.8416549,76.52604957,35.3957281,6.72029502,3.59462184,Business
34.40603383,17.95465972,67.26021589,5.05977598,12.0,6.83686576,VIP
48.96754174,20.26937381,109.69919375,42.71110751,8.88366249,5.07643248,Business
108.89395833,42.63480882,202.1230555,40.98987999,9.93387581,7.52034551,VIP
87.59528497,38.47453878,191.22153084,54.32381632,8.58292587,4.68745907,Business
84.66160853,39.12621869,189.62904636,70.06792833,4.22971272,2.33253846,Individual
113.86154202,48.60733525,239.9908061,64.90820427,8.07071246,5.9789911,VIP
110.75800767,44.18307924,222.6516117,1.64352456,12.0,7.73710229,VIP
100.73255937,50.00794454,226.89887978,13.20495448,6.37281923,4.9615055,Business
75.07709581,32.53012518,138.32643106,30.24267892,8.6863832,7.29647096,VIP
112.49353366,45.21405976,215.42770121,65.30722104,7.59883746,4.94812337,Business
83.34065044,36.09129751,171.97594989,50.09084434,7.02261908,5.57516037,VIP
109.40067536,44.15166821,236.54958393,26.00437273,11.7727222,8.40046741,VIP
28.01917569,6.26849665,45.3165419,12.13263935,8.49279883,4.98364515,Business
27.95297322,7.45929659,69.55801339,45.43096137,6.20138908,1.85434002,Individual
99.42986436,44.35175556,176.59745369,41.01420041,6.54960695,6.61679564,VIP
77.21072349,27.29343836,137.61662878,13.36253673,8.98888987,6.06720389,VIP
29.89875107,13.01002178,45.41241012,62.13034418,7.23941719,2.77621018,Individual
66.67759632,28.8860667,128.39396998,48.27069799,6.99250165,5.07978416,Business
49.86848632,21.43145692,106.60343123,18.0233906,8.63878558,7.24159032,VIP
70.67562402,37.44964619,149.23103918,62.47777252,6.39884016,2.66010513,Individual
78.64655986,34.3413003,157.07991422,53.10357783,4.91345579,4.83892435,Business
89.93935522,36.07946756,161.42000029,30.27965494,10.86134599,4.96331157,Business
95.98490804,44.81292395,199.74943799,22.59826458,6.228394,6.75113206,VIP
59.26794666,24.29992148,140.21976581,59.65338784,2.41034399,1.57582901,Individual
68.82291961,28.83342612,147.78496679,27.46841542,9.80429748,5.08010596,Business
75.13499943,32.65238486,140.67831728,67.74481369,5.21429379,4.02337636,Business
103.16859214,42.46810271,192.30218946,27.90561923,8.53346587,6.07306374,VIP
44.99917772,15.57410123,108.2595659,45.4193571,6.86995415,4.55810529,Business
75.6387978,29.35375693,156.73543292,38.44255447,8.24617897,5.6390169,VIP
64.36881295,28.41054993,134.99819585,15.35280471,8.03989083,4.98484382,Business
50.96463901,18.45031043,93.50324813,18.90992443,10.5937783,5.86263314,VIP
23.01068799,8.7519855,40.70736419,6.72208803,8.52047564,4.32590006,Business
52.15245018,18.44592466,79.07545561,21.54428157,10.91323134,6.35543192,VIP
26.46568104,16.95544378,71.52075351,22.00767129,10.06973237,4.05536064,Business
106.09085395,38.10942697,210.12178633,13.06965838,9.48358635,8.79102902,VIP
34.59949481,16.89627706,51.5477647,38.17912528,10.2127487,4.65657328,Business
27.72172847,10.3396635,81.34147525,49.41342342,6.52952021,2.23377187,Individual
93.82481633,36.49666499,181.35134908,64.2996364,8.28434989,5.94843251,VIP
67.97767674,28.92619926,142.70071825,33.78424312,5.87122484,5.29264571,Business
27.99799561,7.9468978,61.30772956,26.81342743,9.62237877,3.49070231,Individual
46.84495337,23.08940061,96.32618661,49.06389682,4.54811312,2.56614656,Individual
100.56903777,42.04714743,192.26124681,46.05781043,7.60734586,7.37802813,VIP
30.11562441,10.08413306,72.81930838,41.61148799,8.0677816,3.67766869,Business
70.82881068,26.4589722,130.20633966,54.0395547,7.95996512,5.40666996,Business
22.66445561,6.61118505,34.81874833,30.32348056,6.43298511,2.52984046,Individual
55.1737523,19.01049734,107.98825525,24.14557941,6.20918905,3.49042285,Individual
34.23853511,14.11733402,56.09208368,45.69316453,6.49898455,3.13405195,Individual
35.36984007,15.46469134,79.1674377,16.93446522,11.00559716,5.26359112,Business
30.26910531,8.93201884,88.68902334,60.56954789,5.95961189,1.31095633,Individual
29.17977502,8.49646303,62.13920263,61.57045176,8.45895397,2.87437852,Individual
28.17335219,10.91683956,63.51456465,28.06977446,8.49059735,4.53078253,Business
63.10078162,24.09380578,146.4025341,4.91154932,12.0,6.69566799,VIP
31.69415885,8.69954076,69.27662142,49.18920786,7.99778744,2.69781636,Individual
106.64511578,50.0090257,240.55913806,70.76451945,4.26719705,4.98939968,Business
74.41372014,33.95458493,152.87311554,26.08526754,9.63970378,5.71564798,VIP
46.97544978,13.77699413,106.66169001,56.86140709,7.1613853,2.38875548,Individual
55.69217182,26.57253302,94.62984965,22.96532909,10.26909199,5.1432565,Business
27.97541648,12.23011869,51.52020086,14.86875671,10.09271085,6.34211576,VIP
70.69523914,25.05191494,137.68787587,17.24163289,7.65070187,5.51697775,VIP
55.41405425,25.19801603,110.38512741,55.10531721,7.45727754,4.55796594,Business
90.27540087,31.59911579,187.97421616,65.88532934,4.30169869,4.26942072,Business
55.58123848,17.70297754,105.58296749,24.92928014,7.48752816,4.26208876,Business
117.68385584,51.73165549,235.1979389,62.35963411,6.69219707,6.15072381,VIP
115.91061668,45.80411306,226.76634721,19.10243762,7.88628545,6.7226298,VIP
92.10356022,39.60073028,166.52397408,7.49998236,10.96266668,7.14605848,VIP
76.29930737,29.75147292,176.59968401,66.85425095,5.53060295,4.85158005,Business
36.95282629,12.60158209,95.51083172,36.77167585,7.67537775,3.75493245,Business
27.41148989,12.85367105,45.81135621,64.4254267,3.61141829,0.65236631,Individual
55.2220027,22.86106291,130.01197753,66.59677704,4.20900965,2.7032164,Individual
42.11844279,16.38954784,86.0858694,63.17955232,5.91744099,2.4250913,Individual
104.79924151,43.61163212,216.82280971,49.33642858,6.22193319,4.86974901,Business
79.84765865,39.85811995,155.61217263,52.02685467,4.95960747,4.53312935,Business
98.84721155,43.66026711,181.18899265,4.272684,9.46953045,9.22236301,VIP
32.98121205,18.11559796,61.72606799,56.44013937,6.90276745,2.2683597,Individual
40.20585399,16.14900367,74.45974643,41.5011708,7.11841801,3.09478877,Individual
44.71898005,23.31543908,106.51380716,71.59439462,3.2387502,1.90618083,Individual
114.37108633,48.99708051,263.25297564,24.80740439,8.76856144,6.76669217,VIP
112.1807506,46.99915037,213.01255406,52.47294003,2.90562901,4.9611244,Business
83.07120451,39.4760537,185.13205486,51.14041358,8.24742974,5.23549049,Business
59.5605335,20.91431949,121.37248473,21.72654334,9.11853044,4.37481567,Business
45.78240415,20.96759992,73.92529967,48.55469538,7.09720237,3.84563787,Business
46.53629265,18.46309158,103.78781697,14.47574911,12.0,5.34954374,Business
40.79797655,19.8553046,87.96733917,45.87393107,7.02668799,3.37899266,Individual
42.89369041,15.78100422,54.52763764,43.63647592,8.64192153,3.28580392,Individual
41.96431824,13.06187458,88.18490913,9.76381067,8.6749567,5.58619795,VIP
76.71286844,28.49460396,147.06695944,60.91925796,5.40781455,4.26670178,Business
54.3927729,18.69446631,143.77952895,51.59010485,6.7802705,4.77376391,Business
59.14417077,18.98340165,132.10758228,14.9661127,11.2263617,6.22389953,VIP
24.68855676,6.55635234,24.72465105,48.46914616,8.77528587,3.38194297,Individual
60.52621555,21.80262892,135.74752712,14.3102469,10.53232348,7.38361652,VIP
100.45714386,40.71792467,233.22193065,13.91636773,10.27487437,7.62465041,VIP
25.92324968,15.31922143,53.11213522,52.4741512,4.92323316,1.87123843,Individual
61.90624388,28.87246681,118.14331712,30.02689573,8.81401235,4.10352345,Business
58.72368399,21.94742893,135.07380111,1.80960833,11.28815798,6.32374571,VIP
112.37853757,45.95717823,255.7769308,65.65329784,4.25106249,4.99675045,Business
60.56988503,21.54689771,141.93999589,40.73804287,9.07469782,3.02132794,Individual
109.88566527,53.55853364,213.32436562,36.15983631,5.55301376,7.3161194,VIP
106.26573117,49.46384204,209.4717865,28.73608736,8.31436117,7.87583882,VIP
102.5298214,42.94056282,184.24114576,16.21467342,6.99767707,5.74312062,VIP
97.71026269,36.25736161,194.32300412,6.46952056,10.295276,7.5652771,VIP
31.85515412,2.38118558,62.22336639,50.47272974,7.67388387,2.70156742,Individual
88.23846516,33.62377628,181.9769368,32.06197397,7.45700591,5.49548205,Business
105.91044328,42.81113516,235.18738848,24.82986293,8.87761664,7.45396969,VIP
39.13484474,14.80825313,76.03917777,27.65451534,7.67852825,5.40160256,Business
116.7013505,50.14049904,256.21512951,30.54109653,9.9937108,7.84578487,VIP
89.069459,42.98062705,184.24396835,61.32179653,7.43328792,5.45665582,Business
78.34610593,30.9662406,153.04110294,1.72606162,11.71548396,7.75259322,VIP
29.42371762,10.3726166,77.73860554,5.05411861,12.0,5.67168274,VIP
61.79571793,24.93351986,113.70664025,10.75152521,11.51094768,7.31803558,VIP
88.66430986,36.81019698,158.95971109,28.08329918,8.1527025,5.63534443,VIP
51.84439258,23.43802693,106.63673043,65.58017322,5.44189952,2.3290382,Individual
89.27404709,40.031447,164.0561386,40.5667801,9.02810973,5.12547986,Business
48.09974821,21.45801166,110.57159889,14.76560711,7.85286096,5.21085074,Business
77.76292511,30.37173882,148.83622096,3.83647574,8.74392839,6.93787345,VIP
81.2984942,33.17431882,145.23764031,48.12896514,7.37084393,4.82742766,Business
46.05501452,23.94393915,98.27332022,42.86398234,6.80079426,2.68818477,Individual
78.20210314,38.78192096,150.35277541,45.73429352,7.06657807,7.1824073,VIP
91.84819824,33.20627959,183.22300689,41.10497308,6.9254655,4.68035484,Business
100.03428707,40.02016287,201.67183383,54.76546049,7.06429178,6.1145222,VIP
83.27003477,35.60626787,178.72439879,12.39719638,9.14775163,7.14602353,VIP
59.66949277,26.33823457,86.63270494,14.98060282,10.02466001,6.58815481,VIP
20.69999805,8.62017496,49.85720656,14.12540843,10.50279805,3.41648081,Individual
24.06064964,8.82959181,43.07512476,30.54584177,8.08849299,2.83663239,Individual
98.99564591,40.15461684,225.95005559,33.69977801,7.58518152,5.00543625,Business
73.32484253,29.69034342,168.66352047,38.40142859,7.49103113,5.40448388,Business
109.02076328,43.14546912,234.41749664,58.0262966,8.35476006,7.67813882,VIP
94.00321624,37.0747656,198.66356373,34.28312214,7.2196927,4.94837723,Business
110.63170621,45.29435975,194.90553724,71.64444655,4.67409424,5.90104195,VIP
100.99178378,43.61979959,198.55615707,19.84580774,10.24808223,8.24545933,VIP
101.20712911,37.94896119,217.40995803,17.65020637,10.16747851,8.66945133,VIP
73.74588331,30.3787051,161.62999082,60.86712425,6.5387309,4.76903689,Business
29.05013348,13.9593628,74.81812266,1.7422362,12.0,5.47208102,Business
106.93584224,41.52048072,192.39767868,60.34123296,7.63851066,5.97410792,VIP
31.57955714,15.06768679,51.21105347,5.71172353,10.00942422,6.11677855,VIP
22.04552543,13.26572147,21.50036215,70.92274319,5.17569021,2.81705621,Individual
106.41977889,47.98955318,179.81576865,68.52792384,5.92010673,6.09684691,VIP
113.30455699,42.62456831,240.61821464,46.31643747,7.62725423,6.99414426,VIP
43.02164502,20.75080731,90.44757843,7.2832006,9.46310345,5.20390466,Business
43.81189903,22.89085781,72.72672516,20.2248344,9.94646597,4.90476703,Business
55.26876369,23.09169982,72.76527369,61.30230547,7.90461593,3.26779909,Individual
58.16942766,24.77232389,113.88472014,29.92114545,11.15360239,5.795989,VIP
94.0850286,40.97345126,176.90435676,28.64318906,7.70998467,7.7465164,VIP
37.94053334,16.58532809,66.91594461,22.57471966,9.22383096,4.93439179,Business
25.48659274,4.53405802,39.04968262,9.84444732,9.70243431,5.65160017,VIP
91.18291037,41.11630452,169.50439535,65.56572027,6.45489381,5.32565467,Business
21.16586506,10.92667514,45.51082976,18.13029757,9.92646453,3.47569352,Individual
113.46173855,44.810316,230.8667511,35.98466498,7.7920413,7.94596304,VIP
100.76669496,40.50818033,196.99984341,16.90701615,10.77582279,7.66180485,VIP
85.00572406,33.24552179,172.48207131,35.60060564,10.25631207,5.60334152,VIP
98.17613436,39.43006629,193.65830226,17.83747902,6.01704753,6.04112092,VIP
99.77683656,48.18711174,214.50201023,18.55175911,6.25090977,6.34942002,VIP
98.16169071,43.74826946,221.0538977,64.97933883,6.61006486,4.96761577,Business
94.67405391,39.46395302,204.51445298,60.55683632,6.29860649,4.38602722,Business
23.47925818,8.84965421,48.98344697,58.73058042,5.64039301,2.18651879,Individual
100.23538587,48.11707277,230.43506661,67.91967607,3.86446497,4.26374581,Business
119.92824918,51.88222835,246.31344264,46.63981828,6.87643333,8.36036666,VIP
81.69352902,28.51836311,160.01574253,16.87920357,8.21176486,5.14340725,Business
63.19913689,30.1145566,132.87760695,58.84420182,8.32680529,4.68234399,Business
90.56444052,36.95687037,185.51688644,37.88493078,6.20221331,5.64720112,VIP
99.89412218,37.88440324,181.8166405,52.97245757,5.90028626,4.99065352,Business
40.63510283,17.14233215,80.58889219,6.26745736,10.0245936,3.57401818,Business
112.82257941,48.66916322,212.58833113,24.59643192,9.11383949,6.34043478,VIP
104.89641537,46.01760207,186.90582275,16.51915545,8.95047246,6.97368147,VIP
54.97910849,22.14302388,83.53356729,27.39228193,8.34069279,5.7057953,VIP
98.19720997,35.99469787,190.23697996,39.13486505,8.5926256,6.02745612,VIP
46.50873118,14.02314901,80.9431477,57.83206767,2.51764205,1.48728592,Individual
36.77979961,11.66837966,76.85529175,62.36086324,7.3571781,1.77436205,Individual
75.97834165,35.49404991,145.99875656,69.32793058,6.65528853,2.06591247,Individual
56.07523663,23.25255179,127.27811175,51.78662108,6.55801514,2.77220267,Individual
100.49979732,36.97984717,207.30728492,64.18390173,4.91639021,4.07016209,Business
28.8012427,12.34874327,28.38507046,19.66148163,9.74585929,4.18487266,Business
61.11565874,27.6855731,104.6563593,66.89123436,6.78653112,3.7929345,Business
63.30720672,30.08503425,114.10532847,49.55826232,5.93765052,4.24029497,Business
48.27830163,14.11364084,116.79504354,13.86978397,11.23203125,5.08200593,Business
112.28316059,43.19173818,228.38891369,33.2717033,9.2008412,7.92196928,VIP
118.33453201,48.45519847,226.99276947,25.01438847,9.36476132,8.39645569,VIP
46.32346065,15.93671589,101.49841797,1.96609283,12.0,5.9297825,VIP
47.27068943,18.25791662,114.49463661,57.42309854,6.28265857,2.23690916,Individual
70.01912568,30.53636981,162.08430531,19.60195038,9.71882014,4.98971576,Business
69.82873482,27.94256746,118.82133316,56.35369286,6.50620194,3.33926415,Individual
111.40596381,47.69997757,216.50260041,64.45946216,4.54712568,4.36965192,Business
103.73759923,45.10658821,214.62163134,64.7588425,3.83758613,5.92261292,VIP
34.19486416,19.00187784,47.96198625,31.15779511,9.87117808,3.81147528,Business
109.89894368,41.67963493,196.38202868,33.22909549,8.41528092,7.27318649,VIP
28.89397906,14.8083036,63.43092781,23.65653674,10.22081568,3.60681258,Business
93.97958869,37.96006778,184.99597372,64.92643781,4.86709979,3.03600774,Individual
93.38706092,42.48108402,182.34312082,58.18358511,3.8609237,4.4648988,Business
42.34457012,14.69667958,64.1338854,10.85340372,9.23615892,4.52823436,Business
45.58467034,18.80619598,82.34118667,14.67557,10.93120545,5.81195579,VIP
49.24991758,24.13129045,84.95601777,8.27343281,11.16668667,6.68546588,VIP
89.02393392,35.60237066,176.92412905,2.70359321,10.56476157,8.09521829,VIP
118.11711685,51.96705013,234.68407624,68.05122372,6.77968324,5.24031902,Business
78.62445089,41.29337662,146.99434851,23.22620355,8.39392877,6.67406144,VIP
59.15254493,23.97640843,105.0676051,65.62829975,5.34796442,2.10430203,Individual
104.870127,36.88570171,196.99674415,52.11171918,6.47060122,6.24997614,VIP
50.08036959,13.6528264,114.53733364,51.73785614,7.36821908,4.10374964,Business
40.92355778,16.43261071,87.29282815,22.97031961,6.23621842,5.77663678,VIP
77.54136256,31.08186939,136.31959566,33.42612837,6.49498967,3.59552913,Business
109.76794029,50.00143209,203.39913815,27.29022623,10.23953875,6.63267687,VIP
99.30643624,36.99812556,215.96198665,19.94607897,10.72723102,8.00558565,VIP
64.01016963,29.57926593,129.78750004,34.81475256,7.68016989,4.90663093,Business
107.8235593,46.66634367,219.93257316,61.94767464,4.83728858,4.97086346,Business
30.84947614,15.00734478,51.96861427,26.25061814,10.57309309,4.17489234,Business
114.65501237,50.10872275,253.17003974,51.70981788,8.02381164,6.08667323,VIP
23.67824889,11.84893611,61.47596507,51.7101503,5.77723769,2.95219268,Individual
80.61832186,30.4444227,145.08468704,47.39681715,5.10910668,3.89940656,Business
36.10304984,21.12625785,68.56911631,59.65038098,4.7642811,2.76552411,Individual
113.81913032,40.97680622,222.76327764,33.18498242,8.00374391,7.74479809,VIP
95.42155282,40.62324647,168.72252461,32.23799791,8.44073645,7.63658035,VIP
112.79383111,46.84734073,215.82766287,36.18479339,9.0453021,8.17570419,VIP
104.63383145,43.47686948,211.28414835,9.61483606,12.0,8.25651932,VIP
60.11635336,32.0568593,138.8374041,22.53642545,7.62469969,5.29443707,Business
78.22641599,31.48645468,176.40949876,26.29575357,6.0062574,4.8159652,Business
67.86099802,28.50197942,150.86982389,54.0738408,4.97673286,2.70718245,Individual
42.09751675,18.13769791,65.53980508,38.28837802,8.34713517,4.49800409,Business
72.04797698,25.51084713,136.3584545,67.78066442,6.21292307,3.02631122,Individual
89.54477588,36.34848008,197.05079646,67.34470616,5.14717968,4.57459429,Business
36.17659949,15.3882933,63.86527308,37.39719637,7.49463919,3.90280413,Business
40.03716624,11.92555298,72.92859227,15.26901873,9.01061382,3.4367898,Individual
109.31191595,50.90452331,222.49384082,14.32668597,9.34640682,7.50684904,VIP
104.42040394,40.45955564,210.25543298,39.10250554,5.70436636,5.72557265,VIP
56.93446051,21.051116,135.0880882,64.19893485,4.67176219,2.04061767,Individual
30.29179103,9.14687405,52.87647251,43.87106597,7.87006839,4.28690911,Business
49.48768629,19.52882003,97.37819469,69.46131596,1.75702818,1.29981668,Individual
45.79570906,22.81803971,95.86446597,66.20818545,5.29461525,2.10394406,Individual
80.45601734,31.31694969,145.72275382,60.95699542,2.6055161,2.67663721,Individual
65.68557171,31.88125467,113.00423003,70.62945592,3.97579651,3.97767408,Business
23.55904886,15.15275127,59.11293225,70.31700973,6.70278592,1.18343529,Individual
82.76384626,35.60542293,142.00696626,14.58646502,10.38991317,6.8935311,VIP
64.57494676,30.61149097,155.08763046,21.33161509,7.3878783,4.33712908,Business
37.17973395,15.33268664,87.43609192,36.58232236,8.33853211,5.00206933,Business
69.43724635,25.75377286,163.55381863,70.95954277,4.09261867,3.46553927,Individual
29.73405158,14.30264084,70.72279701,3.87514947,11.14410268,5.57105379,VIP
42.96709736,16.01184756,95.78956847,6.64648205,11.1848431,5.60934245,VIP
96.68877686,39.49075964,203.39897078,64.62487831,6.93022703,3.56954432,Business
40.00118972,15.59611268,97.97023292,68.23850882,7.08865753,1.09249629,Individual
106.86921258,48.85341872,235.46511254,53.44298373,5.91702506,5.75034983,VIP
35.93062668,19.89512625,83.32727229,56.29411591,4.78113121,2.75151836,Individual
66.69649657,35.0377153,139.70134255,61.40664215,5.01367834,4.72675275,Business
115.26758001,44.92439351,228.33133165,50.65537222,8.12997738,4.54108901,Business
34.27705731,17.53607971,56.77959475,1.32632052,10.17259719,5.52011891,VIP
114.51227422,44.25834465,223.37832588,40.22097399,8.16301609,6.03684702,VIP
83.61147594,33.42212179,154.99968972,43.11315607,6.44301877,3.92122867,Business
72.94869481,28.59340341,146.46972437,62.23022536,5.98499839,3.69910142,Business
31.21602462,9.99552214,63.32828578,40.35486591,6.60392612,3.86577679,Business
99.32778429,41.42399383,206.6736289,5.80739499,10.01397689,8.79825052,VIP
114.69120542,48.14464699,234.47834362,37.3070233,5.41381178,5.5801465,VIP
81.07101141,33.9032552,146.35831299,67.68472665,5.16786768,3.41430283,Individual
84.17621079,35.72298994,170.27540067,63.46255207,4.64688134,2.8138726,Individual
20.84631304,6.39930017,33.36238301,62.93186336,7.3364228,2.00714386,Individual
95.40945579,41.51351008,185.69782765,63.72221501,6.65170267,5.3877458,Business
87.45862001,38.20397909,203.23287577,57.91490289,6.44342389,4.493523,Business
97.43220111,41.99141809,203.55899047,4.38057226,10.87584891,7.33137944,VIP
80.85612409,38.95148536,142.94974551,55.8327276,8.23326016,4.06063187,Business
89.93420918,40.43725023,174.21249793,15.78547474,6.64187817,7.49377824,VIP
80.56648331,38.54236383,164.60460724,12.9300673,8.82540381,6.00729541,VIP
65.70988011,31.12784093,106.52224135,36.97247305,6.1370329,3.10874331,Individual
52.87134523,18.11468516,107.29490494,53.18382331,5.292847,3.56513262,Business
30.09116063,8.799323,32.48150323,19.633736,6.40480728,3.51453639,Business
77.20317565,30.95197577,127.85308208,28.78298012,9.26458592,7.35023599,VIP
95.54635398,39.6283089,170.89261015,21.61138176,10.64593438,6.73964656,VIP
118.73654991,45.34946884,225.3607527,48.42069819,7.35476374,6.69447519,VIP
32.32971273,11.71599762,72.9021483,7.30772194,8.77785154,6.16121134,VIP
37.66348696,20.01829574,36.61792825,69.52222566,6.99511559,2.47391493,Individual
60.68795349,23.47997269,122.21298968,25.49244239,9.10711501,4.48481226,Business
87.99294002,36.2512057,163.66858955,27.46064152,9.36201445,7.64276327,VIP
86.27802035,31.52366032,162.09185912,18.95105376,9.2524252,6.27892537,VIP
26.46222579,12.90002574,51.38844518,42.68195131,7.28549051,2.7180747,Individual
88.1790912,36.06917316,192.39647295,5.81878655,9.77281181,6.45698884,VIP
46.29390628,21.15825089,67.3526906,7.19479898,11.77580636,6.2425532,VIP
106.02965986,41.9822955,191.41984035,9.57562119,8.80103817,6.91310279,VIP
105.92881568,44.76651715,210.8177038,14.63736458,8.58065669,8.1071252,VIP
97.57517932,39.52084123,188.87242621,36.16796511,6.94512262,7.17614111,VIP
30.5282138,13.60118224,74.86946728,38.96505212,9.858712,5.74016826,VIP
68.16893236,29.76464903,120.25991238,51.75441932,7.32842889,4.83256155,Business
48.29750804,19.15188786,64.52274547,66.25400277,7.03621246,3.1897518,Individual
99.489997,47.79243412,203.98793814,13.75838449,8.72753574,7.67324521,VIP
49.33476425,20.27275519,69.21400286,65.07303235,6.43005613,3.59309903,Business
77.32786923,29.98623175,153.5630554,32.79589666,7.60245831,5.62862009,VIP
39.10974268,18.05339576,78.16596054,58.99259301,6.41288823,3.57090043,Business
85.27785282,32.9654514,196.98538059,9.50676349,8.57850664,6.0685969,VIP
111.37272398,49.8969166,218.4530414,23.6976271,9.04576721,7.89057296,VIP
114.48820572,47.09461529,243.62809128,19.39148254,10.82880466,9.20637476,VIP
82.7706647,32.0369038,151.80856908,11.09758885,12.0,8.0677972,VIP
30.21863388,13.01925457,80.11994248,1.91303016,12.0,5.68297195,VIP
98.95075736,44.32799203,205.60672863,3.59122655,12.0,7.39837876,VIP
40.40794392,19.42649788,79.54656697,26.30203483,8.37645849,4.06662249,Business
47.15704198,20.86283543,89.84935208,27.27572202,10.48072025,5.43766849,Business
59.03292287,30.69442819,86.86097764,20.41725611,9.17650172,4.76020552,Business
90.31201807,37.17835244,180.97673573,64.01984469,7.33904425,3.65045207,Business
71.62805182,29.23034463,148.6977489,17.54453728,10.10893287,5.98208482,VIP
90.0693174,43.19817005,161.31588784,59.47868168,4.42580025,3.59312989,Business
74.99303043,29.43957056,150.39941837,7.75530725,11.25910898,6.27362627,VIP
87.27712921,39.5208182,170.40910823,54.69069754,7.56797837,6.18499795,VIP
26.86806371,14.15670967,56.89295799,35.68279523,7.32806226,3.38476362,Individual
26.41106574,6.76455945,50.87798633,58.85572491,5.64359113,1.47085554,Individual
109.59039321,48.13101379,229.58534899,20.32967024,8.59240473,8.0616837,VIP
75.37237342,28.75442544,162.74398424,57.54698826,5.93046395,5.68732497,VIP
80.18156768,33.52408237,162.54771554,57.21881726,5.0911664,3.90973209,Business
79.38169573,31.67770823,152.28252892,47.11880534,5.97895473,4.07288095,Business
83.53501978,32.46232435,189.28120875,16.54082019,9.20163621,4.88681168,Business
68.49807252,26.17427997,130.01401322,71.48302053,6.96664995,3.60494023,Business
87.06066488,34.49998583,182.28641378,65.13341052,6.18343066,4.69603022,Business
61.90520033,26.92166369,131.40366661,20.20917021,7.86311519,5.73156127,VIP
71.9844383,29.61510428,146.28568878,17.50720078,7.74514295,7.30808139,VIP
116.5502946,48.22406343,222.13671537,51.68119097,5.96184695,6.5590946,VIP
99.17793384,46.43319757,191.81392888,2.52205349,10.06059654,8.79513859,VIP
45.64704871,18.57815515,68.66057555,69.94891884,5.3671941,2.11814865,Individual
27.31390712,6.23790336,60.74927232,40.8012943,8.69742653,3.75414277,Business
104.92272993,48.46001363,214.97801954,25.41324306,7.17101134,7.08348442,VIP
78.31860336,32.35688204,148.38472389,2.41904758,6.30651433,5.25725057,Business
89.4738404,33.79786088,191.17504436,26.1393906,8.77445051,6.79647634,VIP
55.32112031,20.4834659,74.14037458,68.15497999,6.07896392,2.50742888,Individual
79.86508801,31.01887514,161.02503576,22.46752312,9.15469919,6.24377764,VIP
119.41478057,55.27836103,238.86673113,29.61186221,6.90603682,6.19984637,VIP
47.42659389,21.91585916,107.8001527,12.13865603,11.47727203,5.75150196,VIP
67.39808373,30.06627116,155.28430044,20.22207391,10.2302736,4.77854331,Business
104.05331481,46.36940936,214.80737782,34.80869711,5.42834698,6.52700238,VIP
81.0455242,31.74937655,169.9721127,49.31072361,6.76823511,3.48205458,Individual
51.15833247,20.87772973,94.17023584,65.61838186,4.47036827,2.51994587,Individual
118.47229533,42.80329318,238.15490907,8.20619983,11.41466067,9.18258582,VIP
112.60339375,46.22887238,211.90181633,9.38665209,9.21725896,9.60265041,VIP
69.72497403,26.49999112,121.1179661,63.26348591,6.29763088,3.95276156,Business
100.47097653,42.68352883,190.63553139,42.03812383,6.83985932,6.95531568,VIP
23.54411431,8.2953372,47.50976866,69.48024761,3.80003069,0.39645133,Individual
101.97269049,41.28927741,211.27371609,15.56437829,11.67636246,7.67948109,VIP
40.87840433,17.91714808,62.59836941,4.80127346,12.0,6.09787576,VIP
20.16011204,6.19161755,24.28073884,25.49395478,9.60814774,4.82709881,Business
45.12445079,12.55398176,93.98800394,58.84556801,3.86682596,2.59945151,Individual
89.85840301,44.2892647,174.78742568,48.52342947,8.56293513,4.11575564,Business
56.4081097,22.46625622,103.91261015,16.27655034,9.98698496,5.72728142,VIP
44.20078835,17.59789822,94.4331767,45.01526879,9.49632923,4.97593073,Business
82.59467218,30.31210255,169.83986503,41.08431867,8.33397601,6.04580571,VIP
60.15369194,23.379777,109.11825159,2.72877009,12.0,8.57084016,VIP
30.16087289,13.90256723,51.19919169,33.39758772,8.51793388,5.66192313,VIP
62.44781809,30.31846292,111.33417802,25.55870628,9.12101327,4.51138454,Business
63.385184,26.6773067,146.15296445,36.45802032,6.77681232,3.10824332,Individual
37.92869584,19.35746627,76.16953646,7.87297462,11.84497788,5.19613998,Business
52.5973226,21.66078964,100.64241208,65.19063102,4.68387585,3.93185409,Business
64.55172369,27.93151079,121.41741219,51.99176259,6.80745894,5.43485729,Business
97.81543083,38.5510189,198.56067641,55.70887566,7.22365399,5.93545177,VIP
53.45742469,16.2876474,118.69953232,10.10884966,9.3895977,7.43611556,VIP
93.81216269,38.56160115,147.95804257,51.06587036,6.58450967,4.83051791,Business
84.07802787,32.57658571,181.8999523,19.80515661,9.6238374,7.24390289,VIP
79.74064025,32.73408953,142.42187562,15.36141469,12.0,8.24392985,VIP
104.28331885,38.72455767,226.28418062,61.45164704,6.77138456,5.666913,VIP
86.01177244,36.82076105,182.72672009,69.07330892,6.77115838,3.45781966,Individual
40.27782679,20.2211119,107.29237527,1.11219649,8.90038107,4.82090703,Business
119.0262187,50.69676427,284.22242172,56.72170767,6.97038489,7.48130129,VIP
71.6676155,29.11166348,134.00433826,66.90399481,5.32420026,3.5739314,Business
74.36319601,33.05938621,147.51725376,36.87225796,3.65943384,5.05336318,Business
81.51638792,38.86857284,140.07959183,51.15337014,3.42511916,4.4993444,Business
47.68355862,22.38303942,85.30633249,13.95618205,10.91008175,5.48402836,Business
116.45963212,50.90337345,229.91466194,67.17527891,7.78904072,5.74460391,VIP
65.15489598,28.70444152,129.95291205,46.80120069,7.92578309,3.27071224,Individual
85.33487263,39.39841772,158.52978377,55.7179246,5.34171762,5.14475547,Business
76.36129813,32.77664681,135.3103114,48.91442008,7.21485488,4.36329252,Business
28.69354462,12.97739594,81.33256786,21.11896477,9.99076761,5.1611843,Business
83.93993568,27.25227436,161.83077652,21.95716642,11.47363714,7.4032199,VIP
109.48292107,46.8199168,210.17939983,52.00921435,6.6337744,6.51163334,VIP
87.594257,31.40444646,174.18540392,62.36349462,4.53931438,2.28095271,Individual
73.99952411,31.5798524,147.7539813,52.04710696,5.8272673,4.38780305,Business
34.86276037,17.09506164,60.83136857,45.15911173,10.79319122,4.66003011,Business
96.95495403,41.63410608,197.14460823,57.20089113,6.17276225,4.67001238,Business
98.30408438,41.33927808,193.43176289,19.92275724,7.78156145,7.04799678,VIP
68.49263118,24.81800422,155.84455311,33.69005837,10.63248693,6.88669263,VIP
24.13601197,8.10207117,54.16487578,41.66581704,8.25456529,3.27892414,Individual
31.98885197,9.77362306,46.22748885,13.91087021,9.95258476,3.85146428,Business
81.34685208,31.77928834,184.15691665,20.74954826,8.06867087,5.89543953,VIP
118.19800383,47.34742352,215.5066871,50.46328347,6.27320497,6.60220934,VIP
81.92839908,35.78846434,158.0626424,13.35751804,8.35175234,6.65138678,VIP
54.52623371,25.38377383,128.23146798,13.7233787,11.74442481,5.86728755,VIP
84.79901558,34.79787195,162.46183702,58.07153069,9.28276373,4.64718886,Business
71.4013629,35.47188266,150.99180884,58.76973835,5.27471279,5.1451962,Business
84.01366977,27.15832358,180.55744184,47.09865883,6.56568085,7.07775851,VIP
76.85165088,27.35533968,151.88065173,53.92928063,4.68908329,3.62497357,Business
94.44409166,41.80467437,174.44902724,43.02457465,6.12463372,6.22510704,VIP
118.11109941,55.18563961,250.48548027,25.41906362,8.70105214,7.8945409,VIP
61.26697675,25.14765005,129.22594908,12.39125347,10.60863556,7.0039235,VIP
31.59869509,7.21220081,86.78344465,40.43580778,9.64498445,3.58222207,Business
93.16714222,37.95767391,177.27237847,20.80179803,7.03261942,5.36012683,Business
63.21911482,28.10807295,154.97797572,17.32250134,7.53467985,5.66508109,VIP
75.72003945,31.34673183,139.11922548,5.86532662,9.85722453,6.29576536,VIP
114.16451204,43.83445881,227.8546268,3.09794807,10.01088028,7.68138346,VIP
106.34924521,40.83905178,225.18781563,4.82737639,8.99158892,6.3583787,VIP
65.90661807,30.68860905,164.0676588,40.10302235,7.57647741,5.09839499,Business
48.06854949,17.54004085,125.55608243,1.03914471,10.48156794,6.81568611,VIP
49.43071358,23.4204593,115.48374922,35.02485666,8.24780879,5.21396965,Business
91.64025193,37.88482042,177.41426277,20.37880053,10.27101398,7.48577666,VIP
115.78922159,45.82311013,234.4692355,44.37496354,6.95919651,7.37190741,VIP
38.45168981,14.20516477,56.10375651,42.25967944,7.44376157,4.34407062,Business
46.45746244,21.20054049,77.02057283,34.11403404,7.49550661,4.87915937,Business
42.64530634,18.20500438,88.43195822,4.36438209,9.76026656,5.00746576,Business
69.33306485,34.97019708,140.12844643,52.85229239,8.80870075,4.46381,Business
102.91453298,36.26447999,206.91632506,3.19125388,11.92956189,10.0,VIP
114.84604303,48.90357735,235.19118913,60.40669402,6.42243774,5.40712172,Business
99.98662146,43.21918728,209.2762034,17.89849591,7.38535452,6.4626509,VIP
56.32317072,27.32167839,114.30071581,49.73718416,8.63904258,3.56443987,Business
65.23898002,24.43516649,138.95774932,48.69531657,7.6907447,3.60654793,Business
79.08668082,30.22274176,157.90174967,49.42687914,6.74150545,6.06836697,VIP
98.36458345,45.36502091,178.53915902,33.09659322,8.03428367,8.50224442,VIP
95.64408057,42.6973128,184.44182763,19.15314317,10.25826434,6.34685318,VIP
27.5246205,13.14150394,56.66687154,69.58843854,4.85464885,2.82526087,Individual
106.9052785,48.29143799,191.00406114,25.44905857,9.90025575,7.39311324,VIP
65.66506054,26.63819616,139.43320323,45.99775839,5.49934421,4.19929546,Business
28.5089912,12.3199348,43.67102099,67.76268489,6.13498431,3.14125864,Individual
51.34981445,21.96651961,108.85062411,44.45047204,6.08971307,2.75578149,Individual
110.31901287,41.03535885,223.1018133,1.38080483,10.85671876,9.92889362,VIP
117.06694112,53.32136034,208.59808738,50.43549328,7.6234227,7.9552999,VIP
97.34362704,44.98104372,202.33875267,28.25647998,9.127219,7.25515827,VIP
112.18096759,53.07196527,225.64981352,19.09897777,11.11781076,7.54265874,VIP
65.45010288,29.19656573,126.52456589,14.86008159,9.75821947,5.19128827,Business
79.75543936,35.20375024,138.08733253,49.16824315,9.2146536,4.59228835,Business
40.37955526,19.95771203,65.28863593,52.93621167,8.58265988,3.36937451,Individual
89.6212925,38.17465058,162.18096329,45.08043108,5.6098456,4.32467915,Business
58.90763958,20.10485042,114.43388509,1.24905222,12.0,6.43106835,VIP
94.74897396,35.96113431,169.78464544,54.78030331,6.14474843,5.13003793,Business
91.01263009,36.74785425,183.9879352,39.53485699,8.48535115,5.98004221,VIP
102.65428054,50.55549449,181.7346386,8.28797075,11.0382689,7.91778392,VIP
48.50959353,17.82036525,98.17939935,27.34573762,8.04677711,5.52234474,VIP
57.68835025,25.80164678,121.93686739,59.81539919,9.70513264,4.30005318,Business
43.08988079,23.13745368,82.72208584,68.98630832,4.17125108,2.04694809,Individual
93.4643274,44.38835161,185.99654861,55.05425147,7.47685493,5.46808181,Business
28.42442973,5.49951949,33.5697006,36.73830369,6.22744526,2.19734274,Individual
35.33630299,13.60533962,62.79500595,25.24902218,10.4079826,6.44091832,VIP
43.6090409,13.78956112,98.38075945,7.72383029,9.62107969,5.90017457,VIP
81.23378926,26.38455111,175.46274377,61.22831482,4.09034163,3.94483422,Business
88.18146665,39.73796527,144.68546578,48.43855534,3.69955299,4.3374491,Business
78.57563165,37.4207111,142.37105575,15.69415611,12.0,7.851497,VIP
75.72468458,26.23685333,149.89087141,1.6899277,9.07568119,6.90443134,VIP
68.41487805,24.16857408,179.02262062,23.2680575,8.96099469,5.89099865,VIP
53.27175889,24.4146606,93.87979724,39.19576968,8.18767382,3.72100352,Business
77.72496107,30.62097676,142.99833295,50.49325111,8.38847457,5.69054119,VIP
79.69464168,35.00632054,136.33602039,29.73757317,8.09059121,5.74969925,VIP
47.61909639,17.88369484,81.99138173,18.8454089,8.71057112,3.46596424,Individual
93.12172943,41.17521144,171.96512377,10.07562632,12.0,7.66662647,VIP
57.13247625,24.28339635,134.44452888,54.37414533,6.53456696,4.02450905,Business
23.42774426,10.66726555,41.05989878,49.19092662,6.63112595,2.39493767,Individual
27.50628536,11.8483381,50.34275774,6.82460915,10.20850539,5.98406031,VIP
38.46694812,17.99840683,93.29496637,67.97322624,3.77666984,2.20791356,Individual
53.08511224,16.35545049,109.93941637,3.03097388,12.0,6.64949887,VIP
94.0311576,40.36641333,193.13197373,35.12779377,6.83809197,5.85354446,VIP
46.20026671,17.85007794,87.47189596,31.10941904,7.72969494,3.35543574,Individual
73.22742547,28.64973644,124.65618265,32.38884946,9.7456291,6.48116294,VIP
21.9606014,10.98178499,60.78455689,62.59192633,4.45832189,1.6075338,Individual
59.48596329,31.07192525,119.27118054,44.15562041,5.87414395,2.8357431,Individual
77.13208825,29.27618727,177.96015272,35.58954864,6.48135052,4.85297752,Business
66.28214007,28.67799417,148.93610958,33.16611103,10.37582666,5.67045412,VIP
75.85469339,31.04744769,173.27371658,24.99660358,7.3345246,5.70249593,VIP
70.15750501,24.30168467,169.4047395,5.07755148,7.12104271,6.36563865,VIP
63.48178703,28.63181418,125.13598817,48.08046163,4.9990475,4.66540092,Business
99.88785769,35.972694,215.43659338,39.36672289,6.95205255,6.07176901,VIP
36.41665011,11.65043774,84.88394185,60.96933137,3.8486316,3.0008712,Individual
85.07266792,40.15804455,174.5413069,71.99386877,4.81277046,4.51557101,Business
113.46320379,48.72620573,258.18347918,37.35022371,8.7402096,7.04808617,VIP
55.05212335,17.12713641,131.85223581,42.67835942,8.00717069,3.67410867,Business
107.78247989,45.26637439,196.54107031,24.14895073,7.77688652,6.0875217,VIP
86.22148308,39.34243507,172.63732617,57.14741689,6.82072437,4.55243791,Business
89.95186037,42.87518371,175.43377127,13.64985699,10.87085927,8.43242051,VIP
77.60456712,30.81372275,174.68718283,8.06661292,8.26636603,6.78056662,VIP
95.47638434,39.96341258,203.24710901,46.62071667,7.67546488,7.06301994,VIP
88.30245222,36.60779511,188.28107576,63.63871489,5.49872544,3.73970253,Business
44.98304984,20.34486095,101.80618605,17.93148391,10.54400483,4.80122911,Business
49.40382274,14.67352996,89.00430627,51.60971609,7.07542109,5.33030396,Business
60.63585071,24.89453567,145.90795449,22.87488244,9.64548469,5.67262478,VIP
116.75698499,46.30786934,226.45089241,38.09972592,8.7011547,7.76268687,VIP
105.96840075,48.10957956,217.3406269,44.39492416,9.41899366,6.14847135,VIP
60.21754582,19.16245225,140.14472488,22.02839147,8.31950751,4.17010514,Business
35.36551441,4.38910553,85.61620264,28.37174047,7.75203033,4.70625285,Business
49.07927257,19.41590131,77.94244908,51.27919731,5.24320423,2.32846491,Individual
111.390203,48.97388678,249.54759805,69.56673335,4.78809925,3.64717616,Business
115.89381224,48.54080812,243.66365124,22.63674768,6.88238145,5.61641939,VIP
86.15689149,41.02620251,177.57607829,55.3444016,5.99665879,4.67136853,Business
56.3841666,21.09116721,122.86676457,17.17371407,11.48666791,6.36462767,VIP
34.87759975,11.87886311,71.11255377,51.51286663,4.9659737,3.41427698,Individual
52.75640977,27.60544143,127.70099829,61.55950415,4.87749869,2.33472493,Individual
41.36973992,13.90615029,55.80378209,12.04262194,8.12972235,4.67234183,Business
103.98774217,41.94526102,176.73341813,20.14722937,8.73348725,7.75570829,VIP
119.12287922,50.239481,240.67595828,27.50238778,9.29365001,7.53933653,VIP
53.92915649,24.68908716,88.19747905,69.83927346,7.54911239,2.45172723,Individual
89.46914957,34.68991835,174.28972984,52.35862104,9.47279657,5.70154092,VIP
103.46973571,46.86576328,221.65454802,66.95172012,4.35868022,2.88398785,Individual
22.17289276,13.33007568,72.2996915,22.79097867,9.59127088,3.84753399,Business
64.84523466,27.61309289,141.2391203,4.53959182,12.0,8.16844269,VIP
104.21613091,46.04746093,201.69108761,29.40055526,10.29945807,6.55661501,VIP
73.46899306,30.50375455,141.24950443,47.14713454,6.66181953,4.54473534,Business
20.80169845,10.62025659,21.87870833,19.49218787,10.64638936,4.68467342,Business
117.62144956,50.98095242,237.85088487,31.91835926,8.61306524,8.52973077,VIP
106.56576648,43.40366039,210.44876905,22.74890469,9.98674052,8.59605828,VIP
82.85898412,31.68297261,164.71095816,71.50558374,6.06976958,4.85048286,Business
59.42150742,29.1128547,132.80228861,2.76053563,11.51562622,6.88566427,VIP
92.86238887,42.52166079,203.08210159,61.01400601,3.07250695,4.79186216,Business
48.96623665,20.76836451,111.76047176,7.01559326,10.35967997,5.9142021,VIP
82.43615284,29.446544,161.18870687,47.30249198,4.93504588,4.05780817,Business
94.147772,41.5569617,187.04312184,43.63030499,6.08807288,6.30622648,VIP
80.61359237,39.98882414,165.51194173,70.19523538,4.49285689,4.12784971,Business
20.99830862,10.22905816,43.83593061,9.6757638,8.74153488,4.07464447,Business
20.94473152,10.10476162,49.27556893,63.84610089,5.04907333,1.53277036,Individual
51.88763089,24.72638992,94.95868161,36.20903774,6.15681591,3.89590348,Business
94.9658632,41.78354907,190.28089803,24.76423752,8.21024498,7.64678966,VIP
88.30614423,33.33769433,177.55866143,71.94060691,6.07220941,5.41616013,Business
113.04782387,48.45437567,198.38908079,55.17815846,8.86169924,4.99410943,Business
92.72485436,39.80310328,176.10548897,37.89682728,6.81504048,5.98679495,VIP
102.80450812,39.59708788,189.46500705,21.67740729,10.62899194,8.36241225,VIP
118.26601108,52.68352173,252.85433284,64.36657925,6.68057719,5.41679687,Business
58.51734012,26.3317001,109.48593225,60.8532653,4.73091379,3.47090749,Individual
89.30025593,36.74482639,174.76154252,39.04079888,7.90944409,5.64649493,VIP
82.87239991,36.59265929,151.50298818,5.99696404,12.0,8.06006105,VIP
22.35140901,15.7555508,47.3675329,67.9235206,7.14357669,2.04577676,Individual
64.44261361,27.93089559,134.45511538,62.04848171,4.35256094,2.77703413,Individual
79.45824479,32.74982114,143.64805983,65.17958206,6.82099143,4.0816885,Business
24.71345367,6.7557155,53.78287792,30.03336938,10.14165343,3.15847298,Individual
57.98713071,26.2235211,127.14301251,8.85232043,8.66127625,5.27575085,Business
114.75120314,47.85182506,217.67312243,35.1830917,8.80832508,6.4621949,VIP
91.01737945,40.26319802,160.60592434,68.03526045,7.52629663,4.51323032,Business
76.31264825,31.36447337,154.54315208,32.55865335,10.41069956,5.79657682,VIP
99.24549091,48.3924572,178.42339627,28.39473843,8.17114646,7.01270983,VIP
106.94458318,48.57085925,219.82759633,3.87089823,10.29252732,8.78550425,VIP
71.93794242,26.29436399,156.95695066,30.74759643,9.85864155,6.3032378,VIP
96.31200628,39.31464304,203.24013582,65.79898015,6.70070277,4.23292424,Business
32.46014911,15.17229674,51.94757682,70.18375016,6.0102626,1.56316561,Individual
104.62749627,42.25409201,203.26619872,40.71609752,9.35778624,7.3034147,VIP
67.69279855,28.66450264,140.46228896,26.93794562,8.20236151,5.97541639,VIP
119.78311613,48.7041577,226.70044076,37.13031268,7.12983021,7.69610225,VIP
36.5412676,17.79688903,76.31603042,27.93410905,6.21063935,2.92913334,Individual
99.17287766,40.8914921,197.77437573,66.65377254,3.01649841,4.26622145,Business
49.63767132,20.72687205,90.21402675,66.77498955,6.15221742,3.12869003,Individual
85.49220528,34.43745377,186.5994553,71.36162321,6.34972731,4.19268147,Business
67.08619701,28.37550096,129.13947954,23.32025215,7.37777084,3.96470199,Business
30.22757979,11.44293908,60.22558659,16.96186682,11.44976195,5.00366066,Business
71.65736782,26.76960172,150.51186145,63.93676047,6.46722479,4.06715169,Business
87.85814732,32.03865381,195.1378655,35.16951547,7.10433447,4.74188507,Business
57.33270986,29.65254949,117.58254928,52.78501583,4.72426354,3.78827013,Business
77.02244826,30.2199836,172.70120814,22.52830151,11.35346934,6.4400483,VIP
85.12706618,34.82833947,159.52284132,62.64395936,6.35621814,6.04185168,VIP
115.72890059,49.37799363,245.98416273,6.91012552,11.19425858,7.82140224,VIP
22.33279999,10.72651829,39.848937,47.77286109,6.5067833,2.29308395,Individual
72.06151816,32.88948643,136.69049003,44.56660323,5.81395334,4.91774574,Business
56.11727114,26.6976287,122.6580609,70.55592768,6.82753993,5.16213472,Business
37.88564091,18.56401075,86.71381658,27.4670431,5.84630104,3.6644353,Business
66.42083192,32.17216265,126.46236582,54.06019246,6.61901853,3.81789774,Business
59.49694935,25.34478619,100.40363651,68.00914639,5.61431726,3.36687933,Individual
84.23320303,32.55773759,192.03935654,6.10982044,9.10870955,7.00118884,VIP
52.07690523,23.94462762,123.9215766,11.27458104,12.0,6.54328162,VIP
82.13234537,29.32092527,164.46136109,25.82295012,9.10120958,6.3610243,VIP
38.80355279,18.63489939,81.23354509,23.86552802,7.84019364,4.55372854,Business
48.64745959,20.9092513,88.61327995,5.28316115,8.27675872,6.86399477,VIP
97.25516031,40.79741739,203.10580354,44.6000102,4.96222497,5.09531715,Business
69.8807431,30.51587667,135.71586399,37.63639122,7.97002323,4.84683207,Business
33.40459704,12.71881128,91.80382647,67.39989717,7.92807423,1.08011951,Individual
75.3497875,23.53211878,175.96288248,68.8111102,7.05727776,3.87930693,Business
108.17252662,48.30335856,228.18086469,53.41818496,4.19965605,5.81620007,VIP
117.60260865,52.44633631,243.72521203,53.1767313,6.55858824,7.23621763,VIP
36.36988316,15.60245622,110.51463751,69.17479157,4.39574917,1.57217416,Individual
26.51405004,13.77563212,33.92398271,61.2004225,7.04410556,2.25049319,Individual
21.98629609,14.89032183,47.47149178,7.9614034,7.6902764,4.43936846,Business
73.75118711,27.92687045,173.73037685,20.4562035,11.48398879,6.24826921,VIP
69.83927171,27.66251994,142.80084701,64.24448105,3.03585018,3.63657813,Business
51.03882603,19.5852687,117.8681611,48.41465052,6.71704621,3.85561032,Business
115.14237359,52.54714662,236.36617502,35.7403166,6.36723562,6.02914933,VIP
89.86133803,36.39691877,167.11530388,30.52856984,7.94374603,6.54676911,VIP
103.82091864,41.34812244,202.31358188,43.93957304,7.62721797,5.93347041,VIP
115.79105003,47.02866727,253.222818,69.5796396,3.62341772,6.02258563,VIP
23.86008461,2.86479415,60.75517089,26.85709251,6.53764886,1.69621925,Individual
52.95938139,20.47103752,134.54402573,12.80375793,6.55668754,4.6649946,Business
80.65545068,35.38025553,167.6132748,71.47576653,4.09479959,3.58116216,Business
112.39466273,45.37574231,218.37507566,61.6484554,4.20059483,4.13737217,Business
65.93469559,30.02004751,148.08394066,42.19234541,7.07277256,5.2542318,Business
96.4978595,46.54975958,164.64280473,27.50525319,8.363275,7.08344184,VIP
45.59131112,22.07753814,97.04944226,33.76917969,7.43397369,4.800645,Business
115.1600392,57.61033154,244.98876072,45.23917206,6.17453922,7.4524662,VIP
28.60462534,12.8468684,61.10595875,30.20280444,7.82010802,3.1629437,Individual
20.88701264,6.18821885,47.26686567,11.64032678,11.1465565,5.05184082,Business
91.8828773,37.51841388,175.75237019,54.81212515,5.98622235,5.83679611,VIP
99.53935035,41.06611253,238.94206143,33.78831385,7.8452732,5.97925738,VIP
101.42302565,44.58556533,211.31973494,49.25433166,8.08201749,6.1328075,VIP
50.25742546,21.65667115,105.13065613,22.37950289,9.0131222,5.83292888,VIP
54.48823693,23.52688523,109.44614245,37.74228045,9.59891269,4.43717559,Business
50.97866044,16.99117466,110.82419371,54.46614902,5.8568276,4.53829643,Business
43.5602748,18.48490236,79.09489232,13.35257077,10.07825205,5.45220893,Business
112.74929499,51.21856537,202.91479627,66.14371041,6.3508114,4.64688786,Business
110.51321557,47.41640633,252.66379159,50.74959094,3.57292651,7.0765672,VIP
39.05728851,15.80170454,64.74145154,66.42113145,9.06172045,3.79914361,Business
102.70707321,47.1976349,211.96487396,3.98105993,11.48779934,9.03904552,VIP
57.94377181,23.95044681,109.10180818,41.49120815,5.1904737,3.35234445,Individual
66.92615923,24.56386907,107.96495186,17.39692162,6.03969075,4.81437214,Business
68.28019714,33.80472207,145.62772389,26.12760255,7.71784695,4.54929714,Business
40.45631349,17.44507521,73.28181559,69.97340352,4.40177141,2.77421822,Individual
36.10568306,12.89755621,50.7467396,12.88186303,11.56811713,5.94268902,VIP
111.10974736,47.29667272,213.14647672,62.07198556,5.38335055,5.02532574,Business
68.69852675,26.0718582,124.06657852,60.4026789,6.65588405,3.79725293,Business
50.99388141,20.46143701,98.9481041,62.36724872,5.91278212,3.59157671,Business
87.75902742,33.05790915,162.53236678,21.48016426,12.0,6.8388971,VIP
69.84277988,27.65806111,140.39648037,25.64095516,10.61686577,6.52470181,VIP
91.96309294,34.52417275,191.52190435,35.52829893,6.34637393,6.02003098,VIP
61.31909835,27.97851033,114.86619635,32.90000191,10.9131839,5.41579471,Business
68.98354644,24.34805619,124.94020048,61.95419813,3.06994539,3.27711703,Individual
102.69730344,43.62716269,201.65660457,67.11790966,8.2578135,5.09727046,Business
39.25138535,5.73457989,72.7120189,35.56046147,5.7161974,2.47509044,Individual
40.0219905,19.63823903,61.73380015,55.56101063,3.76266282,3.33287695,Individual
48.87900307,19.46705069,103.37195869,35.99805029,8.93412232,3.82875646,Business
43.19170064,17.24318779,79.32389614,6.23733761,7.63017276,4.30565769,Business
103.34861874,44.17362573,175.52843185,27.99722672,8.10478037,8.42908772,VIP
70.67295256,24.31843573,152.04684552,31.22876797,7.64858417,5.8079082,VIP
69.66965176,24.97404233,125.11015181,39.18325806,9.40653992,4.97726913,Business
44.24685096,19.6628385,68.7322212,7.77574853,9.75738445,4.31674647,Business
40.71708128,17.63455738,71.85519608,35.25851686,8.79506099,3.59694868,Business
95.2673623,40.78616885,199.95980977,16.56865149,9.90234468,8.37581556,VIP
38.59896084,16.80501571,73.11974635,51.72922221,6.85505649,2.13174473,Individual
59.70392727,28.53192941,122.37021581,52.88754583,6.87094296,4.41445038,Business
33.97203279,12.8922914,55.43477077,68.76982342,6.15781265,3.55298874,Business
62.62648876,22.37262966,131.89343763,6.40652947,9.51967737,6.27858647,VIP
65.08652715,24.29829547,165.17965862,21.62908368,8.68933249,7.33306297,VIP
119.27772537,48.09502114,233.65445833,14.31160942,8.02880015,7.80800824,VIP
32.55962741,14.22804078,77.2782113,25.2683769,9.49837258,4.23851656,Business
58.32196832,22.95392567,126.82421591,15.46779994,7.56481997,4.96911016,Business
37.59899947,17.50655651,62.12701438,37.045301,7.50888799,2.26715287,Individual
54.72212728,27.58035929,115.29842983,35.53300758,5.59728353,5.07182756,Business
30.65027242,11.4377835,76.32317169,1.87344997,12.0,4.6567898,Business
110.74961554,47.94639171,208.21375347,21.50950086,10.14486316,7.86355422,VIP
41.04184219,18.77542369,100.292959,58.67445134,7.44822029,3.6293706,Business
95.29456899,39.16350576,157.28576126,35.44319847,8.53596381,7.2034622,VIP
93.29306739,36.14614873,178.3807813,41.26532637,6.82941505,5.92718663,VIP
97.74976127,42.1114703,193.84497867,3.66950823,9.22365842,7.34818593,VIP
48.31310089,15.86343941,69.20217953,5.18412067,9.13100205,5.38524022,Business
36.66906267,14.84988448,40.97985482,10.92927465,8.49598022,5.68490221,VIP
92.76472051,33.46901409,184.3381209,37.92226224,5.58114873,5.84153218,VIP
25.18689685,20.41521491,46.41364682,45.69923212,3.70417371,1.18169815,Individual
102.26752856,39.26466145,201.21027281,66.89246391,5.28436108,3.27870373,Individual
51.21838477,20.39683797,96.80103187,41.18019682,8.40291008,4.38092735,Business
61.30515094,30.57404311,136.9578374,15.15854098,9.13686424,6.09982982,VIP
73.80391326,22.16522537,139.40737309,12.15325068,10.48377003,6.95763386,VIP
114.41596046,50.67533289,231.12623279,14.84822045,10.34520666,8.31287344,VIP
70.86247089,30.16539316,127.16202489,18.67261374,10.50562358,5.25634558,Business
95.50331443,39.65668317,179.90653826,46.27483687,6.24718447,6.01520722,VIP
96.46682322,47.32303976,175.69726874,6.68882242,11.54919661,9.1142649,VIP
76.52719061,29.2699633,174.74770837,27.72413978,7.21868443,4.83372756,Business
85.49024246,35.00359525,178.83844254,65.24733062,5.82710881,3.98479873,Business
65.89207429,28.58753104,108.96815676,42.13254386,7.38196173,5.34888805,Business
58.38571826,32.47564681,126.72173713,7.65575329,8.96779811,5.42129734,Business
69.22803197,29.45418059,146.32193257,11.79806422,8.45852795,5.31940029,Business
65.78798471,30.90421749,152.35439945,55.21103102,8.56225812,3.07922042,Individual
62.73334469,26.72779529,130.52013025,66.27372617,6.69613099,3.31365058,Individual
85.90272818,40.92781419,184.33680571,21.80802659,10.63710392,7.53582729,VIP
72.68021911,30.53320395,130.92540343,26.44812918,9.91412209,6.8907909,VIP
21.65505107,9.4959397,35.37173308,70.54553008,6.01790867,1.77316768,Individual
69.3223207,27.16449686,137.69630995,35.58131777,10.33165948,5.1112193,Business
77.18025812,32.66203458,164.39924878,63.87773608,5.38671822,2.99107272,Individual
89.21056588,36.16882689,174.30712999,5.73228026,10.61529607,7.64951539,VIP
105.38985895,41.93025471,206.5029476,19.63457346,9.59505472,8.3978922,VIP
21.38910761,16.60982169,47.70028464,44.98123799,5.91099503,3.59435074,Business
119.63817956,49.15557873,226.32018424,45.58949656,6.9869931,6.21216081,VIP
34.38959508,16.58062589,80.86792825,65.63606976,5.32276278,1.88202789,Individual
51.97198542,23.62814346,86.9665911,66.53600302,5.38556583,3.49036188,Individual
47.78022788,20.69533562,90.90288344,16.25066884,9.28437233,5.61703433,VIP
30.60495678,8.37535908,66.23195055,63.73410025,6.49091999,1.93185917,Individual
63.89461991,23.86577652,101.31383482,1.68515495,11.96160538,7.72290007,VIP
48.70649805,23.52326367,104.58133046,57.45359841,3.69496032,2.14931877,Individual
59.29521623,22.27212299,124.03657729,21.65020826,8.95811326,6.18128706,VIP
42.58758123,11.61897082,103.49436739,41.88434383,7.35176706,2.87545243,Individual
34.52738267,18.99406887,59.50502028,64.02830527,4.95897936,1.52824254,Individual
118.19021239,45.55855343,240.24136009,27.88233263,6.81389137,7.12974122,VIP
72.40125681,29.53156741,159.58156658,5.07249818,9.99656085,6.54607257,VIP
37.04665847,14.4726623,63.95618546,58.79457794,3.5016375,2.01706274,Individual
87.09019299,32.57478127,178.70578174,56.63240681,6.03531748,4.83696799,Business
62.53132874,28.24509594,136.15880124,69.97430408,4.30598239,3.23077123,Individual
26.22363414,9.03391232,63.0779571,60.15949259,3.38611701,2.11909665,Individual
104.78558421,48.55380736,184.68793942,64.87371648,5.14937577,5.29497031,Business
46.02416009,16.78830293,102.00278683,19.3222533,9.52679812,4.88083472,Business
40.07525087,15.30090398,92.07255555,51.53330163,5.62493332,4.52559926,Business
89.78458635,34.28677016,184.27442077,61.85808108,4.38499831,4.16778435,Business
76.94110314,28.31483073,172.87785357,65.82390088,5.0764625,3.58643573,Business
94.95192643,39.91138202,203.46960503,50.52181759,8.1235161,6.77038941,VIP
111.08939627,45.13244794,218.73304724,20.37854978,6.79331135,7.51188051,VIP
20.31053853,12.25702489,47.89031706,28.17023638,7.6813242,3.13919411,Individual
52.9195159,16.96295978,104.00151789,7.30509897,7.4032184,6.1713094,VIP
76.07924681,30.31110502,149.20057601,15.34052265,12.0,7.84478634,VIP
116.39509231,46.32829328,223.38530144,29.58513776,8.89710316,7.19681345,VIP
103.66915149,45.63722917,222.40397771,68.67412684,8.63736224,6.87205798,VIP
50.37117261,17.93703699,118.23402889,49.46263067,8.36131315,4.54828826,Business
58.42142565,26.85777176,128.23093259,48.12982355,7.23469237,3.99994753,Business
34.40176702,16.9441553,84.67054485,30.38573971,8.40831634,3.94324009,Business
60.15268191,24.61211131,136.90252715,58.08784229,9.47974872,5.53999455,VIP
63.9630851,27.95254041,128.99742887,57.22430104,7.70537306,5.1274565,Business
61.90283244,31.48010098,109.1079954,6.02868133,12.0,7.11498204,VIP
112.61393399,49.38767951,215.56963467,21.61630911,11.24902829,8.19702686,VIP
111.6405535,42.86903243,211.95722483,56.56997002,6.50305655,5.33706094,Business
53.90220636,22.21642675,120.2847936,9.93083859,6.68785045,5.67941708,VIP
36.84159385,17.64547012,98.62126529,70.05608497,5.44578357,1.62992854,Individual
49.01416624,19.5348758,92.49287189,20.01924149,9.7213833,5.3441357,Business
68.00187102,34.46530141,139.54241763,17.80862285,7.75448156,5.06188371,Business
118.88720469,50.3815871,252.2791444,14.89000806,8.79034286,6.87925624,VIP
74.91499919,31.50015715,142.17018594,12.61825252,9.87447897,6.13227942,VIP
63.15789263,17.94848808,149.84556407,11.04216403,5.54525323,5.82548227,VIP
69.48100049,29.62388721,130.05650009,17.27308982,12.0,7.71012014,VIP
81.23289576,31.22626418,177.88985897,60.27965055,5.74046408,5.5738947,VIP
35.08316183,13.20371982,74.32718053,36.38096268,9.86485369,4.56297684,Business
106.13737687,45.77043765,197.95239012,41.92651342,8.22304161,6.84421397,VIP
39.69221891,15.55578439,72.12282269,68.98902806,5.02207086,2.2247385,Individual
40.64615323,10.20546328,77.91087538,21.2475823,10.51171464,4.99393475,Business
80.05130159,29.48370453,167.16482929,37.94902174,6.43908284,5.87118855,VIP
20.35726029,12.41293815,63.00079847,65.23643915,6.14434508,1.2280821,Individual
116.16438554,46.74588469,221.69117806,39.68805902,7.35483782,5.85731487,VIP
33.46506947,16.280249,57.57381277,44.25484451,11.23410779,4.67435857,Business
112.90751773,50.42438527,209.79031726,49.22956769,8.42724252,7.61514544,VIP
61.20641452,29.12451146,123.37782154,25.1703194,6.90954544,4.61867421,Business
38.80783711,23.44408262,74.08018785,8.40484339,11.84069981,5.56901649,VIP
84.99747126,35.21387368,172.80781232,22.67402424,8.00521586,4.55022749,Business
74.27283442,28.80566603,153.90428457,35.63928773,8.16836065,5.15353105,Business
68.30959138,29.78779921,145.16356827,27.2594652,10.49998514,5.85655732,VIP
110.96927235,49.16024296,208.73321118,2.42915774,12.0,8.35167012,VIP
20.17111007,13.57971767,41.53735414,67.22863696,5.00555301,1.97474216,Individual
91.24587822,39.09648302,180.86132721,61.15617311,8.09755188,4.67676428,Business
52.48252169,23.5473706,105.38759362,46.44418371,6.56406706,3.74601968,Business
87.58210788,38.0175774,168.27328272,34.20817063,7.53647957,7.46705711,VIP
42.07335466,14.09342193,80.05578977,5.65875818,11.95175949,4.75124167,Business
118.05140546,46.12287825,240.40727262,71.78757306,5.68436108,4.79520116,Business
103.93195954,40.2315881,194.12650688,12.18930443,11.38215527,8.63733631,VIP
82.76508618,29.813211,146.98509647,31.30132253,8.33104108,5.91913228,VIP
90.27803942,43.04088792,190.43373038,30.35934642,6.89949057,7.16324644,VIP
67.25122143,29.19689725,132.88295827,50.55628868,8.69291926,5.01977234,Business
85.3824952,36.47403078,193.24721511,47.84371563,9.64781893,5.73547816,VIP
20.66202349,8.75939941,37.2262448,18.01815823,8.31563702,3.61725233,Business
107.33739181,45.64724844,218.382468,59.016263,7.75219719,6.55941171,VIP
82.41211552,33.53134549,188.9387218,25.03578102,10.13341405,6.43722304,VIP
82.23268293,42.1403985,171.04768103,50.37520523,4.48276072,3.18210453,Individual
85.66491519,40.42487066,189.49897749,49.93639109,6.57660067,4.822815,Business
56.77593049,23.24951037,97.92772655,21.1046727,7.36994317,4.69388252,Business
23.07461408,15.0964506,52.43850277,37.01442772,7.95488582,2.81278013,Individual
91.09157714,33.81827793,174.85097148,70.18648627,6.76437584,5.42975262,Business
23.32451234,6.87077248,43.01560981,43.07763559,5.25618896,1.04370302,Individual
65.52226226,26.46941996,134.49223173,28.25354639,9.39227514,4.15770335,Business
43.2362613,17.95252303,81.7706092,25.65260642,7.72861532,5.3347217,Business
23.30556844,10.11123519,29.01159185,52.92342095,7.41851755,1.47624661,Individual
111.64740944,45.0947005,242.70386976,8.79387347,9.2546207,7.28684272,VIP
68.58334995,26.21278589,137.80390576,54.14676784,7.61330808,5.59304325,VIP
96.86726411,34.69323567,190.36135119,56.76586904,7.08552317,5.2365665,Business
86.6484159,34.47008442,192.17833562,34.42110947,7.91856804,6.1004698,VIP
31.65818432,18.88453367,95.16013659,45.81230588,5.52620275,1.95981217,Individual
106.48110679,47.85412875,239.3282042,29.10665175,9.02908586,6.17747403,VIP
52.91559579,15.33114979,80.32344843,64.71283323,5.6996128,3.70676803,Business
57.25065719,22.5934806,112.47593346,55.25271095,6.36254821,3.29173782,Individual
90.24139635,43.96518774,190.16413695,34.70782382,9.76041627,6.23498008,VIP
92.61533125,32.0423835,184.6524609,25.75554401,8.2618815,5.96621721,VIP
36.33722158,13.94605405,75.31248882,7.36316471,9.69302056,5.50640197,VIP
83.06243365,28.42301674,166.62707239,9.0043202,10.2839447,7.10973702,VIP
65.49882656,23.96084571,147.9357867,39.7898441,6.55526024,4.70150553,Business
91.89826066,36.03578009,173.36025323,12.75015733,10.56904828,7.36521334,VIP
35.1503421,17.12694419,78.93590016,57.43681015,5.45053329,2.42120563,Individual
113.13035709,45.41980724,211.02676077,13.3360583,7.62164277,5.96038493,VIP
88.04171128,37.33189433,189.58193553,29.98553144,9.00080874,5.54592222,VIP
37.27118222,18.61455721,90.44180674,17.68755427,9.05891495,4.20337292,Business
21.45825504,10.28031023,45.34810683,17.8247757,10.79602805,5.26178429,Business
117.48616299,52.42924358,224.19044202,55.93643269,5.9397266,5.07462673,Business
59.75564159,24.82350406,98.65296207,10.86238539,7.87170072,5.77584786,VIP
71.36348954,32.77532169,149.95612639,46.76054322,4.1408537,3.50964477,Business
47.58264104,18.8780924,80.18771007,57.45380873,6.92948279,3.71410173,Business
105.95323303,45.63821875,245.35531861,51.25144839,7.68148004,6.12437463,VIP
94.58536284,35.17386045,202.6127758,6.26788489,12.0,9.5633925,VIP
91.72426928,38.58978133,177.69657458,5.02284289,12.0,7.52844545,VIP
105.23967386,38.37527202,219.10350128,52.06351402,7.22138172,6.80998029,VIP
84.22071342,39.24456004,144.09575256,66.59720505,5.65417685,4.72680951,Business
59.0997181,17.22565975,148.18822437,5.65331554,10.2335513,6.7033013,VIP
103.25972803,45.60040497,201.87197611,2.40292318,11.17645502,9.15190288,VIP
30.85038602,12.70462293,80.44376711,63.02397033,4.80439244,2.70120338,Individual
78.5305566,34.53344485,166.21608937,50.40059821,7.59824457,3.80359402,Business
30.86227515,7.54920854,80.0174024,43.04319094,9.40467644,4.0260629,Business
49.95838206,22.04885888,113.32791185,64.81829203,2.15330888,1.85507942,Individual
101.77148701,42.71081409,197.36793308,51.83099538,7.04782268,4.61502519,Business
52.8036341,30.79187897,96.25535486,3.03819886,8.12752441,5.22075611,Business
60.72630152,24.3561436,126.33216057,53.88474638,8.84677673,3.98391465,Business
86.55213605,36.37746119,183.58369973,17.43130233,10.64731169,6.72156828,VIP
21.61430944,3.77181229,78.90158258,13.8831583,9.4000361,4.91038156,Business
81.5644826,34.96932015,143.3475531,3.50019226,11.24729756,8.17550482,VIP
37.51803697,18.16462006,88.16908381,52.10820551,10.02289185,3.66467689,Business
45.95262547,20.77545159,93.15679668,38.29531397,7.9734242,4.4000473,Business
99.06676782,41.55942996,187.75515822,42.65387221,6.65456326,5.43792457,Business
93.37652412,34.22064391,187.29110314,22.02533725,11.25553791,7.32948892,VIP
24.72438917,11.33650533,44.32999792,46.90514186,4.29633358,1.84034357,Individual
105.34435212,37.6983077,233.48331911,13.09358647,12.0,7.47356515,VIP
59.66156641,18.71080556,129.19390051,45.98360389,7.61023398,4.65585433,Business
65.94169389,23.92162948,112.97489435,24.63612285,8.09183023,6.00196065,VIP
46.45969939,22.75349514,88.13933058,35.88178294,7.58673187,5.74964631,VIP
62.64764086,24.83868274,121.31070803,31.31734906,6.32746492,5.01287081,Business
41.51935593,17.23944931,76.05716191,26.23326186,7.04831619,3.87316578,Business
28.20956272,6.34539712,42.8213458,14.85002636,7.94083369,3.8019813,Business
98.27860188,42.35205915,191.32165098,20.15740104,11.09276175,6.75678376,VIP
89.75864186,35.41595015,204.62725303,57.64120971,4.515975,5.24186597,Business
24.2483323,13.07903836,40.34228733,38.06629322,6.51168928,3.4393514,Individual
48.84536293,15.38541176,104.79747576,12.18219319,9.66050467,5.62074857,VIP
109.29313173,46.0837654,234.77903328,57.57884578,7.33939392,5.31072758,Business
106.02742952,41.60909648,215.27206946,61.03560887,4.9042212,5.82454121,VIP
80.56961898,33.5667481,171.65599873,54.55103051,7.76390065,4.12088082,Business
46.97993503,27.75182469,123.97536709,24.35907514,7.86274101,4.39552346,Business
92.84635767,34.53521128,197.10402331,43.74708109,7.24261462,5.35848008,Business
100.35828591,41.73546208,226.83941685,57.00269684,3.58772928,3.67988475,Business
56.20651905,24.53713424,100.50565352,64.58041049,5.94793772,4.27437863,Business
44.31237906,15.93964135,85.57378451,12.50662294,11.22059126,6.60294795,VIP
76.02175861,36.63007845,149.27425819,5.70801211,11.14974473,8.52932859,VIP
115.32914859,53.21298159,248.962766,70.93951501,6.90195844,6.27030189,VIP
73.01817338,36.4329395,154.75813529,42.81676464,7.2860252,5.22115586,Business
52.57672985,16.70913456,117.15030697,63.39668536,5.57945144,3.45317821,Individual
86.29600822,33.74971245,182.20967354,34.68729823,8.25015207,4.67637821,Business
105.15672265,49.88821854,219.80210617,24.57184496,9.54963818,8.50518255,VIP
31.05449488,16.16952621,51.02737508,45.55561123,6.48416663,3.43554701,Individual
106.40707862,40.69034826,236.06088601,44.55292386,5.44211465,6.21365803,VIP
45.37759722,23.61121113,108.96604156,34.6547552,8.47512455,3.84620419,Business
108.79214224,49.48851868,229.56306993,59.92449203,5.72359872,5.41469443,Business
59.56683324,27.14395621,130.46779128,24.60688525,8.60119317,6.2433194,VIP
107.21537612,41.68644641,198.53918701,58.07552499,5.92363651,5.71736139,VIP
91.92006971,51.28002975,195.62272749,61.05332626,5.4873978,4.77509943,Business
63.16193768,27.29885606,107.49383355,62.77164355,7.38833929,4.21427913,Business
68.83324978,32.85257843,145.73015228,55.49865194,6.9032405,4.29578388,Business
86.51707532,36.37595087,149.33524511,39.96647465,8.12908183,5.63244094,VIP
26.99074632,7.96781738,30.58827456,58.41241992,7.54317603,2.93014586,Individual
57.65576502,27.08416265,115.90714767,12.60352744,10.21903528,5.22385611,Business
98.72499722,40.07366879,190.83059636,43.79128752,9.19303777,6.76669352,VIP
65.79214243,35.62350597,124.96842688,35.40365895,5.40981483,4.92550971,Business
22.2010147,12.23770706,48.71665775,44.36890936,7.15499659,3.95194395,Business
35.50741931,10.87870115,86.34321239,44.57370675,8.43398604,3.3986434,Individual
37.46476961,18.21534218,83.97304609,54.0781693,6.06509109,1.90446771,Individual
79.57667067,36.12682363,180.9669111,15.42531114,11.16483541,6.02479552,VIP
73.76326709,33.95738811,159.66991124,35.79883481,8.36012795,6.60382731,VIP
65.75270468,31.53902091,101.02849892,55.99435927,6.199669,5.47231507,Business
28.35288452,12.76805145,44.44172585,20.86393186,8.95751492,4.26916215,Business
33.43730066,15.96780064,88.11555536,33.9860439,10.13884475,4.60922674,Business
27.90409112,10.62845304,42.9969391,50.68689945,8.40196536,4.51493696,Business
38.61877798,12.93301849,68.09724965,39.90016107,5.80879878,3.98786867,Business
52.19414,18.96854326,102.63563269,8.83506769,11.03035611,4.79896776,Business
62.85659482,24.83723545,120.28405632,28.83042107,8.04993955,5.71295785,VIP
56.03129156,22.34114939,120.6112179,49.9855852,6.830227,4.41374107,Business
109.3053171,45.8242428,229.58099661,47.75700372,11.64243293,6.71111562,VIP
100.56884628,46.04275584,207.14530452,39.75821918,8.58153247,7.71661986,VIP
27.91186676,11.2828253,54.17470987,60.58733169,4.94846905,1.96175035,Individual
90.15841916,37.28460405,163.71708906,48.08360449,6.50055929,5.73567401,VIP
109.02041505,44.8715837,232.404493,70.33206459,4.45915655,5.37909332,Business
50.29570262,20.35739418,101.47687586,53.76592919,5.74198857,3.14151064,Individual
49.60449855,26.68650368,115.90940634,68.00382139,5.27073811,3.08163616,Individual
42.63858062,22.59770937,77.7526542,5.65171952,9.99471756,6.75788347,VIP
73.18396152,30.48394493,137.54014996,11.68609583,11.98365943,7.19849233,VIP
110.81877811,42.47882669,206.90539475,46.76831831,6.97666304,6.3557659,VIP
75.97925156,33.68473897,138.64662266,25.11947469,8.20876575,7.86237351,VIP
61.49154147,24.82745274,132.02580467,43.30363608,7.97184664,3.64519796,Business
113.46117459,46.13439089,243.85300389,8.85145912,10.35411461,9.20651827,VIP
42.22401297,20.90054279,75.57714911,5.29712843,10.47036898,6.25026195,VIP
113.92397326,52.19786565,225.58614867,5.59300839,11.69367452,9.2504387,VIP
66.04994001,22.1886312,157.42240567,52.94721215,6.62896179,3.01154534,Individual
53.13862356,25.951816,115.54841622,1.05866256,12.0,6.0557596,VIP
105.39089327,43.08594481,211.19620282,5.76188395,9.85273118,7.95322234,VIP
81.45292658,33.63087371,161.57266829,6.4635074,12.0,7.19212883,VIP
75.02751333,28.25049643,151.63216765,50.06008473,8.70687432,4.66717748,Business
45.70986743,13.75397598,109.24829336,68.8067575,4.00231355,3.16957447,Individual
92.31210276,41.97431124,198.72599083,11.13181859,8.88694486,6.9992263,VIP
85.49292819,34.38642517,186.29976214,24.40666157,9.73916326,6.50859991,VIP
22.64130624,10.66756162,53.95596769,60.64937571,8.04699142,2.40291462,Individual
83.13145269,25.2779229,169.1860196,2.982649,10.74563641,6.59863224,VIP
108.34236491,52.0313264,228.99505685,13.95991889,9.46220141,7.23456166,VIP
114.06076443,43.13882787,226.54155426,71.27305986,7.2823939,6.0888083,VIP
102.30762031,42.91245577,201.78621122,8.43168837,9.71169359,7.78482041,VIP
89.72624221,41.67130475,179.0349345,28.5452744,8.2433388,5.30547961,Business
60.80171844,25.63468265,114.23007906,60.71368888,4.22429457,5.03462332,Business
63.41297509,23.24489094,131.11450597,61.29408839,5.0095112,3.677189,Business
56.10081993,23.54292438,121.9697073,16.07274699,10.40866726,6.03557469,VIP
109.71033552,45.47570101,229.15128753,58.2836098,5.29110938,5.39322607,Business
99.65743055,47.499351,204.68902052,59.04444116,6.96862842,5.92688646,VIP
104.61567148,45.63223207,209.15328565,54.06785721,8.23352957,6.07391437,VIP
95.83323288,37.91321959,204.75861635,14.64516983,10.14796115,8.11501677,VIP
68.94429587,34.45036396,154.17538739,41.59963775,6.02051793,4.46813723,Business
28.34937578,8.0480932,42.25089435,14.81618583,9.14319898,4.71761446,Business
95.24477815,34.32698641,169.35863838,17.8720639,9.83734564,8.17059949,VIP
55.23506636,20.30720022,135.71001085,39.26735997,6.17479062,3.63462874,Business
69.79028438,35.36199076,140.86752405,18.70431799,7.98201518,6.66372543,VIP
30.22494254,10.35837123,74.67034124,16.35053828,10.12677249,4.94521015,Business
93.39980558,42.65256292,183.67812118,56.29159894,5.22497878,5.80588244,VIP
90.94551651,38.6965311,189.19923678,34.24312909,8.23763332,5.40085045,Business
114.62923093,56.35151564,244.78504954,49.67678374,6.82333052,5.72373973,VIP
86.38372126,37.85540607,136.03726469,65.7341724,6.4566986,4.94755186,Business
50.23922493,26.29486424,111.87446127,61.7755555,2.97200663,3.42498777,Individual
73.00076675,27.42426094,125.84033438,20.239589,7.88378997,5.55364664,VIP
72.55393827,27.72894334,143.58190077,51.63507692,3.10111601,3.15907069,Individual
27.74664455,9.26067451,68.91393052,20.39102708,11.5793901,4.89957886,Business
60.51295252,29.31429274,149.98720588,19.67486232,11.4008974,5.94236692,VIP
62.88896847,25.89187644,135.96238691,67.73676785,4.03419732,3.07337107,Individual
95.19300861,44.71669628,183.06650737,28.68576374,9.21960209,4.83390487,Business
38.6201377,14.13995223,82.98101503,36.64606169,8.6076513,3.15573819,Individual
82.31336965,38.45329898,151.37091845,51.3852475,5.95617266,5.25917296,Business
117.91625428,50.65216673,269.21698812,69.73331158,6.04189679,5.60579704,VIP
22.36806683,8.09321426,60.452662,63.71828463,6.8230835,3.91475107,Business
81.39115761,37.82788406,157.85385625,56.19652617,4.40118923,3.81693716,Business
80.17273503,28.99508033,175.18232986,12.89264886,9.76657611,6.4483755,VIP
98.10833569,37.38078054,164.26612505,69.84744947,5.18623697,4.69960006,Business
23.16914863,9.13944055,56.31391734,40.9866925,9.1493843,3.82082112,Business
42.61157606,22.06240283,88.95664816,12.15097629,8.41912207,3.51364563,Business
103.73796122,44.45442218,194.28204585,21.30319105,9.55244767,6.36150326,VIP
41.85209363,14.78165266,76.24928031,67.90768044,4.82146938,2.55973991,Individual
79.87797844,35.84370682,164.19338574,64.68747051,9.61505662,7.15239332,VIP
104.95370638,43.9535203,219.67053482,45.32112373,9.95005,7.01414867,VIP
107.92105386,45.60190024,226.58509012,35.34317009,4.35635008,5.81769934,VIP
36.01181369,11.92042896,75.05816496,49.87144516,5.04736721,3.88275573,Business
108.21113852,40.88045726,230.88814534,35.04474332,9.73447316,7.10307893,VIP
77.10316177,29.38774922,177.87254372,27.0223243,7.65824641,5.43890523,Business
51.78981528,18.39379296,93.19625616,35.45115929,6.66531392,3.43150756,Individual
67.42585027,23.71709377,132.82602804,64.68296855,10.06292031,4.6535868,Business
105.94627768,44.93255874,222.05833172,47.23745503,8.77447458,7.53336326,VIP
70.14638443,27.5732973,158.26911438,60.97888976,6.55639819,3.38401313,Individual
35.05233716,18.81391338,71.78854988,54.49381904,8.53432358,3.61117806,Business
87.79968645,36.99867104,193.93340867,3.88786843,10.32401732,6.46165784,VIP
67.37377931,32.08256454,130.23426628,17.22793939,12.0,5.67699128,VIP
35.88064575,14.50712892,84.18517208,60.59889905,5.54649581,3.08719048,Individual
44.71092048,14.6928768,94.85214784,33.98026832,9.48423614,6.21674528,VIP
102.09828752,40.05567767,199.49457936,3.18482359,11.469353,7.76740187,VIP
26.34970864,7.85372567,68.29386094,37.13750091,6.84996706,3.5644043,Business
62.65004641,17.76449536,112.3743374,8.7369656,10.78603714,6.49115606,VIP
112.75315967,50.29756911,226.71626323,29.95328395,5.92653361,6.1383755,VIP
48.07427792,18.59763901,83.58966565,34.03841472,9.45695923,4.59464631,Business
44.0059799,23.60481159,93.95613036,36.51646907,6.77674309,4.25645839,Business
102.58497307,46.48258916,206.09232831,30.24047765,9.11706672,7.02943835,VIP
88.98642459,29.58854624,175.08598332,69.43300112,6.05559567,4.40459658,Business
81.92681101,32.98267403,179.40654737,35.3321921,4.94014547,5.9140884,VIP
110.11947873,43.83696211,246.1365983,54.48329102,4.511867,5.13571051,Business
110.59905157,51.27239448,233.30213856,34.60008043,7.56494452,8.20965193,VIP
32.46710138,12.67917648,25.34490504,7.15650793,12.0,4.62614961,Business
36.74907173,20.80622607,87.35830757,15.11503786,10.13694557,5.64705785,VIP
27.91306267,13.49501003,68.66577937,40.80299606,8.33552345,3.73441605,Business
92.35605276,37.98353122,205.58568745,71.50634452,3.49277846,2.42423089,Individual
119.04669144,48.81892697,226.80102929,56.57304668,4.57872341,6.85797567,VIP
47.35265003,26.49569197,105.14981286,49.91354291,6.27524778,2.59179008,Individual
76.05329975,29.97466687,170.41649969,19.72939632,10.45105036,5.86416689,VIP
63.2837317,33.19801367,136.60188005,55.88918777,5.73096152,4.12813994,Business
77.12984222,39.84829905,147.79928597,42.3640733,7.70912136,4.45683869,Business
88.83827408,37.03868069,173.74815001,54.15870422,6.9842114,3.88904515,Business
76.75050127,35.92000734,156.77944659,15.92765837,8.93986667,5.95507353,VIP
43.32986438,16.4972376,91.56605981,18.33092675,10.56073048,5.32901856,Business
47.75396086,18.04269125,93.77313881,66.83333351,6.07367608,2.53129122,Individual
103.30026966,43.48240001,211.35079474,4.23820102,12.0,9.22854427,VIP
113.85108569,42.89455153,209.71805977,35.864543,10.35049662,7.29302214,VIP
67.92094373,25.84711906,156.61954057,22.91428309,7.74830674,4.99304337,Business
43.23910263,24.62189665,73.37649436,54.16139295,6.59663864,3.5549642,Business
93.845002,43.9773996,174.25669142,65.99742473,6.55791273,4.63982959,Business
71.93767033,26.0254889,142.41316777,13.04054785,11.68251855,6.56337433,VIP
57.52284315,26.15396686,114.86319139,52.98555491,6.40422806,3.85516653,Business
89.86256731,34.49629372,199.02468572,44.21827832,8.19128159,6.13600802,VIP
99.9010408,42.96000374,186.06337303,27.31914027,9.66849994,6.25208637,VIP
81.761271,34.144224,179.61196849,12.46126088,6.56993193,5.9107214,VIP
72.0173271,31.54196569,156.35512826,60.5626021,3.90741437,5.06062147,Business
83.1829756,37.95945454,161.38014021,67.19929157,6.32246353,4.31318023,Business
94.46049407,37.24603716,196.45388837,50.23526807,6.4043251,5.79542175,VIP
26.00118479,11.80520881,70.0633734,2.1726653,12.0,5.11882085,Business
41.70377868,15.68687832,90.20650059,35.97768133,6.95067165,5.08004641,Business
101.99664639,39.71903378,179.52693761,12.56316682,11.09753073,7.43983983,VIP
108.74398862,42.4472777,187.32597743,30.86749217,7.91536957,5.49588319,Business
107.8799719,49.40927856,199.7817269,58.54811179,7.16529462,5.7440939,VIP
86.5176835,42.12149077,190.49316783,8.28792267,9.06894446,6.52280435,VIP
48.0362674,22.66835702,115.80891726,64.38050698,5.47795172,3.33932263,Individual
111.25226348,47.42475662,220.43756308,60.74232958,7.18530048,6.79067234,VIP
81.03224511,39.48772095,148.31439453,31.62489443,7.0936171,5.93700441,VIP
36.64386758,13.89019983,59.65745211,60.47117748,6.01074162,2.25221462,Individual
72.19605451,33.77728064,155.88591728,29.71248948,7.04582562,4.80888397,Business
95.17468731,40.68112343,179.66528194,19.10134288,10.12547264,5.69533356,VIP
64.03189791,27.55899442,126.36507574,9.73435645,8.5593302,5.70407782,VIP
71.70336833,32.83270694,151.53691505,8.92807427,7.48565952,7.18256079,VIP
56.03190024,21.71861256,131.45293647,61.39652381,5.74052626,3.94331979,Business
97.14179354,43.7719527,185.48802778,42.15367459,7.37110422,6.86740609,VIP
47.83404538,19.8901836,88.17647548,38.59114491,5.22293079,4.15270968,Business
115.85457249,46.38287994,235.32772295,55.71399463,7.404438,7.44068973,VIP
112.98447875,47.34401001,222.22050236,28.8115589,9.2993368,7.26389916,VIP
26.80266648,13.019958,34.98022307,14.67982197,7.14204295,4.4603169,Business
34.81230154,21.13122181,89.15731268,14.95178438,8.76968673,6.25855605,VIP
32.85082903,14.03369723,49.97848083,43.40679987,6.89376036,4.18549912,Business
105.25340157,43.99268048,218.06189591,59.83227586,4.9763368,5.3952851,Business
99.87501081,42.71925545,206.59943034,20.75451315,10.62780707,7.8173548,VIP
40.6843049,21.72320268,73.73476901,11.22315345,10.53187543,5.663493,VIP
83.61143881,28.12892367,165.25235956,1.96370149,11.6647777,7.31319717,VIP
23.32146913,4.46327092,31.57961333,40.54103428,9.81553964,4.76090042,Business
50.67644203,22.36941586,107.16745545,64.8441875,6.55871524,3.35486437,Individual
117.74130446,50.77956298,237.17283229,67.9387817,2.39988134,4.38924504,Business
53.12709717,18.35615355,100.46648415,29.85683458,9.71998683,5.79288367,VIP
44.21077079,16.03063264,61.50107767,65.61535196,6.48537445,2.99278768,Individual
100.04236698,38.12701665,184.57914596,12.13680968,11.51057177,7.49138696,VIP
64.61443943,31.83676019,133.39713214,33.14936276,7.68738772,3.78047784,Business
47.06679036,23.26278934,104.21275108,69.77208229,6.51012961,2.74195578,Individual
63.17462905,27.13621338,133.6449337,30.1429728,10.02171751,4.6499262,Business
115.6199251,51.87582522,231.46270969,42.8483719,7.75548594,6.50426827,VIP
47.00825197,26.43284996,102.51013544,5.7472428,9.1053168,5.29993048,Business
93.78782761,44.8871095,193.87632105,8.85251147,9.13182684,7.8556127,VIP
84.67450912,35.50007487,165.69104219,19.74921701,10.56372422,6.17001577,VIP
82.22266193,29.4110726,150.94198694,60.23352288,7.86687564,4.40028934,Business
23.16171016,11.75543843,40.3844714,35.09598786,8.31547346,3.63575446,Business
45.76911662,18.90302317,94.87943832,19.24519514,9.9474929,4.03784482,Business
76.7205901,26.3140928,170.93292235,6.34714273,11.37498553,7.01068683,VIP
56.85945978,20.39293413,110.37982291,7.57930216,12.0,6.33743218,VIP
24.17057207,11.62120261,26.28216584,30.10347589,9.43899195,4.12672483,Business
119.80180247,54.44938301,248.75640403,10.79246531,8.67582732,7.75401766,VIP
81.87142849,33.88092332,161.65604473,54.25955888,4.50913482,2.97278463,Individual
107.89248959,41.44459677,254.93296328,23.29351187,9.57548173,7.13943235,VIP
36.00687697,16.9680209,79.30059155,56.44754687,8.77704042,2.0132438,Individual
113.5262365,49.41667012,242.20741289,71.42748344,5.52134405,5.40570108,Business
21.96306498,11.58878472,51.13166309,45.69414721,6.91077503,2.00985709,Individual
119.24705909,53.68237693,211.2457686,2.73086151,12.0,8.89875589,VIP
53.48938138,23.22532519,113.19950784,34.15443347,8.43879596,5.70672507,VIP
119.86032155,48.91517191,228.21927312,42.62741486,9.32627275,6.72096782,VIP
90.49043528,37.79737554,177.99011884,55.91622161,5.61242033,3.88696365,Business
79.97604725,34.61791841,186.98436494,65.25987875,5.0654149,3.1573422,Individual
95.60585304,38.63407384,193.2122386,60.61969105,9.47617985,5.58420743,VIP
73.22918232,27.83763731,164.03766641,51.20704286,6.6961283,5.22466325,Business
96.03796994,40.89285257,194.008873,23.95767931,8.43315305,6.258671,VIP
76.93190696,36.67281875,124.43535877,42.84650709,8.38445011,5.05561255,Business
97.46059047,47.11970862,187.12554674,48.67864171,6.8827623,5.08543382,Business
85.71196987,37.39946454,179.57653995,12.6566562,10.84597569,7.56103038,VIP
30.74521718,14.13379121,32.75946552,27.99881341,7.61380075,3.37943007,Individual
112.1894355,48.61504126,217.32595125,52.9403143,5.60131189,7.29146098,VIP
90.08298393,39.10497626,188.80842986,38.68641087,11.17175744,7.75493293,VIP
115.01776586,50.70485597,240.21063878,65.46495646,6.95131672,8.15946503,VIP
107.85323645,38.90444481,239.30458758,16.8795632,6.93867252,6.06972129,VIP
71.95162847,25.51188382,130.08256063,61.77659312,8.5145618,4.89979343,Business
73.31142726,26.39555743,152.07320249,32.1718436,8.23403576,5.10350202,Business
22.28571973,2.47337351,47.02631643,13.77035357,11.31813498,4.69997487,Business
96.30211233,43.07362102,212.8240865,69.08773422,6.40553584,6.34946957,VIP
66.17660051,28.01360305,117.98855567,54.39853856,6.72722752,4.79124673,Business
92.77329602,34.95742955,172.77900035,12.80513996,12.0,8.26778285,VIP
93.20339725,38.91141565,208.69952975,46.42322325,7.87076056,5.44473156,Business
23.63100835,14.10422298,24.43060334,9.59235985,11.39663813,5.41997152,Business
72.95380025,30.74785512,119.60955992,65.54103869,4.61351201,2.46733959,Individual
64.59613901,32.00681307,116.91162365,9.02634621,9.89416532,6.33887406,VIP
116.79016785,53.67721354,244.59508334,41.77080819,7.66158902,6.13384643,VIP
27.26625707,13.19266195,56.51799301,5.90433221,9.6650392,5.75167995,VIP
28.26503158,13.55963625,41.15206262,71.23978558,5.98103705,1.74982522,Individual
28.30318596,14.24713717,63.69229016,68.93595993,5.08982521,2.46851394,Individual
42.06644233,16.49949208,81.96952608,49.77559805,4.38716299,3.27970542,Individual
28.17629936,11.28237694,49.70047827,52.92507501,6.80266711,2.69552606,Individual
59.65250738,24.28561474,132.89907858,20.91789827,9.06852907,4.46135122,Business
73.09773058,32.29989551,179.95023451,31.68638907,7.79861598,5.29670844,Business
68.56480015,27.5915638,130.18864187,4.56207279,10.83352293,7.16903429,VIP
108.53289606,44.08136299,201.94775186,67.2775207,3.97995154,4.71233293,Business
97.82113404,40.33008053,199.97572901,33.62843203,7.28616503,6.65925517,VIP
23.65387578,11.00507574,47.43286209,15.28751162,11.62672717,5.94853048,VIP
98.80447385,46.6013952,167.42859522,13.2945979,10.53898882,7.25335239,VIP
112.5893372,49.69584597,234.50569325,44.06067688,11.26928547,8.90123915,VIP
100.86892453,38.95969152,167.71937777,45.73224051,5.86479367,6.07865048,VIP
53.59995289,20.61458019,114.59143186,48.10024489,7.15966636,3.57760954,Business
80.24441958,29.30907921,186.42859261,39.09106815,7.37931284,3.88392179,Business
52.86884626,27.9059563,128.99340116,34.88135422,8.73879221,3.79896638,Business
75.40072313,30.05641225,186.42630327,22.90943619,8.10010317,6.90428469,VIP
108.4475413,42.84847224,226.45762819,49.02128342,8.06408133,7.32926342,VIP
22.02461604,8.35018783,43.23912862,39.75167551,8.4760903,3.40101214,Individual
57.2716661,23.5843728,107.27165654,18.63672635,8.77869627,6.60119531,VIP
102.07184301,37.58034074,240.57433585,53.72795006,6.73846879,5.52185314,VIP
39.60992432,13.66728018,72.04091164,18.44201065,10.63939455,4.32289505,Business
63.25028423,29.72739249,126.35382211,1.21630138,8.68878328,6.61038695,VIP
112.88524782,42.49743473,220.06747541,34.04354135,6.64833525,7.92041018,VIP
65.54729913,27.85711022,134.13202318,61.23032611,8.16942078,3.21265693,Individual
95.29963232,35.17081149,181.10570214,17.70473949,11.0855202,7.59068136,VIP
24.4737122,16.6079169,41.01854773,24.5481079,7.9841122,3.02279339,Individual
74.5688359,30.2390488,128.63820056,16.15580993,11.57892837,5.09625542,Business
49.71109661,16.40191134,84.34389126,57.75165755,8.19851886,2.36850314,Individual
96.5217274,42.84151199,192.04158276,53.062314,8.67740706,7.68998546,VIP
79.6978121,36.28081319,178.24610004,6.9792074,11.55159829,6.99879083,VIP
23.90391278,6.57817702,47.62770851,36.55861558,9.25579856,4.89513526,Business
93.41409602,38.92561064,165.59973319,5.53918406,9.45404131,8.37478916,VIP
69.08252198,31.7303982,130.25524204,66.20028346,5.59207289,4.8510004,Business
101.19569042,43.98992332,181.95179163,7.89264657,10.70545813,8.26711175,VIP
43.09646266,21.48103992,75.58677197,62.54201558,3.83727564,2.08128464,Individual
107.37629783,47.71608719,221.8681311,69.18127718,1.19554967,4.46997727,Business
72.90880454,34.02535729,131.20523932,67.46339594,3.3076541,4.32813247,Business
51.24482773,25.68312771,120.41384246,30.25752675,8.80000392,4.49886269,Business
58.82106558,27.11678141,93.73308968,48.85263549,9.156905,5.78097136,VIP
34.98422105,16.88344383,69.62899864,26.55670946,8.47249024,4.22177938,Business
112.28189955,48.87906799,234.32748547,15.32960877,8.79091332,9.54538927,VIP
68.13234564,26.77783721,118.33649226,51.25734912,6.41455334,3.42388775,Individual
66.64643083,24.80212078,111.71106559,19.03640358,7.17123656,5.727386,VIP
87.47649231,43.87111504,157.37414447,20.08182473,8.97208872,6.16786419,VIP
81.93532329,29.85255752,180.36156199,21.52325421,6.86241629,5.70102126,VIP
61.51148206,27.62510044,98.27430312,54.23999645,7.15186385,4.04613123,Business
111.02400389,45.96600455,225.93072593,56.26744777,5.03393598,5.48970677,Business
104.92633803,45.67447288,216.90229945,30.68406792,9.89008662,6.16917278,VIP
47.27673627,24.37533297,100.45900989,52.70736088,9.5443622,3.90053687,Business
92.75815627,34.80247087,199.75458867,63.11551878,7.87968824,4.38235703,Business
32.20891489,13.1385168,68.67908975,70.08175366,6.50370079,2.8661613,Individual
38.97447528,15.11667312,56.90262883,8.52579179,8.45565295,4.73530441,Business
74.98682048,31.65162877,161.30095771,5.71821236,11.64215439,6.93194792,VIP
66.97446757,30.30093721,144.83941329,37.79972273,8.01690266,5.05155412,Business
96.36149053,40.58456261,223.24790779,28.08280807,10.87089752,7.55819829,VIP
70.27568772,29.09245044,130.38071091,55.75348135,7.11721582,3.91832499,Business
25.98559785,7.96099118,42.31397213,56.11044158,7.20676564,2.70728652,Individual
23.95913123,13.58440883,29.51082113,46.59852084,6.81105908,2.74364532,Individual
41.06710365,20.53252491,81.1706253,47.16039626,8.80681399,5.51437966,VIP
25.37147093,3.79282002,60.12914782,65.36836582,6.39928365,2.50933706,Individual
111.37153059,45.15627174,205.83081723,67.80710259,3.70586552,5.93728308,VIP
29.09856174,9.3873218,60.48479927,51.28918892,2.23775747,1.88376645,Individual
55.01861682,23.185539,116.76978129,53.05120291,4.67487022,3.15845886,Individual
81.52682452,38.48125889,177.90601304,57.16391417,6.91956693,3.11081306,Individual
35.39040508,18.86793298,49.64418096,67.01835317,5.29121184,2.60071284,Individual
25.20789004,7.77663171,54.76505106,68.56130353,4.37343485,3.22020436,Individual
30.80769044,10.00762536,72.28458106,18.2932381,11.3283162,4.59129347,Business
37.115189,19.66990306,58.97762285,51.27103507,7.17120696,3.64827136,Business
91.64584589,40.12335292,178.00657329,48.33785467,5.91412179,4.81709802,Business
39.7399084,17.90206874,55.17346634,36.19366913,8.33088075,4.01864838,Business
109.88503959,42.67245059,216.9727335,8.29097794,8.0820721,7.44512663,VIP
55.87279737,25.46748274,93.31297932,51.38075986,7.25401134,3.78306773,Business
106.30501242,40.63135493,236.80983505,39.26473455,8.36733983,6.80524703,VIP
109.20750624,50.46848896,211.52630112,13.04567601,9.45389318,7.90632801,VIP
45.64533457,28.0948231,90.64202916,13.90990076,6.93376627,2.9015068,Individual
79.24236812,32.84218251,159.22185621,24.68146242,10.48265999,6.11452338,VIP
38.12991544,16.67528805,42.40870433,22.38972095,7.59831746,5.01530112,Business
103.53587406,45.77812304,216.66198994,62.21577095,4.30295163,3.29884457,Individual
110.80170471,45.78745971,227.26801076,32.98342071,7.48351712,7.21577722,VIP
105.10862255,43.92913147,208.98371886,12.51651858,8.46345338,7.56876101,VIP
83.79967407,34.64024834,178.88115419,70.42194097,5.4760804,3.7927042,Business
79.96839654,35.18132876,146.26842014,27.16758915,9.51713949,7.40842348,VIP
77.45371169,30.98342059,137.49612393,37.54062128,7.05762636,5.09668644,Business
48.69426837,10.21278956,91.1448783,62.34820011,6.73439966,4.34831341,Business
87.8462077,31.3429046,178.33646962,12.00375348,9.46077616,7.44178935,VIP
79.3325154,37.30122522,155.17106315,20.16701417,8.53274868,6.41880165,VIP
45.21297879,20.59310559,93.97262622,2.16803922,9.25728776,6.03354349,VIP
50.6243701,15.92260502,90.33785042,23.40240564,8.83599239,4.67473338,Business
29.72357661,13.25737833,58.0182665,65.36326663,7.40490597,2.47157815,Individual
84.38917817,41.66572309,166.28610355,8.30593955,10.15696564,6.94670384,VIP
96.66939137,44.17789219,208.96556056,24.72348057,7.75945064,7.6155242,VIP
72.88534188,24.23757736,139.39044833,54.48849154,5.91392429,4.72545752,Business
93.36137966,36.49175184,175.98140434,48.80538113,7.86297331,6.38174714,VIP
53.28192303,26.53672329,98.98683181,12.8335587,9.00254175,6.48001368,VIP
76.63870827,37.23498743,163.79291994,50.02081537,6.82545101,3.93013122,Business
99.34539539,45.17346526,200.58369191,55.85497692,3.01446874,5.58822872,VIP
107.20970403,44.79692842,208.9242284,58.30344664,7.28251595,4.59442034,Business
101.59236179,41.15485361,226.66981513,30.46545022,10.88212723,8.83713538,VIP
117.17421023,49.70338748,228.10049211,12.52443897,8.50570343,8.29466146,VIP
29.72175645,17.01308265,28.75549706,29.59101636,5.50628527,3.49566272,Individual
50.23603276,19.7977135,96.25492902,64.05625877,4.66584298,2.07639033,Individual
50.0437725,16.44854626,84.23591559,67.60722532,3.58733114,3.5956127,Business
74.1005992,32.97158405,146.50046003,1.4489531,10.73490441,7.06176448,VIP
88.43352194,30.47033235,197.84617967,52.41810533,8.70335976,5.24604736,Business
62.00211078,23.23590394,105.89688645,54.21003315,7.46943559,4.74577238,Business
106.18758162,47.57157536,216.0948294,45.38128792,6.4053255,5.71549137,VIP
43.87464494,21.14378074,67.70190566,56.84325957,7.15853503,4.69843166,Business
53.82224887,24.96410613,108.82923614,45.93283072,5.63986705,3.23061488,Individual
70.26342956,28.55044511,124.69446185,66.02746399,6.29462653,3.20772336,Individual
118.97252607,53.20577896,255.03470434,34.19960291,8.15095996,7.06155678,VIP
87.24825662,28.06556697,194.48737703,27.49984627,8.81790981,5.70528699,VIP
67.35495285,27.58161099,152.06654945,3.53795968,9.66414714,7.63146964,VIP
106.04095344,50.2597231,210.65555689,38.18035008,7.97591424,5.59729271,VIP
98.05097701,43.00457829,160.94291805,35.25782767,7.51849268,5.11606151,Business
93.26145256,36.75207929,162.72920259,67.98443513,3.81573533,5.04419654,Business
70.40748678,28.2399562,119.50137034,49.30762325,7.64784015,4.82744191,Business
21.9663615,4.03363105,32.46723177,4.77449395,7.4997123,4.61100959,Business
101.21070479,38.54884863,221.41305041,3.29037683,11.33915955,8.53274911,VIP
71.132193,29.98326528,139.17483169,2.21012536,8.33590214,6.10430676,VIP
77.57840939,26.71497553,134.19273117,51.22513219,6.86251454,5.37165733,Business
86.66786308,34.82529431,180.81691648,7.99648214,9.71932812,8.20659234,VIP
52.54788074,22.26711339,130.30366851,34.48289876,8.29348137,4.55884739,Business
38.79340569,13.06170534,83.19381463,35.51101005,8.76561362,2.61167918,Individual
27.21529008,11.91169595,61.90475758,45.97243292,9.6117275,3.18243995,Individual
22.28941875,10.22541074,64.39384373,25.98890117,7.98345848,3.37051682,Individual
116.51036445,47.46220879,261.12955739,29.91296922,6.25995418,7.48870693,VIP
101.08859497,40.39095886,213.01719938,16.83646396,10.16681001,9.30517531,VIP
51.97367329,18.60612091,101.03015105,26.96783797,7.34078821,4.03072027,Business
98.05297998,43.75932847,200.49131147,38.64310753,8.03777075,5.96216921,VIP
47.84382012,22.81135796,115.34816065,58.43690054,7.38173698,3.17208731,Individual
111.58661956,43.50047206,222.12370728,2.37090147,11.58692335,8.99381172,VIP
99.10229211,45.03515256,215.5349724,50.14799745,4.90510843,5.3471326,Business
53.70145941,26.30312978,126.24936584,35.47663267,9.63689697,5.24014995,Business
115.91330206,52.22788377,258.48634746,45.79846018,6.70489786,6.23378404,VIP
93.21561601,48.24971864,172.42458176,32.18217169,9.15017499,6.64411685,VIP
86.70162555,38.6393797,193.69055262,51.66460083,5.83187754,5.70202185,VIP
49.04121839,20.81331082,96.25352947,5.07934175,12.0,6.63525247,VIP
66.85601929,25.17752405,133.64588247,4.11907297,7.75514153,5.13020064,Business
37.71667644,12.07103033,88.17642497,22.31703982,9.31379938,4.4664122,Business
102.55872115,42.69378408,190.00852639,22.52483204,8.46974762,7.63920548,VIP
45.9456238,24.95035813,104.3469579,67.47739013,4.45102963,1.10843198,Individual
52.14762334,23.98037299,110.5523088,7.45450619,10.99246159,5.57346351,VIP
77.99542594,26.51285937,146.95886423,70.04115917,4.59102531,2.0330036,Individual
109.01659454,49.47319643,221.23359401,34.86682842,7.52182194,6.48451256,VIP
42.82029296,13.29995527,83.2744406,60.71169499,5.11373184,3.66849806,Business
34.42848346,17.61071469,50.64269588,37.63572429,7.89856791,4.94860066,Business
51.46831543,19.235164,112.22534046,7.33280334,7.83583428,5.41248222,Business
105.20844414,42.59124814,207.54866529,58.86117068,3.4587613,6.3211053,VIP
96.34513567,43.25669804,197.90678943,55.94452404,5.59257357,4.4868423,Business
36.62201031,15.66612767,67.95644227,30.36680898,7.54948591,5.10648318,Business
98.29759188,37.31995496,226.01952789,36.24382772,7.1520217,5.94259648,VIP
27.4529079,15.52929614,90.25172066,7.07243924,8.33613817,3.26300408,Individual
52.80474254,17.86018954,97.10523193,53.03744736,10.58083061,4.13363516,Business
105.11026762,46.80869654,218.74976574,41.72803505,7.1817271,7.54966012,VIP
78.16679367,32.32272401,160.15272717,53.42945843,8.55562259,5.91161995,VIP
65.09887812,28.08709386,141.93450495,64.61737538,4.67673286,4.99820931,Business
74.8406015,26.95412762,136.18524944,4.30468302,11.10178575,8.05850322,VIP
71.25787245,41.08353348,144.55944397,50.65526936,7.13935548,4.84353958,Business
39.05131539,15.52913104,64.74621908,36.1345,7.35168178,4.65487666,Business
27.61229052,8.30472903,74.45969823,45.86146424,7.67250128,2.81083407,Individual
30.47313821,10.61533599,79.07313198,5.16544386,12.0,5.06147228,Business
31.32217468,13.66614114,76.02972379,25.53180151,6.90242126,3.92815965,Business
114.09539315,49.44643065,227.55744582,1.46794834,11.67089891,9.369293,VIP
106.24383036,45.90490338,197.62561169,11.86013541,11.21500828,8.96881341,VIP
40.18134672,17.601464,87.47628877,36.39594871,4.79940065,2.59595819,Individual
31.18356265,9.37430897,86.40133581,2.23307553,11.94232685,5.41350442,Business
118.64890919,55.69402976,257.95288037,32.25717541,6.02870754,7.43270867,VIP
114.43515106,53.1445896,226.62124297,62.64207375,6.37894338,6.43262997,VIP
82.85366837,29.01268486,192.91344265,48.59646668,8.41679362,5.94025393,VIP
37.74342874,14.43768016,70.65598196,20.3600976,12.0,6.68530218,VIP
68.87081934,33.49945397,159.1671922,3.38390842,11.51645939,7.05702892,VIP
42.61878537,17.85675579,73.89480169,27.9788151,5.88440771,2.30929062,Individual
56.33262893,26.28289749,114.09872872,60.8698608,6.8980615,4.18365041,Business
110.93727126,49.28553272,236.76204864,32.05070672,8.48634211,6.95960794,VIP
44.37873699,19.48239333,73.55999125,34.29153698,6.51002538,4.93844564,Business
51.29634439,27.1128003,102.44481187,56.50175211,6.05395372,3.35636902,Individual
110.79568959,53.52077134,210.67419038,9.99238772,12.0,9.19897053,VIP
58.71108253,21.10214974,104.734251,28.89866008,8.54271039,5.14389485,Business
72.3511259,31.37043867,146.30771375,35.3128732,7.31242532,5.23791161,Business
25.09976861,12.49238585,30.73405881,49.1878806,4.9758685,2.59155537,Individual
57.6430844,32.05774348,135.01507791,47.03616028,5.11562292,2.8305261,Individual
89.11185346,35.86548264,173.53048618,20.78965467,11.16411742,6.4990164,VIP
98.61871954,48.64855658,206.36738891,64.91011678,5.37240913,4.68046048,Business
101.8223904,38.49934698,202.15463769,1.31415744,8.09930955,7.24277683,VIP
43.23895945,21.94784627,67.74065782,63.42164327,8.26091601,3.58237162,Business
55.13196482,29.4708827,96.51470218,61.7733626,7.57728604,3.68391032,Business
74.67981384,37.16116615,136.7555734,57.2041187,4.67998785,4.2717488,Business
100.12033775,42.43925745,227.31697307,63.40698023,4.16106678,4.13902339,Business
119.50833019,49.81749489,244.07415763,2.11517564,11.3584841,9.39996117,VIP
96.23957593,51.77185262,214.85028009,70.98323401,5.59303387,4.80662612,Business
57.13159659,23.35771847,93.66333272,7.32271516,11.76011887,7.27731543,VIP
42.10623883,11.38914043,111.37177986,40.47038428,8.38578227,3.93808463,Business
54.77059226,23.00460791,131.7563947,60.39621209,7.10806917,3.65858318,Business
28.24638845,13.39461656,64.01622549,46.13729468,6.33762976,2.50834816,Individual
70.9041837,25.1773777,145.8939647,19.60792122,7.3470102,5.25851708,Business
106.04868247,46.58646604,213.8120742,57.39711676,9.52728698,6.49530098,VIP
23.23284163,2.70960319,60.38436942,5.55868931,10.11255377,6.61777055,VIP
80.79336192,30.11992182,169.33028085,55.2697944,8.27317006,4.47366081,Business
111.25525557,41.1136141,216.75576729,66.89562568,3.01715841,4.11091387,Business
28.32832436,13.98387643,56.80752632,70.2073961,4.28875024,0.31359644,Individual
68.17922482,31.04112727,127.98463592,53.17982272,5.92321113,3.94793209,Business
29.34811028,6.95513106,85.27930643,19.48246454,8.97553383,3.40076742,Individual
90.31440427,37.26374977,164.85721743,33.18642498,8.29872259,6.93873861,VIP
71.53241348,34.00757667,177.86874268,50.99258735,5.28435862,4.82549022,Business
103.0231779,43.46072692,178.84290322,16.21061774,8.83954344,7.98016514,VIP
68.83130646,35.72683137,142.71211281,31.79239361,10.02838692,5.2750057,Business
81.26944308,29.817792,162.76933416,18.91130184,9.52067971,6.07351314,VIP
32.11938074,10.89842011,68.57439188,9.3943563,7.66803772,3.37710739,Individual
80.51370534,38.17686368,141.25797058,16.35463633,8.52363455,5.85875236,VIP
27.54065281,11.2241079,44.2306007,30.90582447,10.52053791,5.09872292,Business
85.39210711,31.989232,193.54991326,71.4967437,3.72635699,3.61211797,Business
107.11656369,42.3422411,210.71321982,2.23376129,12.0,7.29763789,VIP
46.04450996,20.35696455,95.61822645,51.05475365,6.66479839,4.27281463,Business
99.49131033,45.32935555,190.6421881,32.02628442,7.29509318,7.52422877,VIP
81.68234649,33.66555826,171.00088734,60.91737325,6.44061049,3.05217535,Individual
56.08472491,23.89146244,122.25298795,48.35103728,6.69499119,3.02196571,Individual
110.20750878,50.45070447,228.69127924,1.75746326,11.88588479,10.0,VIP
26.43109372,8.89568017,46.35955655,64.06990066,8.06734701,2.13626488,Individual
107.74521473,45.74467236,198.2148489,26.58365616,6.16071633,5.78140545,VIP
42.62354773,14.94246679,73.03615776,61.89730993,4.58668819,4.34439148,Business
93.84732357,39.74749524,199.34314895,38.92467996,8.33889071,5.87170484,VIP
112.47281942,50.36839846,218.00034659,36.83773658,7.2257191,7.29108125,VIP
79.06230812,28.81664891,143.69958243,37.79558073,7.32646175,4.99355574,Business
82.52209555,31.74597482,126.65377895,41.55071086,7.22260292,4.31644855,Business
20.49968276,11.01316655,56.80433945,24.50298657,9.71339253,3.91678826,Business
108.51507792,43.98413838,236.17637805,27.54314516,7.44314807,6.97132092,VIP
112.88729331,51.05677066,221.3570968,4.55541689,9.73610093,8.35324712,VIP
46.19204699,18.8743263,94.17589979,41.40358835,8.7858339,5.40682831,Business
64.3618368,26.65769768,132.5836536,27.42054835,6.92257323,5.06987032,Business
39.98748751,13.48220266,59.13912958,66.77511321,3.48275242,2.01236242,Individual
62.42101829,27.99919801,86.573255,50.06874966,8.02137392,3.97808748,Business
60.48199039,29.28814305,82.00808299,7.01492203,9.76669401,7.0623846,VIP
50.16556212,21.64573902,68.52334878,2.00110118,10.10028619,7.21136371,VIP
117.41721206,55.34119637,226.97115361,8.28461937,11.35179413,9.65816285,VIP
52.87514005,26.87019378,123.73730788,20.73868705,7.80600135,3.26993344,Individual
96.55714783,41.67582817,181.9798395,32.87542344,10.19219989,7.54812881,VIP
109.09879074,42.73874429,224.57531418,38.39219783,10.3177132,6.43163945,VIP
43.76977184,22.11518587,80.77447704,12.47993145,8.82641565,4.85149061,Business
109.50444466,36.35414276,213.40157792,9.1169308,8.25469506,6.88642814,VIP
55.60792367,25.94044254,104.17508322,71.13295647,3.80977401,3.11845837,Individual
91.48613527,41.81915331,162.78544536,12.5784531,9.41768153,6.68714778,VIP
118.82312805,44.74042817,244.81439866,42.12607421,8.59588691,6.47761945,VIP
91.61575282,36.49646874,201.24825542,49.09313378,5.59958482,4.71801827,Business
68.82226042,26.9824502,144.11791872,41.95454958,4.84228018,4.64498148,Business
33.30716078,17.01122637,103.97715762,38.88228503,8.92176396,3.19327793,Individual
60.57520738,25.0527599,118.12223446,69.84934011,6.55632056,2.78161141,Individual
41.26720473,22.96450393,94.44918181,24.50505065,7.16077007,3.12455481,Individual
62.17676548,24.2272662,123.02916509,67.77066337,5.78335442,1.87479392,Individual
118.64798906,49.68262064,213.68869849,38.49665412,7.52341666,6.40473218,VIP
61.32140536,29.43914793,130.04606567,49.23012374,7.19913265,5.04724701,Business
99.98051171,45.65507476,198.72900857,70.32645479,6.21524333,5.16447309,Business
44.14922968,16.68803574,101.28824534,49.16439486,9.23177454,3.96920547,Business
119.02371251,49.05503794,249.59532698,52.32680975,5.80661629,7.48870856,VIP
46.3913264,15.07173086,97.67364875,4.15016443,12.0,6.44455225,VIP
85.85945957,38.45064181,185.72072036,53.8008106,7.46119944,4.64931215,Business
110.84128338,51.82382473,234.9930965,7.0338448,12.0,8.95843917,VIP
66.81894897,28.05426828,146.24517947,19.95189227,12.0,5.95267982,VIP
71.84820879,26.5602352,125.2564493,46.97185728,8.80587063,4.3255673,Business
102.62985931,45.13450595,208.02424138,3.33907121,9.25234067,8.17890539,VIP
41.77865954,19.43477317,73.95591953,25.45827816,7.6308222,3.58274204,Business
59.01221707,26.86483765,132.90614501,44.0157259,7.89185547,3.86739241,Business
82.5141767,40.69042336,169.63727482,41.0874923,7.04077345,5.91717911,VIP
95.37502194,36.79770454,240.77656007,24.22528776,8.62800904,7.54640665,VIP
83.4052746,36.33230438,172.94768059,63.36939317,5.81548714,3.70604706,Business
60.49503138,25.42929321,127.32091098,10.41168078,9.64635935,6.48577732,VIP
45.34124492,22.45064503,102.10380202,30.87751182,7.92355154,4.40461588,Business
59.6703416,15.83877009,122.62841553,3.44014869,8.91112637,6.78069744,VIP
69.09711558,32.28961076,106.84284426,22.85142865,9.79660919,6.61094762,VIP
117.13892344,43.44818805,225.71302839,43.45258516,4.76231613,5.81971165,VIP
56.09380966,18.76783667,135.89442678,8.4396337,7.97591197,5.25618122,Business
106.46981312,45.44770226,222.08739052,5.12931545,8.60960006,6.83019251,VIP
52.70082684,21.45536772,78.61669252,29.81088697,10.36150978,7.71622331,VIP
58.41929969,23.57498664,141.39300959,39.63300055,6.95399808,4.3951829,Business
35.54919428,14.91388237,84.20163525,8.62995433,9.99280541,4.33687209,Business
64.96758299,27.22696852,141.57130307,55.99896699,8.41492642,3.35589845,Individual
90.89610124,39.4650872,179.73099186,9.71485097,11.38237004,7.3023025,VIP
111.0449011,44.49463992,258.07837891,54.69350224,4.49841502,5.24296732,Business
42.92513658,16.66634335,81.82523524,71.87258088,5.23541252,1.17825466,Individual
90.2197252,40.66378975,179.54633533,11.45434382,10.51056064,7.20802929,VIP
53.61586285,24.25051354,126.05031704,47.00617029,6.97576489,3.83562364,Business
103.26841228,37.60681314,243.7304544,22.20424553,10.63591344,8.94538053,VIP
99.83131726,49.43835689,194.46969092,6.62298164,12.0,9.8636428,VIP
52.43162519,27.67449384,121.95661884,61.24107615,5.48376306,3.7697297,Business
106.94191073,43.2031988,207.11308077,57.54041732,6.43563168,7.31797307,VIP
69.20256441,29.55088883,135.13543078,11.29081202,10.40796258,6.85380364,VIP
48.03305493,18.58677383,73.64221707,1.18029801,9.82065441,5.73001966,VIP
65.47963973,23.46606418,133.36732711,19.67060343,11.84793373,6.64205376,VIP
53.47113408,26.47936328,107.16930814,48.88822956,6.12401721,3.09820573,Individual
64.98901776,26.20922648,131.25543246,66.79937311,6.01379203,4.0119776,Business
99.92521928,42.3033165,168.78570608,57.53631479,7.8325781,6.0995537,VIP
70.24696861,24.93577491,108.49910574,13.96278907,9.25854661,5.68272902,VIP
53.65806148,25.91363618,125.92601566,38.47132618,6.20627132,2.48156562,Individual
79.27398461,35.48577825,145.20701074,55.74876328,5.38968964,4.22366074,Business
105.1779581,40.62779333,189.47765532,44.63140419,8.64896126,5.93200276,VIP
97.7156401,43.595075,195.18626883,54.79922382,6.25927366,4.43542103,Business
47.61351832,17.9070736,80.12850829,36.87574565,8.11703481,3.07292604,Individual
111.74775319,48.52974425,209.50373128,27.00480108,7.75409228,6.85896919,VIP
84.09546495,37.2011003,147.33517103,59.83477134,6.44952396,3.22025166,Individual
74.80383057,30.23070672,142.16626119,66.62372384,3.1351119,3.86299134,Business
88.07494875,37.26831092,197.26469307,40.76406282,7.8163858,4.86300759,Business
85.80944291,37.44673307,172.17771898,62.59541469,4.47504145,4.77630025,Business
107.17476872,45.48926524,221.8937997,46.8623362,6.92264829,6.32269796,VIP
45.02835721,19.57351329,61.27415634,18.75662496,9.89530154,6.31024121,VIP
44.16101891,26.39537018,42.61653782,34.37507358,8.50568021,4.23716496,Business
116.82398446,48.59011561,212.69113736,60.7276116,8.17967211,6.11765874,VIP
51.870237,23.10387534,92.05996961,41.06675805,7.24591859,4.91365018,Business
42.97455545,17.55920673,114.80882583,8.07767772,10.28991945,5.12089559,Business
115.40003577,50.05644267,224.3026604,19.76418802,8.52253878,8.45251006,VIP
67.35092682,31.81067285,136.59559931,29.96823005,10.62682013,4.95217375,Business
114.62802809,50.34457791,226.79982854,8.64219062,9.44107396,8.34180724,VIP
23.10473347,8.44905424,57.47042834,30.75886255,9.77092858,3.70997674,Business
72.3660477,26.08925071,142.83414345,32.25142069,8.52708669,4.83784012,Business
38.66375985,20.56405375,88.23670855,24.85215289,7.23893458,3.719065,Business
60.25711525,29.91315075,98.99837327,23.06716802,7.45192173,5.3780913,Business
81.55950008,36.24519276,163.21810588,54.78889153,4.84896034,3.60926719,Business
82.14417609,25.00672223,188.59162367,21.56065695,10.71173128,7.37573339,VIP
119.94766397,51.29231357,250.16122748,63.46078383,6.7571591,5.78309176,VIP
93.4376831,38.96574301,170.02279577,45.81059596,7.11908258,5.64131101,VIP
63.67775974,28.64773403,120.66383718,44.6016415,7.11276384,3.47244997,Individual
66.08068219,25.28893275,135.9936447,52.05013849,4.79262475,4.29848068,Business
118.88239351,51.11270311,236.00767389,43.96901341,4.4330906,5.49548879,Business
25.4205071,11.38410008,65.95604242,62.47471456,5.49684222,0.9290138,Individual
77.90913409,30.37592167,159.54268443,69.35265791,4.50284415,3.48537144,Individual
55.56626023,25.18159221,93.19493074,56.91763832,3.90983153,3.28756076,Individual
101.79085371,41.05348648,211.80220178,60.84137685,6.31730088,4.4077798,Business
118.27939066,50.21620656,239.45639589,15.56949583,11.26762817,7.84923118,VIP
111.23131336,44.33023216,215.13921484,68.07684185,3.93892402,3.91499922,Business
28.45437765,12.99459811,71.24068899,48.14629302,5.01031025,2.61269199,Individual
54.84558378,23.25872385,135.18467845,63.82060136,5.02554279,4.1843551,Business
43.66243847,12.68644483,68.89792254,8.7990086,9.99653951,5.78018627,VIP
102.79269128,41.87795493,230.81813133,11.91821143,9.21932544,7.94631148,VIP
47.74002349,17.4384945,82.8056235,65.5947568,5.79737616,2.06654246,Individual
29.83114116,9.24088573,45.23566957,52.37717126,5.59228424,3.15727144,Individual
40.74433361,18.0860578,75.52756606,14.18713766,7.64417628,3.66270758,Business
79.31490469,27.83732861,160.36135183,45.88475695,6.57081749,3.36929307,Individual
88.45423263,38.22994765,184.00477122,13.87597588,11.20976052,7.71708741,VIP
27.43207241,10.49300262,46.11825985,65.36783567,3.45566649,0.93100011,Individual
111.21471516,43.77217181,198.14323068,50.11688928,8.55797245,7.8121407,VIP
113.32847455,49.58187809,206.00763358,45.73296761,8.53133968,7.24518066,VIP
35.29069937,13.23574581,61.57811214,45.08440206,4.48655149,4.49408201,Business
87.00180661,42.8208447,166.28077109,56.05060295,6.11466869,3.46520181,Individual
119.84517845,55.15972515,228.43198226,40.33828919,8.44437208,6.86014553,VIP
92.21731967,34.40314201,177.94023608,58.78508389,5.4439869,5.16979567,Business
103.10286767,40.27338588,216.3058031,41.38737209,6.2885013,5.83336664,VIP
102.00616486,42.94047587,224.43745099,53.46457738,4.99942071,5.74919571,VIP
116.23261486,46.65281223,222.96969788,53.30582279,5.36350076,7.3950657,VIP
33.72000276,7.21610378,85.42754596,53.62413647,6.11433038,1.96392549,Individual
95.55854289,43.67353593,187.09910003,57.97586423,5.79317408,4.75101963,Business
49.27202057,20.87536369,124.80520929,51.22059099,5.69594117,3.24272726,Individual
110.67182601,45.60869429,203.15450537,46.19629665,7.60281119,5.1063843,Business
31.89929316,10.63716599,41.70880117,32.42710721,6.45626849,5.29493277,Business
51.63463819,16.32109481,132.34338728,13.66651298,10.87909472,4.83365265,Business
49.89364132,21.51818744,83.77458782,64.09598166,6.07137047,3.557844,Business
115.32228343,51.29304676,249.59278579,26.35202188,5.58091341,7.71353655,VIP
62.47218016,25.17953742,137.85803838,10.58830936,8.26281476,5.73973859,VIP
97.68788022,37.66966085,218.19840181,19.75267473,4.25709771,5.46028195,Business
76.8937736,30.05677994,117.66831756,57.26969549,6.519611,4.41627192,Business
23.37240379,8.61198054,41.49489322,3.3791009,12.0,5.97135685,VIP
118.36600335,45.53296192,215.84733672,36.79787819,9.34728625,8.12937789,VIP
74.81718205,28.77473157,123.93864864,13.20316138,11.23671373,6.01750384,VIP
80.47787235,31.43416549,146.88362628,62.31214864,6.37031086,3.7630128,Business
106.14026761,38.14470073,211.09754349,13.11061504,9.347172,6.50578994,VIP
85.40938772,31.89059864,158.62134874,22.48421369,8.48498501,7.38598935,VIP
50.56157655,22.75062409,109.48398262,32.53925425,7.24010644,4.68953497,Business
87.28991446,27.37961893,182.58871951,50.66808151,7.34493902,4.06932484,Business
72.78882798,29.44406131,137.1286837,53.64968452,8.85496506,4.92892966,Business
54.44834041,22.49185984,117.14204514,51.05297803,7.19232123,4.28289006,Business
117.09008943,49.61585174,213.5603553,66.26055662,6.53599416,5.53807193,VIP
104.08827879,43.5967322,210.86189323,49.26573759,9.34420592,5.65944377,VIP
108.01434748,42.20850618,215.68168201,58.71271358,6.63357976,5.58660032,VIP
42.8597681,20.18272512,98.58466478,26.58859443,10.20139986,4.93096916,Business
25.33655912,5.3994179,63.98247694,31.07783618,8.19102754,4.06855124,Business
36.05155946,17.10881866,75.23528739,57.79813683,7.18980262,1.45085884,Individual
75.59039895,27.96516821,143.09402514,68.01033168,4.82404169,3.91160796,Business
83.95603364,35.21826916,179.45414771,57.27564395,5.25605879,4.77644431,Business
29.15678579,15.78045848,55.28192326,54.88971743,6.07231229,2.73563727,Individual
63.94992924,32.52819741,127.29693275,18.6377422,7.81403928,4.42159391,Business
110.51417197,49.03186521,224.49300875,44.08707898,8.73633509,6.38358962,VIP
32.21154917,7.29202271,76.58229683,1.61462851,9.3031,4.90613032,Business
22.16942783,1.0,41.08576185,46.35553982,6.01056751,2.08533553,Individual
50.39793644,16.98501091,94.9182403,66.12340019,5.57188512,2.8239687,Individual
55.82840985,24.15631281,118.12850827,37.24468058,9.62610181,4.95756085,Business
81.23852183,28.36703227,157.66839044,22.24736933,7.87159911,6.25921825,VIP
30.592482,10.75093488,66.24207124,44.54748936,7.28004553,3.09434996,Individual
52.45682854,21.62045153,120.25710584,15.29993768,8.47233956,6.35626462,VIP
36.64229554,15.71222961,93.71082029,8.72367837,9.87566355,6.12398126,VIP
112.06831578,45.37979677,217.30041787,60.84601609,8.30221071,7.15017618,VIP
23.32761994,13.39331233,58.2556603,20.74746572,10.12167499,5.46483328,Business
32.55785985,13.97541446,42.19901635,59.21258893,4.82858471,3.62065303,Business
68.07906554,33.0000421,131.86368416,45.06119091,7.86695797,5.88274237,VIP
112.95001736,48.94873796,221.28838865,61.79346593,3.15436468,3.68189131,Business
46.09007093,20.02093488,87.3444922,59.21156889,7.28180764,4.67919011,Business
41.02488628,13.68841604,76.68540867,12.47119968,11.80404748,4.45149157,Business
90.040321,38.663132,188.77879272,18.71117271,10.78775401,6.36343342,VIP
78.79716642,33.26954595,127.40431452,56.78140372,7.40635199,4.8354061,Business
54.03131883,25.62751858,133.61038899,15.413084,9.45641213,6.02213143,VIP
45.82455561,14.70270786,104.6843884,39.56969665,5.84275417,4.2667145,Business
102.67459302,44.74286493,175.48817989,25.07881474,9.75633869,6.25064905,VIP
103.12630862,46.6061835,224.35839701,24.01398217,8.42242269,6.30131813,VIP
52.55685892,29.07452337,96.26288812,68.2513656,6.83617875,4.34427579,Business
96.50241661,47.17662361,185.16565783,20.68427746,9.68132637,8.56283925,VIP
75.82287312,26.63892463,163.10957765,13.77262688,8.45968163,7.65695087,VIP
109.29900289,38.21367938,225.39012343,36.90413571,10.11836606,6.5968988,VIP
112.99384636,51.38006313,251.06307091,54.80969637,4.61432627,5.71481624,VIP
72.49742503,29.87679568,146.71905532,65.38683736,3.74022897,3.50719863,Business
59.22675178,16.50177497,130.98490779,69.20822066,2.17487071,1.99163936,Individual
22.21917664,11.76083797,55.10380808,43.39468508,7.98112527,2.97017076,Individual
57.6062793,25.87789707,102.46091815,25.15599322,8.15605264,5.29583049,Business
44.03528076,24.72789033,105.90408238,23.27749446,11.12319038,5.33256862,Business
35.35578943,15.33633557,76.92667069,51.51132803,5.06950146,1.56859713,Individual
97.32471966,35.57182767,186.01742365,37.37973409,7.5890737,6.25246846,VIP
84.48299262,37.99372317,149.5764022,56.23144073,6.39417813,4.94838367,Business
110.71302205,52.42421507,227.42163271,14.79686989,10.05155958,7.83041905,VIP
61.23209716,27.54049181,136.75098261,62.34688389,6.44696315,2.17918581,Individual
47.21910288,19.34329245,100.35138913,71.98488261,4.59207105,2.63961886,Individual
35.17233888,18.27403338,76.27862136,45.0594226,5.36348043,1.83528376,Individual
32.73172221,11.17723538,53.70196418,7.02666697,12.0,6.0965051,VIP
92.76443133,37.50559617,184.54386509,48.78090677,4.78172192,6.43016187,VIP
47.15277705,22.42229768,106.5433622,41.2367298,6.78614941,3.46506013,Individual
73.93276681,23.18502567,138.9230329,31.36195996,6.93841797,5.4387883,Business
80.03062503,35.48867793,168.61719695,55.67075554,5.98341255,4.4981022,Business
94.11882711,41.82123177,162.96503461,8.68091728,9.83061646,7.12599917,VIP
86.804657,35.39685947,174.72197911,43.0824823,7.86654622,5.99005464,VIP
106.61054889,49.93997001,202.69139514,33.52968783,6.98937928,7.84033486,VIP
46.68993996,24.68407554,65.49436123,4.87728663,10.02899387,5.34556469,Business
55.16112654,25.13006805,110.87345783,12.01082423,10.57711784,4.09650363,Business
65.30731456,24.31294583,100.6987819,13.92172439,10.16908481,6.06890862,VIP
66.9768195,27.04753791,138.77901418,8.96439087,10.3718521,6.36234135,VIP
36.7736644,13.18887256,40.37992608,58.89740223,8.02140225,3.78378759,Business
80.83335158,36.72531319,169.50293006,67.3493239,5.86656515,2.97538508,Individual
23.77841272,12.49124476,33.17062328,43.26036728,7.56870214,3.72000896,Business
24.69924945,8.79852607,66.3952005,1.4675004,10.69416285,5.85252185,VIP
113.11723776,44.39505141,213.08298659,28.33376947,4.54772177,5.88841627,VIP
56.11539253,21.58324444,125.37982101,4.45215794,9.86105642,5.41094356,Business
48.26740899,18.79634042,86.65463185,67.9618342,9.5859309,2.78254526,Individual
99.8499479,38.31979364,213.21162659,20.35812981,9.31420764,8.02350461,VIP
105.79566657,46.48256479,223.5738838,35.57568336,9.19082352,6.04456664,VIP
55.98376561,20.17122196,101.72655238,20.81716956,9.33186719,6.54671508,VIP
104.98551875,43.11363419,230.61250176,43.16025209,8.66279192,5.62774198,VIP
23.14549125,10.82025306,58.81016995,37.11146212,8.91954977,4.82860669,Business
32.01422115,12.58000578,72.18190755,18.68052019,8.07241176,4.48204794,Business
73.58945686,32.32355928,120.89770934,46.2340451,9.32435368,4.58964596,Business
28.25573982,10.47749684,49.64347594,66.63905431,6.29084607,2.70069803,Individual
79.1801124,34.35277123,176.60298082,65.20191726,6.35257596,3.30919091,Individual
109.78684439,44.09348029,215.85675398,54.43489608,7.6546975,7.02290544,VIP
91.83389068,34.84076449,198.75669197,20.70693559,7.37085291,6.43278867,VIP
50.14289575,21.41126387,120.29279277,60.91000434,6.63039334,3.79686342,Business
50.77389723,14.38060846,94.22846116,6.29024086,8.25189858,4.10274032,Business
68.8388851,26.90706426,150.65400349,18.28398328,10.5126559,6.16653834,VIP
66.15729726,33.02718775,111.21951492,6.14424427,9.40459716,6.13480786,VIP
30.00722212,11.11244465,55.58178729,52.86916501,6.47209135,2.53956657,Individual
74.41878674,25.9800902,175.74100892,59.89112884,7.64487943,6.17418162,VIP
117.64118856,50.97999204,227.67839672,42.9770887,5.860441,7.64239157,VIP
43.27690516,19.43129322,86.17497901,54.96388675,5.93363462,1.73799336,Individual
45.84365447,20.79563749,77.97443057,26.63746069,6.70948647,4.17910727,Business
65.81573114,27.53665763,132.47024764,16.79214299,11.93939083,5.95189945,VIP
116.19126291,49.52781098,231.04905858,60.85959898,3.77548306,6.35811042,VIP
72.67562079,34.61241068,158.26934934,46.32776969,3.87790563,3.00551667,Individual
44.70512547,24.36244886,90.05913448,17.10569397,11.54717672,4.67134574,Business
50.29173068,18.31368287,74.4031945,15.16466642,8.07047394,4.9508889,Business
62.15032435,30.93109705,129.3302382,30.54803214,9.67782031,6.04797576,VIP
59.96156749,12.90467453,79.97573879,21.11669818,9.28639309,4.52894763,Business
63.70921597,28.71851871,130.23923594,65.73890332,5.71560861,4.42325911,Business
71.14572902,29.12462689,142.18710718,28.66089531,7.45240349,5.82886367,VIP
95.49264761,43.27029758,196.12992229,22.064915,6.22023926,6.77210206,VIP
52.58145235,22.79955205,103.73901595,38.10238674,7.30256997,5.2182265,Business
84.93998932,34.31709688,196.97304481,70.94766358,7.58338362,4.22715996,Business
50.38737532,22.97980825,104.68628148,27.24619498,7.67980958,4.85361156,Business
72.30127556,32.79607708,147.80355218,31.76206696,8.2584426,4.91156251,Business
114.15021932,48.43851114,241.84290412,28.86930179,10.62083189,8.33348551,VIP
50.87502712,23.13312172,111.89633468,46.23597544,7.18630969,3.00982122,Individual
55.25237637,23.95728798,104.2877895,36.44547434,9.46850858,5.05688423,Business
23.39937117,9.94477144,64.33692384,23.05773289,10.44375653,4.61941365,Business
28.67206697,13.27933778,20.0,59.2923709,5.10719852,1.11320337,Individual
110.29218523,42.54142288,200.01946996,13.12882675,9.73866202,8.49905395,VIP
43.99366003,13.82256328,78.13213592,6.20646097,10.4062036,3.55691384,Business
67.9596516,29.55203172,137.18003823,51.57657147,5.64860169,3.46924911,Individual
87.95258555,36.15107062,186.5359776,10.61401836,10.70063453,6.82317473,VIP
89.95564885,38.40040621,187.31630511,8.47477222,11.84457022,8.43070902,VIP
23.33986093,9.16288104,24.59834497,34.76810611,7.44944551,3.50511457,Business
33.80026501,13.81819172,33.55389101,14.35647887,11.71098313,5.2062088,Business
109.11823873,42.42020465,240.37728163,17.91299985,11.69538572,6.58428191,VIP
44.54431164,15.03317247,107.17975006,61.65101873,6.20299241,1.39708574,Individual
106.5392418,42.07230135,224.11819684,37.620121,8.39274763,5.54861301,VIP
117.16900951,49.24315964,216.27324137,54.29938642,7.93712413,4.87738392,Business
78.2050293,27.65109162,162.79054334,54.74175873,5.55864368,3.79098983,Business
105.48413803,38.63649257,218.91674297,7.16853375,10.94557752,7.72863687,VIP
34.13945967,18.54681188,45.6517099,64.49011331,7.6022211,2.0692845,Individual
25.8743944,8.99526563,51.29141181,28.79626613,10.52949049,5.0614551,Business
45.1375064,21.72235821,80.13997922,24.04674043,8.10556427,5.23835017,Business
36.4899296,14.58782268,100.83340419,4.75721112,10.96943051,6.700469,VIP
67.78057887,24.72937841,117.79943529,63.02919358,5.66665935,4.05048461,Business
40.9441709,16.08855854,87.44105229,62.17461351,4.44902897,3.208833,Individual
55.7477607,19.81304103,123.81254621,27.51427772,10.38420834,5.23308218,Business
86.6634094,39.18917015,179.33663967,24.27312318,7.30130411,5.07145991,Business
50.85722859,22.15942209,93.94128098,42.13640089,8.61479992,3.86978481,Business
117.03369524,53.5244374,207.96782225,6.30685359,8.28462648,8.01725439,VIP
74.78344355,34.89204494,189.46868226,51.55945464,7.22630244,5.01078998,Business
28.41579317,16.81247222,57.5107306,55.11239868,5.26525068,2.3875354,Individual
109.04558303,51.00454655,213.65586676,41.26165575,8.55572801,6.19612504,VIP
36.05205845,11.00445498,96.94605469,15.07448326,10.38525601,4.00132473,Business
77.08563025,32.38071775,142.39386498,60.21750764,7.11715789,4.55123004,Business
119.98509787,49.08996675,243.22291205,30.784677,8.67944029,7.41134271,VIP
46.78292714,23.84667797,93.6292368,26.36709837,6.73021886,2.94606355,Individual
53.2311066,21.58390296,120.07946034,45.1680712,7.94189844,3.93987536,Business
63.79193289,20.59249401,110.60848868,16.79129227,9.78814199,6.64905141,VIP
100.61358974,44.59449535,226.24665937,29.04924709,6.4170899,6.12666557,VIP
97.64977099,41.08947814,177.35680232,11.40255613,11.06362767,7.98302214,VIP
33.4074658,14.34023434,64.42762445,15.95084339,8.93269218,5.17638026,Business
105.90426847,38.19176608,193.77280244,46.06488156,3.49837039,6.58131206,VIP
117.35701644,57.12050395,243.14009147,35.40625591,6.62248973,6.16067904,VIP
77.54576644,29.95856528,152.01942637,27.05091577,5.89916975,4.94513567,Business
100.4151885,40.99683308,204.28572271,13.69349965,11.13392606,9.09806319,VIP
103.10510808,45.28508149,217.22588635,49.39568704,7.65850226,4.147719,Business
39.58715314,19.17304769,99.00737217,43.24400791,7.4516416,2.0111868,Individual
89.90985804,34.69006651,191.52808086,64.14743867,3.6989276,4.21424478,Business
102.44767765,51.31327692,224.51206852,34.94755096,7.19523668,5.48074111,Business
88.44337223,36.51404722,159.03523358,8.82311813,11.67009536,7.56341638,VIP
30.91008747,10.94515635,71.81598894,25.95423188,9.47104652,2.35444191,Individual
106.47561655,39.77824642,237.89597092,3.63195775,10.35309152,10.0,VIP
81.64688936,32.35986559,149.79530637,54.18298905,8.25049077,4.61108437,Business
64.99054196,31.65500409,113.72274137,66.32570798,0.08607899,0.79896949,Individual
28.15234945,14.12448547,45.02874402,27.03478921,8.31617629,4.17724619,Business
88.7333334,36.17683981,182.87562591,30.47156673,9.1435202,6.92253864,VIP
114.45628989,54.32811183,238.86445192,25.17830711,7.93384425,6.89037237,VIP
37.54643615,13.29726287,71.55785742,14.66834197,12.0,6.77020919,VIP
86.29104191,38.27709912,178.80831954,42.45425838,6.17915856,6.17466673,VIP
95.50988377,44.43460225,185.3650832,50.53438083,9.33707458,5.52090759,VIP
25.12220878,13.83657715,66.61102404,13.60501643,9.1086032,4.5081992,Business
80.17230363,30.1385858,165.52785496,37.08509022,6.65867965,4.98280387,Business
78.54516116,30.80857974,159.37115794,44.67061555,5.13534434,5.08829086,Business
100.31131578,38.29299754,195.07742817,14.63067064,11.51213033,6.55576241,VIP
86.34259421,34.38315038,185.68695746,27.86585964,6.7291642,6.14077777,VIP
96.50797012,35.84993394,205.05742978,27.84324774,8.43257385,7.23837528,VIP
57.56902582,25.89210303,111.03020392,33.12850305,10.18721367,5.66134403,VIP
27.28265778,13.83808718,73.41456462,52.32500461,8.53753961,2.65357005,Individual
118.02832307,58.6984861,250.74301297,32.76011221,7.13049189,7.59066907,VIP
107.48215439,42.85261608,231.79005044,18.33467896,9.61806962,6.79981883,VIP
44.8337644,16.55905464,98.14285972,60.15024014,6.30240458,2.67758219,Individual
58.26866874,24.20770038,115.94675384,69.39255257,6.53175904,3.46861296,Individual
29.65838924,18.481509,22.93657361,57.57396153,6.71884143,3.05262648,Individual
102.66047126,42.43925687,214.27953642,27.84409006,8.73780872,6.54640815,VIP
104.87625841,42.31021398,201.78350616,5.68083958,10.86317417,8.73427463,VIP
116.91065465,46.06854737,255.24112269,3.0392217,9.54506036,7.56075602,VIP
75.69032054,30.88102155,155.38805137,38.37553088,6.96456223,4.2102455,Business
81.30792484,31.05766843,193.97695638,31.41629039,8.22881739,5.04354723,Business
86.00740393,34.34400285,176.94348217,34.76676568,7.8667126,6.32591218,VIP
100.21334546,37.60160327,216.83845497,41.59371804,9.92696156,7.44334946,VIP
91.30525934,37.47436953,187.76918243,29.7041925,8.01672809,6.54882877,VIP
95.36803333,39.61115783,179.45041236,30.03592287,8.8520021,6.04177389,VIP
106.65515547,48.18259435,239.42637222,27.34751932,6.92019254,7.54570418,VIP
20.97694551,7.99595118,27.12335844,2.68615806,11.23483992,5.19843725,Business
68.82908673,29.5810881,138.1631498,16.69299509,10.73856213,6.62356857,VIP
81.49839001,35.48143645,155.58035352,27.47852467,7.29442377,5.08865131,Business
111.24956544,51.71808346,223.18483453,33.14198535,7.30143017,6.46614461,VIP
40.79864001,19.82658055,97.05992295,68.64735844,7.17883209,2.53875989,Individual
20.59917725,11.97936076,63.79315868,18.78653321,10.55567885,3.38740634,Individual
70.72625146,28.23328521,114.49877725,7.25761962,10.10830374,5.83856852,VIP
98.1542571,44.87731996,199.62810092,15.16511221,8.55462171,7.44233082,VIP
83.03645911,29.26326298,170.39943505,1.11294077,7.80507643,5.13170964,Business
71.17514853,30.73732734,131.26299918,1.69120866,10.6294472,7.04724932,VIP
42.01034279,14.90425164,86.63351849,44.04522266,8.75457827,3.42451495,Individual
46.14307181,15.83218453,105.46268553,59.07959859,3.58692157,2.62184364,Individual
101.39200717,38.4030873,197.68804225,61.70630848,6.22083913,4.70094137,Business
108.98171308,48.03786022,227.89813998,43.58357762,7.82130197,6.5809916,VIP
77.25421577,31.10070114,143.4478947,8.51369682,9.18227998,6.64871417,VIP
49.52859646,25.70526418,120.0010503,40.5456022,9.47038177,4.46488126,Business
51.41152729,28.20324081,88.11009486,6.79089529,10.37164696,5.27281065,Business
46.99878911,17.64285829,85.51510726,19.31303542,9.50290785,4.71236287,Business
95.48098166,40.36815673,179.05043631,54.68960204,5.89327945,3.91950327,Business
31.63095663,3.56708148,56.5185967,1.04834514,12.0,5.05103722,Business
114.81191727,49.8797674,240.05563637,64.06327071,3.44773032,6.36280141,VIP
108.35726477,47.46840726,238.03508945,20.26600979,10.52555544,7.29230197,VIP
96.28304476,38.86531121,185.94007115,26.76678685,9.06912026,6.54610614,VIP
54.84241547,21.39802272,121.41176503,17.38813875,9.10060696,3.74806854,Business
119.93965556,47.61871831,206.97302896,29.43376797,9.64371444,7.82232725,VIP
96.04169355,39.82204467,193.36573455,39.43458413,9.27292786,6.78810033,VIP
66.04366416,30.16655333,137.14839672,48.30823039,8.92253432,4.28205959,Business
89.48315486,37.60631689,210.75270954,21.66676436,8.9557017,7.46995643,VIP
80.80048711,31.92122023,162.13562359,59.77300917,8.24874704,4.45850911,Business
54.07052997,24.71520401,110.9191332,16.5181556,10.58582785,5.68688749,VIP
54.91229703,26.51027327,97.70418716,32.11744329,8.25460139,3.31989077,Individual
103.36541664,40.1685752,226.80392967,52.59232898,6.9947162,5.04716327,Business
118.67346845,50.54152996,206.72190167,62.94443715,4.82711736,4.95355539,Business
104.9686055,42.98734213,217.37710318,18.35359839,8.54241804,5.93764725,VIP
59.46997773,29.06979856,136.77100109,31.45109853,8.61137483,6.20360927,VIP
97.55423701,44.98577909,172.74068218,10.58752057,12.0,8.39603562,VIP
72.69334254,27.20903715,127.3427343,44.58657508,6.83378855,4.55150512,Business
73.25887684,30.33749549,181.98810003,42.22973542,6.55015891,5.11017256,Business
80.61038993,33.37506161,137.04899214,54.09645751,6.96668978,3.52940417,Business
55.6049254,31.17524479,92.47603134,10.76416138,12.0,7.41660988,VIP
117.39420004,48.54968663,249.61302908,61.60953017,4.10757614,4.52980197,Business
32.64576199,18.56806979,76.99640777,49.58019017,8.15650413,2.56663244,Individual
69.44224249,24.29632046,161.78577759,57.88733226,6.20617725,4.51702086,Business
68.99960841,31.39233264,134.86998926,13.62656178,11.5298455,9.34176903,VIP
73.46211123,36.98606741,147.65368125,63.00873282,5.19836765,3.61033316,Business
111.58709264,43.23374537,219.9057755,24.07371495,7.78875121,6.83292132,VIP
74.18504838,31.00048369,145.27978233,71.56427803,9.15201527,5.11523403,Business
117.5174383,51.47123598,244.82167967,2.27916997,10.19176637,8.22356933,VIP
43.62025338,19.79929608,74.42090388,46.88471742,6.834642,2.98910108,Individual
52.69325241,21.69194257,101.11736121,64.31603085,5.73050419,2.93870387,Individual
101.62865684,50.58591499,197.06872588,28.13560178,10.02013459,6.93444696,VIP
107.63911679,47.26229629,204.40095173,35.8250943,7.33236645,6.39091596,VIP
104.00694136,43.67605807,186.46483386,24.28457316,11.04039718,8.03900331,VIP
27.91359396,18.14975051,32.4539898,22.18876539,8.16056326,4.18169377,Business
24.25950097,10.59314755,45.12708965,31.47107186,8.49539984,2.69141187,Individual
41.88570655,19.10035225,86.76793032,54.31583049,7.71243922,3.75136052,Business
60.72600814,20.32464392,99.67003625,41.31416355,6.41174187,3.93596306,Business
107.31316954,41.64520688,212.28865828,4.44141711,12.0,7.9938972,VIP
29.28456584,11.71356871,64.38604465,20.4731132,9.00478687,4.39287129,Business
69.19615009,30.48477225,158.09877944,29.95725494,5.10148923,4.81979135,Business
63.6591867,28.37034017,88.21208452,24.73764825,9.95698284,6.59562262,VIP
50.49712271,23.6347336,98.44844241,16.32156323,9.54120291,5.43795498,Business
46.02936309,17.39363463,91.47178235,6.78057248,12.0,5.68117732,VIP
111.82737195,45.91376905,220.28458198,33.09157768,8.48030297,7.25412715,VIP
111.616435,45.49232844,207.00773518,56.46041886,5.62694281,6.22403405,VIP
93.10225167,40.73264352,174.22736337,24.36360759,6.12299082,5.7528745,VIP
111.33383905,47.0229924,228.31215555,52.88568409,2.43885997,4.17465198,Business
74.32192557,30.36427633,122.33412669,3.33115844,12.0,6.34043116,VIP
108.92288894,50.08262853,230.50778116,51.34754402,5.48052595,6.28397879,VIP
48.19387305,20.48825995,80.93632213,40.75498316,4.49716975,2.42705531,Individual
101.13836422,45.0254958,227.69058297,41.24856682,11.2718956,6.31863005,VIP
77.30794947,31.36135198,164.73271934,14.31547162,8.58787199,6.25541913,VIP
93.19408968,35.6455042,193.29674466,28.17746927,10.49979116,5.83161762,VIP
117.92108899,50.49776874,226.54149695,4.25325348,8.29276855,7.68467858,VIP
111.10487485,48.44100592,215.75127813,30.5955019,11.11220601,6.71319585,VIP
23.41148502,15.16360698,37.50177412,47.3826178,5.7440796,2.47099007,Individual
38.42307593,14.05771808,82.57621165,50.31100459,8.02364264,3.44215549,Individual
72.10537214,34.00402018,145.95514266,31.54964066,10.71382088,6.80489445,VIP
108.01160566,43.94747187,215.33257507,6.58969926,10.90169594,9.38768313,VIP
64.63343991,34.65626771,120.48705662,1.90046803,9.9123319,6.33274842,VIP
64.54911159,28.1333009,123.79767778,47.79245098,6.39216445,3.9363489,Business
87.47517864,34.90512148,187.25480218,12.27646005,11.68203197,6.32860029,VIP
82.11682091,35.66842302,148.84408491,9.72391757,8.68764167,5.83084641,VIP
78.37375464,32.20089017,174.25130641,45.59688756,6.66505296,4.8877208,Business
46.17154845,20.99912137,76.79864371,58.5829995,6.2224317,1.51477317,Individual
21.92025235,11.6641943,42.42361202,49.7988633,7.29225433,2.91130097,Individual
80.71239689,35.18392422,179.41743759,55.18296217,9.01400398,5.87649692,VIP
97.18049444,37.083707,180.97713343,6.6193167,9.88309343,6.91372278,VIP
38.88299207,15.93726202,78.79367271,1.36155665,11.01665051,4.62625465,Business
100.29381143,46.32331522,198.0550204,51.38564603,7.4087598,5.61397872,VIP
59.7064444,22.41013286,126.53202094,43.47108667,4.5598546,2.69393585,Individual
37.67646837,15.88606273,83.86434044,67.38988371,7.40689609,2.21527093,Individual
35.25535394,13.8672855,77.95368782,30.71037187,6.81629487,4.06982851,Business
22.39629425,3.40102991,81.45094208,37.43186265,11.11496691,3.45951104,Individual
94.52984009,33.73260748,203.50499586,44.64379684,7.49788254,5.18560323,Business
116.55888521,48.11939282,249.04857659,22.4456871,9.66077812,8.21401971,VIP
66.46242493,26.53120617,108.28566682,29.57898505,8.36576948,5.70229749,VIP
36.34501274,8.0681516,54.6038689,13.44002345,8.9102323,3.60813017,Business
95.86955694,46.40554546,199.00023015,60.33091386,7.59434991,5.98415819,VIP
87.23270091,36.01319124,144.09929865,1.21295457,10.33698106,7.76083937,VIP
103.33611195,42.96338994,210.56249293,69.99710417,7.9235633,6.35371997,VIP
20.13443771,6.32441656,32.95318236,64.77369531,5.44089322,1.55183514,Individual
52.60506577,19.7652798,75.61111696,61.55022666,6.55984519,2.49362187,Individual
55.92928038,23.9309965,74.87382033,38.09813844,8.46389223,4.40123427,Business
62.83133692,32.76866049,125.96602084,12.41731536,10.45474031,6.06412515,VIP
99.1387829,44.22743141,196.61810352,42.68164022,8.38064254,6.9360481,VIP
94.51107052,36.74247627,201.71127881,10.52242705,11.67606738,7.03007893,VIP
67.46978551,31.16270664,124.48953652,53.5243082,6.50005461,4.45750499,Business
22.63324844,3.75915414,38.88492256,29.4261167,11.51659543,4.71751745,Business
118.67022785,45.23462814,237.88319405,20.1922773,10.66836577,8.56457749,VIP
34.54694026,15.99480273,71.80963487,42.092124,7.36354158,2.14412676,Individual
31.40150183,10.70194972,72.35793621,57.71659024,5.43797187,1.37526601,Individual
21.91392636,13.63059479,65.61057355,36.78060996,7.80867449,3.15691401,Individual
40.64680186,17.25118088,86.27319478,57.98285175,6.1049396,2.23051766,Individual
40.44251488,14.5829716,87.27201172,46.96454316,6.14363781,5.14936745,Business
89.74619665,38.0798782,166.87941434,33.89777184,6.50487351,7.2571487,VIP
74.75649263,29.71760686,145.19970691,24.48390607,10.25384235,7.12443207,VIP
87.25138711,36.98094248,180.81471373,18.79726992,9.29865634,7.43092539,VIP
98.86739349,36.08654627,207.34106402,53.70274566,6.35708407,5.82320041,VIP
54.93874873,23.10704002,113.00716159,36.85630625,9.51659448,5.02321011,Business
114.90228683,47.66092355,210.14219087,42.93432565,7.75066544,7.7535837,VIP
54.73867207,32.9407529,95.87554299,13.89332323,10.90142854,5.08539012,Business
106.8779762,49.12599638,231.5904868,12.19669326,11.81983775,8.79142376,VIP
31.52144109,11.4640953,56.54868276,67.65036235,4.41799984,1.99163798,Individual
103.44561502,43.59826568,212.4292041,47.5754829,5.61210513,5.70739562,VIP
83.51671599,32.45817846,170.14894554,30.62782427,8.8145095,5.10739633,Business
38.10192838,18.82817766,58.75159205,2.57326015,11.21517588,6.40955702,VIP
93.01348092,38.70175561,179.52972871,46.67529875,5.87600365,6.29674208,VIP
65.75418961,33.00201398,129.55462436,39.07260908,9.16830708,6.42041101,VIP
97.89079311,43.44355656,220.16583855,27.27054713,7.61033932,6.91201811,VIP
22.95765939,9.44224276,43.84091282,37.63858001,6.1120024,1.19959807,Individual
75.93719317,34.17549723,152.20897536,17.0184117,12.0,7.315367,VIP
57.10327271,30.1034369,128.07974099,32.93369593,7.99685475,4.01365907,Business
114.87126191,43.62699366,217.44705434,51.99025765,9.02172701,6.5366903,VIP
96.87923231,38.62263939,186.3522853,41.37584222,7.7566399,5.64870221,VIP
38.2630666,14.97419493,83.29575599,40.32334748,9.83194831,3.49636785,Individual
26.79316592,11.32416231,50.70218239,5.33103018,11.29095637,6.15177212,VIP
25.45064392,11.44689499,80.08818197,45.90832492,10.53324932,5.5735092,VIP
67.37073816,26.36477023,119.9024031,48.79485991,4.62549686,2.86732851,Individual
40.45059892,17.60618655,85.24454218,57.00671389,7.97163732,2.16881062,Individual
62.53436307,27.84596568,135.9676655,20.5369079,7.69350426,4.97636452,Business
66.98407753,23.14474055,175.4056293,71.77089523,2.45298203,1.41476837,Individual
87.07125443,32.29914906,197.5774339,70.57431233,4.11993676,3.98304914,Business
66.03161224,27.07716482,109.16887175,29.12403571,5.90793205,4.63730931,Business
73.35621926,29.76797483,142.22874186,27.07305621,8.68591063,4.62458543,Business
91.61497067,39.48323244,186.75762431,59.38258299,7.39651454,5.20977217,Business
61.8948625,19.72204319,127.02590706,18.75821355,10.24841271,6.4067226,VIP
61.00370534,28.39887773,150.30871263,1.30020192,9.92182683,4.45613522,Business
25.04592294,8.56626886,42.33509936,20.79217448,9.41919252,3.77377184,Business
98.2858793,38.85426737,231.15595817,60.49041991,5.37573269,5.38938801,Business
95.87822236,35.7619594,200.3897853,49.74371742,6.57767357,6.08572625,VIP
104.16744128,36.98437627,224.71735051,30.54177517,8.6703536,6.23201424,VIP
74.37221454,30.95529881,139.04308218,18.36665788,10.80876076,5.12529005,Business
57.00318048,21.93503031,137.38126615,3.45502062,8.84570945,6.08947351,VIP
66.88675483,21.80826836,143.43630102,7.88579635,9.98246513,7.21474496,VIP
93.2149938,42.22450237,188.79429302,29.31046809,8.59148731,6.7066704,VIP
51.60953147,18.58255633,74.46672174,44.75914556,5.29221587,2.19397337,Individual
55.87058945,24.20096964,133.46776009,43.17869487,7.80186808,3.73074624,Business
25.27176467,9.68167914,22.57176073,21.36285321,8.95558096,4.27345891,Business
71.49491306,32.59820554,142.93253404,14.60239691,9.75686411,5.9717072,VIP
90.16165038,37.70866347,183.43454376,19.89293634,9.81762018,5.60381512,VIP
62.09378666,21.5067373,103.2566715,38.23567449,7.34573592,4.35902113,Business
104.60500074,43.99105305,217.84099452,22.57447227,8.65787606,6.82772656,VIP
59.35327608,28.37003651,119.00462593,54.1737513,5.6815109,5.1031347,Business
93.33790962,36.42244629,231.2987214,46.88252568,8.46084891,5.32783178,Business
29.07057486,7.35704492,33.05268357,33.04588337,6.81960151,4.31047151,Business
70.49453578,35.50578331,165.37042527,23.1767232,7.32026825,4.5783046,Business
78.9385891,32.59275173,135.9593601,71.14524205,4.74640798,4.22512191,Business
31.28275375,11.75453149,46.27187054,7.88622908,7.1707588,3.28698279,Individual
33.01832026,15.57610915,66.62916983,42.59913394,6.90963021,4.35769755,Business
60.10375267,27.6643047,104.8304004,20.97791974,9.9077238,5.92890999,VIP
26.7002455,14.52823649,57.78478319,60.49956091,6.90588656,2.67094814,Individual
32.40536142,14.21201589,68.66861242,68.34435367,1.97844327,1.46224113,Individual
119.45204726,56.91808566,231.27994885,18.14054356,8.42534699,8.35357888,VIP
27.93435229,16.56451213,72.86989492,54.11791504,5.81269958,3.26694443,Individual
84.56237333,33.95947412,180.78973358,38.32943146,6.52835447,5.13222537,Business
62.67632793,29.49970434,124.63430426,35.62764522,7.41045754,4.31213715,Business
93.53444032,39.06438695,195.2781811,41.34126972,6.24349166,6.64486427,VIP
115.94719288,49.66594702,212.6800275,55.23969767,5.34613741,5.14928268,Business
110.92619061,42.12307469,222.29598208,7.66550365,9.43914043,6.98693951,VIP
101.57775497,32.76131995,186.85932225,58.53218503,9.4965111,3.69960193,Business
59.76479643,21.93219989,122.79716117,32.89206773,8.52363041,5.27350736,Business
50.86394964,15.34238826,108.19013624,1.20819562,10.85018571,7.41472323,VIP
71.29582107,27.93502639,144.41942885,26.02520831,10.3647523,5.84572061,VIP
114.41588829,48.48688725,211.90850159,36.31889783,6.27946705,6.17769422,VIP
83.02258134,36.80024407,155.76065632,71.61572423,6.01642298,4.11824221,Business
30.65177226,9.55947685,75.89795015,16.55798798,10.43418538,5.19450213,Business
70.17724169,33.21004503,149.08990632,18.66627238,10.01887818,8.12863316,VIP
20.70098933,5.70011591,35.27110369,23.75969719,9.23154622,4.56354364,Business
98.77013526,43.64871462,173.62013201,22.65708733,9.29598222,7.96585631,VIP
25.02447669,15.09820362,70.83197443,20.69957103,7.45053294,4.02612942,Business
117.4292276,42.1204522,259.12568004,46.48240762,7.29192815,5.70836936,VIP
114.40606907,47.39100961,235.09679224,53.95527452,7.22058872,6.84561082,VIP
73.45038473,33.21827854,159.68959177,70.62482682,5.79217514,4.36333393,Business
100.80891146,43.92766955,181.12392353,57.79957276,5.92250457,4.66382797,Business
110.11727619,46.45843569,193.28982386,36.29926889,9.25973733,6.09730193,VIP
105.28775156,41.32399211,234.85604743,31.72924548,9.82083145,8.95589094,VIP
75.97379625,29.40524645,162.36250996,9.14635093,10.49885705,7.64482595,VIP
97.34236246,41.51521291,172.2790919,47.58011971,8.3986898,4.93854245,Business
34.22576827,12.52942526,72.71260826,56.6244358,7.44035293,3.35508932,Individual
59.86146981,27.79588103,99.82205118,27.63917981,8.64201708,4.49819069,Business
119.82443447,52.95346938,227.54252394,66.26510871,5.91716053,5.44303504,Business
71.24608399,27.03458992,158.1706022,2.16405177,7.86683068,4.80563011,Business
50.49394779,30.32105996,98.19112033,5.29511305,11.13516773,6.36718605,VIP
86.67667198,36.27377006,167.61011701,48.95584534,7.72283234,5.23236424,Business
50.95441924,21.78875106,124.69990287,20.00241889,10.6553134,5.87568587,VIP
48.9095523,20.80791758,92.70800517,68.25046691,4.80232393,2.17971324,Individual
72.0499872,27.46789684,172.83629921,14.79759049,9.13667535,6.36771376,VIP
70.01946392,31.2422275,139.83606944,21.56168965,9.09570972,7.9869882,VIP
27.96592169,13.13585473,56.7899485,71.16640521,5.23913848,2.10919499,Individual
75.78417839,28.67856103,136.93030335,41.38021669,9.60560413,5.11445923,Business
31.70156433,11.58677227,54.3821615,13.65575487,8.04880188,5.17514373,Business
52.96815282,22.48347085,112.12869415,48.44129427,8.39428276,6.12074085,VIP
62.12369905,30.15134679,131.05400404,9.75270638,12.0,5.36956697,Business
36.05739638,23.11525871,75.11823338,46.40946604,7.50760943,2.44923831,Individual
21.32747588,6.71801736,85.01642696,20.93949648,8.90980969,3.25890989,Individual
80.66341531,30.58667468,153.24698485,56.09947347,6.17597579,5.43933708,Business
31.96190563,17.7231193,60.87336013,29.87751596,8.30368095,2.60165676,Individual
39.67385855,14.39131681,73.87702034,12.87874644,12.0,6.79506849,VIP
89.15374011,34.44655631,191.26566303,43.4373732,5.74099048,4.05058674,Business
37.22247123,14.41072246,81.79560406,65.77815494,6.93529035,3.77087389,Business
83.61054504,33.24225146,157.39163437,29.12709344,8.16294485,6.62047016,VIP
27.91431127,16.7715244,51.32455048,10.20034409,9.49048647,5.8855949,VIP
60.19086088,29.22120862,122.60415501,44.24227391,6.6837055,4.07929891,Business
64.68884213,28.63551035,113.23553965,5.39877983,12.0,8.83494727,VIP
101.52849018,42.02312898,216.645567,57.57668757,5.96991044,6.01758436,VIP
29.46959437,13.27564654,97.11862215,34.53164778,10.09881797,2.80690148,Individual
110.30791367,51.21326331,239.90921857,34.90289573,7.90634429,6.22369044,VIP
108.96270167,48.81991429,206.03071671,17.94839364,8.26813356,8.43762229,VIP
49.63928716,19.40192467,100.54241431,37.95537174,11.00001424,4.81327494,Business
54.97944821,25.81382205,112.39449061,62.05752567,4.43628438,2.89057087,Individual
117.08647522,47.77444429,206.13550536,5.77954463,9.57405265,9.04343361,VIP
87.32275184,38.78456145,156.71904544,71.95093703,6.74521155,5.58686697,VIP
103.04328804,43.99380869,219.50146839,29.52840946,9.21852757,6.60176984,VIP
67.28867549,36.31129077,132.11270529,4.99823394,12.0,6.8731809,VIP
61.02718092,27.60581345,131.06407994,8.36113668,11.98025199,6.89711561,VIP
60.93752113,30.94353812,129.76472107,24.44717129,9.13111509,6.63967968,VIP
84.61496713,34.70608043,170.19917953,53.10228197,7.53039192,4.46151066,Business
69.47992706,23.65512908,119.00536712,42.87191595,8.2342062,4.55951617,Business
97.06108127,39.99357499,198.6349718,23.7628561,11.55646772,6.55454701,VIP
84.1577921,32.73004036,177.70464338,60.2286445,6.01025351,3.73823851,Business
103.11211709,42.06020331,170.338664,43.4509744,6.87001859,5.77322859,VIP
72.27509134,32.30435307,171.24762435,58.01878874,5.57096118,3.20730826,Individual
31.38764478,15.43027315,69.39761733,14.69228005,10.52781757,5.13849464,Business
90.97610585,31.77705071,199.21530312,20.24168479,11.92613046,8.19302912,VIP
98.74264239,46.96558366,203.98524049,5.99315403,12.0,9.33907241,VIP
85.23580384,34.10698474,135.11506503,7.6403755,12.0,9.72990262,VIP
76.87861489,27.93961773,166.89472927,39.06034976,6.43232056,4.2058261,Business
65.03265918,33.07874944,125.21631443,4.53377402,11.24272136,6.1606589,VIP
106.58742427,41.76210121,217.90336293,33.14116967,7.55664699,6.83457104,VIP
81.90840455,34.39702025,176.69072703,42.35214255,6.01668572,4.97917152,Business
42.45418874,17.25848439,94.42564929,9.74645848,10.97018573,6.04209553,VIP
29.69004128,8.77974936,37.58800409,32.74858641,8.86251188,4.56723736,Business
41.38924882,24.98398044,80.64499516,27.55038484,8.07617313,3.51531541,Business
55.78210327,21.64446658,104.86976638,27.63118918,10.60853474,3.63516802,Business
51.34697782,19.93426898,80.69893217,41.78205173,5.05261324,2.82793152,Individual
27.87555705,9.04082742,77.99431091,25.49648768,6.27696077,3.35277726,Individual
27.2750325,12.78099719,50.17970729,38.79787679,7.11002585,3.93358161,Business
76.90060759,39.82865029,145.46826181,41.62600144,8.76110507,4.97615682,Business
62.91328713,23.93714672,132.48130138,17.61781897,9.74901987,5.83767627,VIP
64.7858693,23.6089651,101.23767199,2.80273521,11.28073013,7.50426996,VIP
108.39820791,47.28005625,205.75146909,53.4057972,3.71050924,4.2224215,Business
56.21705502,20.42935711,136.22855772,1.85470748,12.0,7.41580596,VIP
33.26997814,18.44813612,93.87405292,30.20083374,7.64200464,3.25504777,Individual
25.55048766,6.24767646,69.88262265,21.61952465,11.48023835,5.23179731,Business
100.34129474,41.55619562,202.66754584,41.83576914,6.34539731,5.3967985,Business
44.38531589,15.21163144,70.80972896,40.49816861,8.54276675,4.92539294,Business
87.71237016,43.68441271,163.38217161,7.69116741,9.86041961,7.0275838,VIP
29.36428572,11.40139688,58.56128584,1.48101913,11.03825389,4.14216365,Business
111.29139734,45.71675986,220.17070722,26.33552064,9.52533947,7.31319563,VIP
57.97522029,22.31913763,107.45561355,50.9922121,7.39153095,5.10179238,Business
55.58160997,29.43138658,72.80693407,3.33955046,11.11032271,6.86171335,VIP
51.87721702,21.05905504,90.3425101,51.86382372,6.45821737,3.7991505,Business
117.15101796,47.7626539,253.38757314,70.76176361,7.17272067,6.93323331,VIP
63.64877832,20.06238965,136.60983002,12.21532261,8.03352501,3.87296005,Business
87.95254521,41.69432959,184.98721005,17.52782959,10.45185826,8.81052206,VIP
31.93773608,13.05430797,81.35146455,35.68333,10.57006763,4.11031472,Business
110.25344612,50.34049681,216.54429909,13.33761968,11.66573835,6.64731537,VIP
40.48411168,18.78314958,86.72978973,20.34952583,9.95767342,4.96628759,Business
88.16312898,41.25236313,166.24145753,9.97567846,10.72329974,8.41463223,VIP
100.15652564,44.64226526,211.69164927,19.69987681,11.57945889,8.19052997,VIP
69.19395314,24.86268799,134.77720509,57.62166,7.87182155,4.91279818,Business
99.28573562,39.8080896,191.99369612,57.77867856,5.29477841,5.39499772,Business
111.16234245,50.27086799,236.38686315,11.18250295,10.31069174,9.02641682,VIP
82.47159274,36.78422881,188.67190362,1.12068239,12.0,8.10160485,VIP
53.50782496,21.27751814,116.61594605,50.93440902,3.61203983,2.51067211,Individual
82.33379795,40.27132439,181.53000986,63.52604107,6.26332857,5.95808917,VIP
42.97018794,18.9416871,87.89344374,8.61130443,8.75930376,5.05894126,Business
96.83774413,37.58858811,181.26900606,15.5547392,8.95704856,6.32803379,VIP
55.05051224,23.63078753,113.18619407,63.41079378,5.36264034,3.12746036,Individual
52.70864825,15.09663799,120.28313911,53.9154934,9.80759224,4.54443571,Business
69.00498258,31.23575877,114.36203441,54.05708468,8.10652293,5.35685274,Business
106.32110057,43.60772967,210.74279588,60.30951288,7.91462969,7.28313985,VIP
50.12853473,26.38312033,69.01412934,27.58328944,9.52821738,5.18837285,Business
84.26194594,37.30196152,174.17140138,8.77343995,11.3116817,6.79446969,VIP
34.73261051,15.93362974,41.28813786,41.15081721,10.71036437,5.25247218,Business
66.27341621,27.44354767,136.6854867,11.10317,9.67426856,6.21526278,VIP
111.90146117,45.40853733,224.47406926,57.07487508,4.31353203,4.94891621,Business
49.96189366,23.09253626,112.92039569,26.06260944,10.2614348,6.14911527,VIP
42.41418792,20.16914065,67.65364521,57.27241747,7.25670253,1.86405472,Individual
78.55665251,27.64236422,148.8584345,32.70294244,9.99943786,7.25271246,VIP
68.35616113,32.34183014,143.03679431,31.51859484,9.94457159,6.14868011,VIP
39.75902157,17.61667793,72.0891007,30.0071112,9.22021147,4.78653377,Business
91.19726152,41.18893987,181.48734352,11.13884799,8.60149684,8.36662989,VIP
31.4146038,11.77667425,83.97778721,2.16897589,12.0,5.84684078,VIP
28.87478853,15.52810565,46.77017137,46.59677186,6.33079094,2.6916408,Individual
33.62405741,16.32668675,63.37095961,19.01841647,7.95907642,3.61410046,Business
65.71607251,29.42860556,122.98337012,25.21781642,11.94821103,7.33041176,VIP
71.74966635,32.98298382,170.22008358,20.08647199,9.4665979,6.34613235,VIP
77.03707869,34.42305132,174.95521625,64.85459141,3.23176307,4.34906582,Business
102.06544083,47.99914948,196.44214688,48.55364176,8.96009851,5.76038664,VIP
43.93383984,14.34285937,107.25949334,55.24774525,5.19956789,3.9098102,Business
69.43656666,28.92632769,103.42222017,43.719762,7.74842201,4.27543589,Business
73.08269088,31.47653074,147.67557281,23.97946099,6.05366288,5.5246171,VIP
35.24156243,18.31186183,84.70988863,55.48675192,5.2610851,3.37821494,Individual
34.26336511,19.1078275,64.6257857,66.03382515,1.99394607,1.96009129,Individual
50.99307727,23.96315221,119.28134629,71.67416508,8.2617481,3.51016146,Business
32.31469866,9.23970046,37.71367208,31.15113696,7.27687335,4.14934768,Business
40.85201536,16.4288018,95.30291476,14.54327953,9.54088539,5.0450017,Business
114.18890619,48.96591001,248.97539531,37.21236528,7.52982485,7.32395084,VIP
24.85766735,15.86140772,68.07781722,25.79273506,9.6042534,5.15061811,Business
112.84811382,38.62679106,239.97686795,13.80024952,11.39291309,8.97831624,VIP
118.55057803,49.9290501,244.08349945,47.38212287,6.63672087,6.67080819,VIP
65.27933589,24.85753652,140.62758778,55.42664128,3.14772454,3.189802,Individual
66.41884329,27.39216862,119.83504052,24.80934974,9.5162722,6.81121535,VIP
118.50413943,48.00739267,246.51715328,71.96154424,3.34850254,4.82293419,Business
70.97486895,27.54725007,136.83640608,67.33441812,5.33150025,3.64823457,Business
49.34361138,23.85827094,91.24862224,48.36996984,5.47817962,2.20392165,Individual
30.72508968,8.01509208,49.99410989,43.1157057,9.53947228,4.56761053,Business
73.13362115,28.03096386,153.90377541,26.41178093,9.83632026,4.95272684,Business
116.05825108,46.87073359,221.00635485,14.90464145,11.38915385,9.55077917,VIP
106.41841258,46.03092773,209.74730975,62.22909072,8.35343411,7.00537667,VIP
97.63398992,42.8860187,182.61973957,39.36681318,8.15095106,6.42542307,VIP
62.59400387,30.71020215,127.52114528,61.26095105,8.87206768,4.61381379,Business
105.94827597,43.81618712,214.74005791,28.47567939,8.45080034,6.87154293,VIP
50.70867391,13.36119956,90.54605262,58.19927584,4.00121366,1.33142487,Individual
25.73543157,2.3694764,65.30873699,9.55711268,8.9076114,4.53623817,Business
28.19905725,10.31027927,66.16565401,70.97711294,7.27551655,0.90473069,Individual
114.66199922,47.33203288,237.11887383,69.75611463,4.41185596,5.90004233,VIP
62.82279977,26.98460073,125.79473182,23.40422737,9.39781108,5.03318213,Business
117.8818382,55.39083824,230.04937909,61.99929341,5.04170372,5.80289946,VIP
96.9841958,36.79403483,199.73427911,71.03280167,5.28344949,4.82702503,Business
95.05449729,30.8399957,177.76079212,18.5933697,8.08684017,6.46580562,VIP
98.78127631,41.65815965,210.24869772,48.44164445,9.73286239,6.15506972,VIP
21.73144945,7.41727222,51.40347101,48.94065059,6.45986522,2.40206577,Individual
22.94071577,4.59519651,27.03964638,46.96587349,8.20620486,3.85122358,Business
103.78404626,46.30974734,230.45148904,51.82701069,5.45091272,5.46484938,Business
30.59200731,14.44794905,75.31937909,32.71307163,7.71037623,5.22564928,Business
31.2095016,13.13760353,54.71486452,1.56207492,11.5334415,6.50058559,VIP
52.63234758,22.81629678,106.21207466,41.03413571,11.22412533,6.58942963,VIP
73.33790912,35.92926675,162.90034075,10.08982862,7.85272158,5.83342112,VIP
34.83931499,11.88866838,70.29815754,6.58114299,12.0,4.54256839,Business
83.65883529,31.6399346,200.44672948,46.28374444,10.43471696,6.31632185,VIP
50.99686451,19.41603615,87.69764214,1.24362512,10.58790008,4.99506832,Business
32.06160471,9.27775418,53.66694502,2.24735402,10.08754764,4.21310139,Business
52.77505095,23.82792616,117.24157113,67.46654279,5.947498,3.09040893,Individual
69.48107576,36.6261486,138.64151353,56.038986,5.61552957,3.34148312,Individual
68.73150256,25.64173582,128.42351551,24.36036299,6.11125979,4.54840044,Business
78.53964921,36.23447371,173.2651491,8.08527698,11.56880424,8.69716333,VIP
34.37552384,9.32839848,77.56410884,67.2858831,4.54635352,1.36775479,Individual
64.44258289,29.30142138,110.54753809,30.90974259,8.13635959,5.07263275,Business
40.11850461,17.51803213,91.13095954,58.65725961,5.68568735,3.28726485,Individual
51.67545889,21.3957841,109.10859918,24.5484749,5.9002665,3.48018187,Individual
22.20863304,7.59189497,22.12521449,54.25882497,7.92624514,1.70416235,Individual
100.21010324,35.55826513,200.1426782,66.41423475,4.58832728,5.83215361,VIP
110.36792938,37.31673571,200.59352358,14.30136486,8.13022609,6.82584823,VIP
33.16481985,11.47627452,69.96171515,8.47994439,11.03863599,5.25884346,Business
55.80275961,26.91587271,127.30449885,26.63465896,7.89923387,5.58550159,VIP
112.90222204,44.66053819,242.97268954,24.00367354,10.54726622,7.59637666,VIP
48.38252265,17.02652465,93.66136833,2.08449984,9.76666323,7.04920696,VIP
83.06569067,40.18346665,182.30943291,28.2327085,9.140197,6.23532643,VIP
49.99855888,21.9922894,107.70687512,33.09648,9.59463112,5.72968749,VIP
59.01601581,28.37568593,105.23652617,1.84935607,12.0,6.18872076,VIP
93.00904546,40.7300646,188.00790671,20.23664493,6.99630767,8.22634817,VIP
25.07625338,13.18489422,57.26813152,45.81069753,6.86578829,4.20819352,Business
74.92682335,25.96930615,133.64957958,26.54427848,12.0,6.49356643,VIP
52.04670853,21.06574904,115.37671756,7.11144817,10.31849028,5.62783831,VIP
104.07266271,39.28562714,205.3628802,37.08693536,9.86072261,6.71914147,VIP
62.65250126,25.19068536,153.14760595,55.80870747,6.89479814,3.56327214,Business
59.67307974,21.65182279,108.82965278,65.04803415,5.8883643,3.12620048,Individual
58.91418829,28.38052437,116.01621053,33.16317486,7.76062096,6.060071,VIP
31.64697911,11.06049862,38.36196291,14.6948982,12.0,6.20104948,VIP
74.40537528,32.33824158,139.99609042,13.43900512,8.76855444,4.78345081,Business
86.5483046,38.77415343,186.8056235,57.64351467,6.53812925,5.62158594,VIP
69.23691347,31.9073018,139.02109979,35.51245275,9.40801847,4.7017426,Business
112.82666896,47.49424396,208.12588766,19.85607632,9.81134598,8.10928406,VIP
87.20439742,33.23066592,184.89961622,23.65070133,9.62190332,6.75650296,VIP
61.07585693,23.38673481,135.2204887,24.15627188,8.15317505,5.68829192,VIP
25.07147177,13.38758786,24.0817577,43.64776059,7.20681191,2.71399948,Individual
99.30285798,42.45456801,209.53434519,70.36667746,3.18519028,5.39026961,Business
98.65380334,36.7616671,195.72328513,3.86519013,9.62733419,7.93985077,VIP
113.26400718,47.65817718,209.32940521,52.42975332,5.87889384,5.60670351,VIP
42.68267189,17.30516374,72.62082909,57.53023397,7.97161759,2.12043896,Individual
51.27270456,15.49880626,103.30645976,23.96009469,7.894249,4.84745341,Business
29.1355745,14.10713807,54.53273558,51.83949734,5.41306917,4.10939814,Business
50.19018536,22.55049096,112.17821038,54.1393649,6.65233583,5.20558252,Business
92.36495921,39.95486737,160.95597852,22.19891486,9.29891002,7.07871247,VIP
69.61805005,20.81134922,127.20012642,32.7030362,7.31189983,6.48317059,VIP
91.60984863,45.53171877,181.33668144,1.50462516,10.42171049,6.8127398,VIP
43.3509286,18.80195634,61.07828488,42.96394563,8.06537185,2.69898532,Individual
21.33150474,9.38361263,39.43864482,44.07578762,7.64272083,3.65950799,Business
117.03061087,52.27220312,238.67938684,47.78219014,6.56144446,5.61547438,VIP
26.14914654,16.59144308,60.52781416,16.26893879,8.88700066,4.96764921,Business
111.06608147,48.61513012,232.82808579,17.05585628,9.50097031,7.69676265,VIP
36.04127008,16.05344468,67.59023734,39.29426848,4.26803679,1.22624143,Individual
85.65806323,38.88014683,192.57466277,4.21723342,12.0,7.5911091,VIP
104.97894836,39.47896877,238.25422991,22.27706518,10.86468683,6.93505588,VIP
70.16075573,35.29755892,131.08070504,66.95438606,6.82261971,4.57145243,Business
90.86299995,36.45385651,146.49843491,71.7803469,4.49441771,2.46626712,Individual
116.97013872,46.22346652,242.92302737,51.5287665,7.06929467,5.49020677,Business
53.50703808,22.79504368,103.91437835,5.90998478,12.0,5.07818475,Business
110.84894105,46.81937389,207.63681124,6.72957391,9.83187505,7.57315122,VIP
112.03101343,45.83241051,231.21597676,26.75254562,4.86490686,5.19839096,Business
36.63021425,11.47034907,70.4485389,23.01341234,9.79219152,4.09550433,Business
52.98010343,25.3900787,112.57015009,48.76119153,7.07994953,6.15749231,VIP
51.27155979,25.23270293,97.25631531,26.07983409,9.2693688,5.4640027,Business
109.08909037,41.66338515,247.30645051,56.61457286,11.23452276,7.58158283,VIP
80.74584284,29.02059579,173.2268109,6.84276879,11.55729947,6.31600544,VIP
26.6011578,9.11924076,62.27940683,43.76768437,7.87472216,2.83382323,Individual
39.25474286,17.25124317,81.40810847,54.41974078,3.98328902,0.38743602,Individual
30.23050663,6.96844605,50.23652634,50.33850177,6.92096424,3.0225273,Individual
93.69173889,38.36949091,199.92755143,1.73643778,12.0,7.73663832,VIP
87.83986825,36.89889453,155.24530639,34.72064277,9.3366065,7.28314496,VIP
28.65030961,16.40193891,66.96671223,66.20817213,4.04176564,1.474974,Individual
23.92276366,8.2920948,83.90091184,11.24536149,10.14635072,3.85879919,Business
70.97674412,32.83158314,146.17482595,16.27418605,10.17311713,6.61273674,VIP
108.59898815,47.51209895,220.29301804,11.47714515,9.73853792,7.67571747,VIP
52.28745282,17.94875048,87.6001465,40.24363274,9.39784908,5.07044297,Business
87.04571934,41.60930376,184.70938569,24.17048657,8.99590728,7.04653267,VIP
57.06327835,20.22533108,139.1603011,19.78018462,10.20306041,5.4681295,Business
77.93823125,35.41130327,168.36097717,8.97133392,10.1237024,7.04364645,VIP
64.82709838,23.80574588,136.51634649,44.01080224,6.02232158,4.52187378,Business
30.62186761,16.29837415,47.47605188,42.16526385,3.25516217,2.52837124,Individual
30.5497318,10.20410394,54.21764352,22.00175451,8.2261916,5.25850237,Business
74.58796289,40.41748541,155.662208,41.62770781,9.484847,4.88047985,Business
43.13548527,17.5292743,107.46767415,20.3569705,9.9855423,4.56976625,Business
92.19106631,43.55399387,193.55498763,19.33477309,9.64713888,6.06804933,VIP
80.32579271,37.1564011,182.18567982,71.87921332,4.50673761,4.10628318,Business
91.30522953,35.86939854,177.9058839,57.18483334,5.44530411,4.90204741,Business
86.41053898,37.36219804,166.35511747,68.68661903,5.67402319,4.46629626,Business
115.85583985,53.20065662,219.88285972,19.14629776,10.90149835,7.99576353,VIP
28.13285962,15.61280854,69.52061981,24.24672981,7.55858979,3.3759037,Individual
60.36631149,18.53415924,122.86767062,9.4440165,10.5738564,7.85945462,VIP
46.51109676,18.54962615,95.3397809,4.85800715,11.32744249,5.60474012,VIP
90.63691733,41.66973267,148.70079946,55.67313113,6.98239733,4.33480536,Business
32.84072602,15.64709299,53.6724221,9.70686863,8.72937437,3.90583094,Business
117.90395013,48.41298218,245.63799805,58.52914998,6.28568581,6.30511746,VIP
29.09859476,12.80742375,69.34953313,56.40342845,7.33451043,2.11832634,Individual
118.67637124,56.53357009,231.10107975,1.58601127,11.49427194,8.83298485,VIP
108.46453609,41.5807472,200.70606784,55.19892712,8.06341747,6.1839199,VIP
97.36797661,33.33714962,219.69257453,16.27259589,8.9925599,8.28706374,VIP
34.50952339,14.88844701,83.11881817,35.98788118,8.98620401,4.2664112,Business
62.78920487,20.51978116,114.02241033,67.15926718,5.76317957,4.0058746,Business
71.17943142,31.09745526,139.55976333,67.39331255,5.45669739,4.22526867,Business
54.53906928,22.86018996,112.34719382,49.63824748,6.22696125,3.54928434,Business
117.36849613,55.96378678,233.99020433,6.69970384,12.0,9.36899596,VIP
30.91171111,15.58112692,59.12683103,30.52944836,6.8555124,2.88732312,Individual
44.92678,22.13682425,68.62686107,33.78344516,8.19650118,4.02149165,Business
111.3925082,45.14965542,233.89182464,39.91108696,6.8018476,6.33718875,VIP
62.65240623,27.93356925,114.32678638,69.75802944,8.43011158,2.86076089,Individual
47.69840982,22.73955023,107.72871291,34.46786616,10.25995283,4.87756716,Business
47.2648595,16.18964618,107.03037617,27.12053303,8.10467612,4.98908156,Business
29.65952179,10.53196487,70.32803638,50.84943683,5.3768934,1.25224131,Individual
113.11580972,46.2619645,214.77745017,1.31427742,9.5165382,8.59579518,VIP
30.17810355,6.9367868,49.76570992,68.14272268,6.8394352,2.04430784,Individual
96.91648672,30.8859026,193.8891695,40.5882189,4.55261553,4.42212818,Business
38.64728698,9.7010806,83.56450484,57.69200284,6.32335228,3.49524326,Individual
21.31564025,9.58631398,25.53044018,6.12718286,12.0,6.3894444,VIP
82.29453009,34.2967445,159.34214424,51.6195825,6.4875988,3.84162222,Business
61.21748101,21.22107349,110.97083065,9.52138824,10.10190675,5.98829281,VIP
25.8199818,12.1052297,62.14064866,23.25033461,10.00711574,2.91286393,Individual
61.91408317,23.35270388,97.69615744,13.94210388,11.88065567,7.77719905,VIP
105.04164492,39.39446636,208.15758436,12.78356488,10.25367143,8.03271761,VIP
20.01761061,12.41063952,46.37954898,2.05735019,12.0,4.75665119,Business
53.79511899,21.88924209,115.32395886,39.71845121,8.26803562,5.71537621,VIP
79.15634025,28.36602595,160.76452627,26.67669392,7.16712315,5.00143783,Business
72.48189221,28.28624671,152.20558471,20.9733696,10.78561101,8.32468784,VIP
106.42879038,45.71051631,223.57364007,11.79303393,9.4552466,8.57580948,VIP
30.03847117,13.77060583,71.63989118,17.15946878,10.29313945,6.05308194,VIP
53.27260479,28.00835149,83.29475929,5.27068676,10.01810908,7.59069525,VIP
96.99737088,43.33412897,202.19083229,18.11646916,7.16853953,7.31297004,VIP
90.88758475,38.99089718,160.00695371,35.25646611,6.95367467,7.19829105,VIP
90.99428001,36.89694712,186.62765444,63.04380774,4.94612369,2.97367293,Individual
39.87218042,20.13346709,107.69487013,45.49366041,6.88451666,3.09993161,Individual
54.9502252,19.79412328,91.63960256,16.43317779,9.31560009,5.72822888,VIP
101.71399673,43.89282722,187.45806007,62.05190578,3.7096429,4.8400513,Business
45.36541336,20.61774522,115.60307036,46.83382328,10.46224821,3.9711834,Business
22.42820242,6.27912211,45.94407559,1.83336949,10.39255494,5.3087005,Business
20.43855646,6.57180635,29.87075614,51.18175464,8.12068198,2.9541175,Individual
45.6329971,19.23994297,126.65843214,26.74784491,5.7959385,5.41249172,Business
118.15458503,54.60942227,232.96702858,48.77314431,8.21671436,5.82097254,VIP
113.75368993,52.21204209,233.24000377,9.78611262,11.74273462,8.12246488,VIP
48.29544545,23.48963852,84.38238876,62.12548109,5.08228621,2.32979612,Individual
55.44312569,27.84309248,110.66789453,63.39949466,4.24545992,3.05423012,Individual
77.64919483,25.51076042,166.11015434,14.6530151,12.0,6.78664389,VIP
112.00829946,50.3052072,220.38086076,23.99522243,8.64727652,7.61520828,VIP
55.7771444,16.43436628,100.71729542,53.69402539,4.28886353,3.11918468,Individual
45.04371847,20.93593418,91.50538106,11.08252804,8.74282211,5.93039989,VIP
97.28860563,38.91089522,220.38490664,22.58813047,10.70324276,7.82495442,VIP
35.74772344,9.61612416,78.33411412,57.73860406,6.85757707,2.75251476,Individual
37.43412497,11.85870364,73.09566861,70.58612356,5.63362198,2.02004099,Individual
88.15298554,39.0043086,176.41771267,54.52171974,6.35877285,6.22451102,VIP
105.73099678,42.73895042,237.48266217,64.97576401,4.63524507,4.96108139,Business
66.771823,25.10423467,134.2401703,28.9600563,9.96693621,4.86238216,Business
39.9205261,26.56221547,93.37550206,8.15159746,10.40882036,4.86759828,Business
46.01053835,17.70497842,92.91926707,3.93072804,10.52536676,7.54548745,VIP
85.7138756,33.40919452,156.63646907,20.60449491,10.23518066,6.9618516,VIP
117.64778405,47.60057472,237.39396586,67.88124196,3.83339683,4.82737303,Business
53.67458312,18.93863781,92.44795778,66.68281561,7.51719882,3.90539128,Business
88.86927879,36.47546057,158.8795189,14.98000229,9.95293774,7.82398497,VIP
54.1084862,23.91823402,107.12392455,50.11929489,4.70295595,2.76972166,Individual
34.53641833,17.29093831,64.57724708,15.21520069,10.34606174,4.69651612,Business
105.44369989,46.79657007,175.89383034,37.95324838,7.92382831,6.24984643,VIP
53.80729937,23.77455264,125.83113642,56.03086091,6.20599271,1.7933946,Individual
118.19799123,50.07474307,245.28490039,25.75911676,9.99791928,6.70587029,VIP
70.91398463,30.75700466,103.17220196,68.09398078,4.18464933,3.40721486,Individual
112.84045818,51.17395469,230.54224246,1.76660752,10.48214588,7.36474029,VIP
112.45850544,45.657805,205.97985782,41.17740678,7.52483499,6.29630897,VIP
75.12593894,27.76841419,159.68226469,17.95618849,10.5447476,6.32531851,VIP
62.1358734,35.14221201,138.16732216,34.70576172,8.41717022,4.27643038,Business
104.20357966,44.06059928,186.99238666,71.62187998,6.58776804,3.89484409,Business
109.63782316,44.90431691,226.73265629,47.8776893,7.02387108,6.31377927,VIP
57.77913121,21.40446207,87.54339713,12.20160055,8.10922405,4.82481969,Business
39.18871443,12.78411845,83.57049291,42.39360392,8.10144369,3.81136966,Business
105.4847078,46.60177622,212.20957007,16.41553588,9.0537461,9.39204837,VIP
21.90269487,12.79049163,60.37896237,51.72901862,8.86408485,3.0553549,Individual
39.57161663,14.50118649,64.40210826,54.78884119,6.48834363,1.88155421,Individual
108.21298312,43.78151436,220.82265162,8.43310802,7.67859067,6.4143972,VIP
65.60792526,26.42015937,131.13182351,3.40319761,10.96448434,7.23463196,VIP
44.14213053,17.4426821,97.94794866,18.69261414,9.64865475,5.99985802,VIP
23.37083504,6.59389692,72.37030967,27.41977675,10.55075602,5.38673728,Business
98.99343251,40.2580568,203.49897758,67.41626945,4.7424045,5.29054915,Business
96.92750687,44.9765726,188.23881058,13.32153264,8.70302042,6.29175354,VIP
38.50682016,17.64374137,66.97773415,58.18376346,6.94052785,4.11707305,Business
27.76128805,8.75157115,38.91024298,32.14048459,8.18191205,2.64785027,Individual
36.7605039,19.13231523,75.29489657,50.02688227,3.50373417,2.7992966,Individual
91.63844364,38.75083541,190.15520538,41.59408658,8.93870604,5.44677681,Business
95.23856468,37.96475099,221.58943192,63.96716126,5.76808368,5.97060111,VIP
88.44287292,34.84309583,161.36924047,55.54790723,7.01062823,5.94582915,VIP
23.33762089,7.76687933,52.08158075,12.45652385,12.0,4.52313577,Business
91.30172198,36.63085496,195.46571708,46.00201888,5.50303775,3.7167755,Business
70.87740312,30.84408797,141.83329115,34.76638837,9.19334905,4.59383594,Business
35.70737167,11.75947995,34.78438901,47.94911275,9.0436515,2.62285878,Individual
62.51309961,22.76975933,125.92034615,50.42222003,5.06110976,2.20824955,Individual
81.18361036,38.88570271,150.39756138,6.30562485,11.7903772,8.18326274,VIP
82.33395639,29.12346539,167.02072662,51.64249504,4.25609794,4.28016087,Business
48.64494177,16.36908702,105.56042049,28.56716781,7.98281335,4.72058569,Business
92.84917817,38.01043979,160.13339309,13.13852793,10.12090149,6.58023476,VIP
64.80285398,22.62190468,127.78932152,42.08615092,8.79476913,3.33628903,Individual
106.55449785,44.65549854,200.88077771,52.06420356,6.38997279,6.2187034,VIP
37.05552984,22.62703763,75.83143853,11.70249316,7.14638286,3.78622427,Business
87.24634526,35.78148141,180.48304763,49.82320483,6.93698789,5.18488745,Business
52.39066899,20.12292506,107.97799201,46.22810552,4.62568044,4.02799324,Business
113.39303349,41.64679278,236.79615261,50.79883103,4.81695273,5.40807744,Business
96.54317539,43.03079682,186.86578657,62.32948787,6.08220377,5.53115706,VIP
62.18255853,27.36777848,116.21398664,28.30169296,9.1419137,5.64389568,VIP
60.89726931,28.63838445,130.76156742,43.58953838,5.16334556,3.20274916,Individual
63.30983387,25.64763733,118.57282912,24.82059492,10.52867474,5.86291409,VIP
102.6271622,39.30523176,198.93567653,8.88545156,9.83879448,6.69095548,VIP
93.38026397,44.04665296,186.36384797,3.40733904,11.12866091,9.77850395,VIP
70.33061439,26.20905987,147.05458348,36.07786079,8.42836399,4.93835108,Business
119.66472643,45.85402831,227.54370363,15.13254235,8.36045499,9.18690587,VIP
86.61707243,35.54267795,198.16557454,1.07416755,12.0,7.32383789,VIP
70.55075259,35.10660426,163.92525271,20.07408445,9.23204633,5.90044531,VIP
56.11977369,13.91586202,94.75647811,33.26914686,6.63612876,5.08769334,Business
108.91157896,47.56713278,200.29443821,8.6262532,9.88605104,8.14063481,VIP
101.04019419,41.73056824,203.60932858,17.5276836,10.05477971,8.4904259,VIP
42.39195797,18.44550979,87.04267608,47.05182184,8.8965976,4.61253611,Business
59.12308585,25.16863733,104.07975736,10.37800877,10.92645016,6.38069232,VIP
23.50522403,10.72167457,20.92189873,56.09820861,7.16546965,3.01270635,Individual
103.19287959,51.87841294,203.00552066,65.45314729,4.55524625,4.50652906,Business
66.92425257,27.44467971,159.01333445,49.76827568,8.6150406,3.96984101,Business
39.7026187,19.11851812,90.43582637,31.57531323,8.57883553,3.68592208,Business
72.08023783,29.27473329,142.92131858,3.86962492,11.68456259,7.13541935,VIP
59.156868,24.85239415,101.40766304,52.82303018,7.69824071,3.61337287,Business
89.92407869,37.06914767,186.31164935,30.31353417,7.25441709,7.86007811,VIP
117.49039943,45.75822775,227.59935475,62.93168416,4.77517991,5.98058172,VIP
29.44896522,18.30817036,72.22727928,33.16734984,7.9623806,3.36512028,Individual
103.49384653,42.58499331,210.21024734,59.91484444,4.69760988,6.29318428,VIP
80.17851466,36.89873293,147.31127086,70.06314058,4.86902676,3.46139744,Individual
21.93046228,3.60060714,34.53456494,48.11956666,6.4655646,2.96349701,Individual
36.65069691,14.89960296,73.10908477,64.72251547,5.15185407,0.69083351,Individual
98.8241474,40.44463771,200.67929127,1.83611224,9.89312927,6.93662499,VIP
21.92976024,9.2383117,36.71746363,24.841446,9.32476276,2.95953564,Individual
112.43468511,50.14893959,214.28267729,22.65033784,8.27521053,7.75973378,VIP
117.17289202,45.86308656,231.06978288,61.21441651,5.81229102,4.73361335,Business
106.57366955,46.68745674,208.64236591,39.90685871,7.84344079,5.85594817,VIP
37.74169455,13.27410692,59.87770556,5.46930642,10.76033771,4.36657389,Business
61.57935509,25.03191387,120.62956501,39.4349539,10.21926365,4.98110033,Business
80.49725601,38.70622706,152.23983186,44.50509023,7.0020572,5.02848342,Business
93.37702619,33.25762332,203.2158084,22.3386139,11.13214038,6.6473435,VIP
72.21384119,27.93027727,153.94795744,57.29730519,8.24696536,4.03271774,Business
84.9378226,31.10690914,161.93379931,31.68456572,8.40137391,6.30614012,VIP
114.43474077,39.77879704,251.54637783,54.05877822,5.8511353,5.63062464,VIP
38.35951303,14.14070573,58.7699788,43.44117618,6.87612268,4.06564461,Business
46.44890231,14.99760083,82.65821211,26.96411899,10.78990171,3.04419887,Individual
108.201215,47.61644695,212.3813162,40.44248081,8.90042386,8.39451687,VIP
48.31473974,15.96402401,107.9506247,3.56297441,9.94373938,4.8685057,Business
119.50627889,49.38303547,281.50683631,33.7830948,9.22822324,7.18773937,VIP
45.01264411,16.82731791,98.11856116,31.23693789,12.0,3.98541763,Business
71.65680486,29.98284332,159.58054016,63.44503623,5.10520173,4.144694,Business
118.52083047,48.55950799,203.83845095,66.22066351,4.77322936,5.44449898,Business
107.50312712,42.27838936,224.79581575,63.96483556,4.73523133,4.95178512,Business
32.14720339,16.64385294,88.87238808,11.22697802,10.53121308,6.34655102,VIP
23.03336171,14.96252306,61.4291091,40.33331426,7.25475207,2.79484794,Individual
92.92950949,39.78753,167.94726846,53.4751393,6.42870025,6.39352942,VIP
40.95868153,13.86294197,99.87976874,68.25068319,4.28299342,1.5969999,Individual
20.27186227,13.3842857,65.06584425,26.47227881,7.57904809,2.48057312,Individual
47.96110252,19.97632699,84.14862147,22.47664668,8.80514473,3.26806045,Individual
20.02585983,11.57968655,53.47858842,45.40630657,6.11550151,3.17183092,Individual
116.02853583,46.2653756,228.0259161,7.68327871,12.0,9.55496318,VIP
85.49825784,40.25008012,167.13476737,28.7562878,10.67345512,6.29917534,VIP
107.68013146,50.02493686,221.43245542,64.89127838,6.61726826,5.48459333,Business
55.84170008,21.64913837,156.44721102,70.30691709,2.96669918,1.93484015,Individual
23.72634922,15.63554465,58.05943976,42.04088811,7.25832323,2.42701727,Individual
89.81926441,34.68257138,190.15090249,65.564709,3.60545879,2.62242514,Individual
41.71909489,18.80657915,73.19156236,56.40220972,4.7067405,1.71768901,Individual
97.93562401,45.84859223,203.16191484,14.28928929,7.685907,5.54638108,VIP
117.24657259,50.57939433,228.08326791,22.56067681,9.42053576,8.49691939,VIP
21.04326386,11.7836582,35.45234391,37.74939829,6.84802993,2.16372982,Individual
25.5348275,9.57983992,63.32586623,3.9554033,10.75213314,4.76457171,Business
70.63921229,34.04823113,135.42738467,44.23209441,7.27415796,4.25415147,Business
97.81146152,37.58502472,170.28832356,17.76385212,7.78613365,7.31198676,VIP
70.56461461,29.7674922,130.29750612,10.49874873,10.34246568,7.96039549,VIP
63.1092308,22.41595826,117.37498661,39.34935604,8.13417762,5.23658003,Business
30.70773023,16.1332363,43.74921422,42.35320957,4.85841705,3.5285861,Business
55.58540427,18.91944195,107.40943921,4.30631014,9.60543699,6.61146676,VIP
43.19599221,22.68570337,99.47931322,53.05021791,8.51742715,3.32796136,Individual
60.9808485,22.01021031,115.9071596,10.28574539,10.1347602,7.09455705,VIP
112.8214308,44.76587305,234.293324,17.90764897,10.70678829,7.75218319,VIP
53.39061897,23.95521974,107.18805504,26.46781521,7.97033281,4.21543967,Business
104.21482692,47.34209824,225.19587935,1.25704106,10.49817287,8.25047638,VIP
100.98524227,44.84127346,228.78503288,60.22567017,5.21625553,6.02613991,VIP
47.05538591,13.39191898,90.63874498,64.49110874,3.91630037,1.35062982,Individual
22.34440157,11.74385908,24.40482494,27.59887063,11.61307516,3.91808901,Business
60.05809019,25.20514668,99.21988872,59.90711947,8.28425587,4.49119965,Business
48.92067495,23.31783203,110.74496932,40.52741235,8.49074587,3.83583353,Business
33.18956934,9.95179397,68.06707609,45.13606803,5.7490688,2.43178347,Individual
103.0736601,46.45073007,223.1387101,51.86833329,7.63613373,6.05541317,VIP
56.99372201,26.08981176,131.76626807,34.22396898,9.93671047,5.0869939,Business
102.77332685,43.75681029,201.56426831,6.94300725,11.44728206,7.02374681,VIP
27.29755333,19.61345442,73.45192699,22.90529863,9.21362612,4.00876168,Business
25.41190744,6.07064933,45.37252724,7.20101266,12.0,6.35493249,VIP
36.38967312,13.45332851,57.67646579,14.52367676,9.97761433,4.89936302,Business
60.66029709,26.27671561,140.05815591,67.43673782,5.18080806,3.52044075,Business
107.49716895,43.39753485,222.12918787,26.16132329,8.12938225,6.7403896,VIP
64.16323501,28.98825605,127.66863841,51.58962081,8.74905181,5.20383365,Business
72.09395698,33.21750612,140.72701846,25.35458934,9.67912062,4.7969812,Business
76.81372077,37.54806267,167.98106443,29.44397017,8.47661727,5.68796525,VIP
87.94745181,33.58305439,173.65157955,19.99270774,12.0,7.88954812,VIP
111.86077156,49.18594928,202.02162118,55.22198099,5.25139966,6.09037211,VIP
34.58262519,7.15513595,103.41883553,37.24797278,9.74718525,3.12569294,Individual
112.90317146,49.10891252,217.31041199,23.06674331,10.04425194,7.57856834,VIP
100.09706125,42.82817137,191.61299951,63.53244861,4.46414788,3.92957521,Business
107.99326608,40.66454973,225.29810027,54.54570847,4.93050667,4.22580224,Business
49.14172631,22.61135106,115.94396976,7.85156908,10.02672416,5.36047541,Business
31.67652971,9.74582346,54.1983886,13.13133129,10.71351066,4.72534761,Business
52.23513112,15.72746877,110.96252497,12.57919719,12.0,6.30780881,VIP
108.43372393,44.39145098,246.05797355,36.59694711,8.067768,6.0411784,VIP
45.78490751,21.39817048,108.65821363,10.65171301,9.92856628,6.83231053,VIP
27.94670918,14.16424759,81.52393748,43.25332713,8.61045781,2.91483135,Individual
38.81456824,18.01879218,61.48088695,42.39718359,7.92673258,5.39927901,Business
114.50415545,47.61941951,220.30525472,60.027952,5.97185863,5.28392536,Business
58.82464031,25.41014016,135.75286205,58.00593687,5.83920813,2.16067788,Individual
70.56020039,36.00766423,135.32869447,16.21064863,8.97175067,6.78624226,VIP
117.71091595,53.05893952,214.72204713,9.6946295,11.42687498,8.70226093,VIP
99.19318623,40.07324119,204.54170528,30.27251444,9.18280638,6.01294363,VIP
84.1184855,39.64813298,168.16336263,15.16020953,7.42068305,7.95550563,VIP
22.75238959,10.76744043,66.63274488,67.32121424,7.82378482,2.163956,Individual
47.87210121,18.58657844,76.65677744,24.36497259,12.0,5.18649186,Business
56.08034037,27.37775118,102.17694444,25.97715975,8.33999706,4.1215769,Business
96.2294742,38.74978116,192.88009288,2.89656637,8.26851441,6.00251087,VIP
21.56243427,4.7019107,37.49582988,24.82235925,10.53243421,4.4661638,Business
65.94643113,31.25781313,128.48052463,8.52103298,9.06467935,5.29190132,Business
83.76799669,40.40401527,159.21856121,69.59941112,3.81127216,2.2235815,Individual
72.01479451,32.47635597,137.77086118,26.01144651,10.19017413,6.53789444,VIP
91.77392544,34.2786035,189.34201126,22.62152087,10.96462241,8.30122246,VIP
29.65990927,14.21455456,59.13846914,70.92220203,4.68275637,0.26984652,Individual
86.45935005,33.09171259,200.1523705,63.29515975,5.35713219,4.23236607,Business
82.65012463,34.52009463,166.86069165,55.82793366,4.10578222,4.4997324,Business
118.76786501,50.00403088,253.73991515,25.22319832,10.31901874,7.64649218,VIP
40.73509454,19.33589361,72.01497989,22.51441539,7.50944732,4.44637261,Business
36.35103108,18.25220905,45.18034659,38.46642846,7.68970387,3.72844219,Business
92.79990525,38.01604624,179.65530176,59.46075389,6.82466098,6.42914002,VIP
85.58230088,34.07898434,149.00442891,65.96526261,3.69986346,3.51130023,Business
24.13658464,11.53866031,57.37585665,40.34832232,5.3849524,3.0741469,Individual
82.68876979,39.42140594,164.9442751,2.76673045,8.41644022,7.3641786,VIP
69.90819868,29.69969187,141.1033193,53.1172932,2.88913621,2.38915331,Individual
38.82901008,15.05522957,83.34317415,18.34014098,11.93086598,4.5194947,Business
29.42628096,9.70046327,23.8941878,44.18525607,10.42834964,4.41700019,Business
101.10881335,46.27702091,188.15627793,43.31313397,5.28898439,6.14952837,VIP
80.24439839,26.79354643,177.50673471,26.02733199,9.71795237,5.81390202,VIP
82.74856063,34.67211414,177.9961126,28.81493633,6.38493829,4.03727698,Business
51.85200586,20.26197447,99.97898506,34.59407001,7.66410487,5.68770774,VIP
43.70566961,18.66812261,83.31139055,51.38722233,6.21447809,3.03123809,Individual
79.42421086,32.96278014,203.97953911,55.1008983,4.22268345,3.69764637,Business
104.13822719,39.01044544,199.12892762,32.49444834,5.1143195,4.42144509,Business
39.06149981,14.02540178,76.28964985,45.06298251,8.2751482,3.70694854,Business
100.92355745,46.10153795,211.76792083,19.16660822,7.67360225,6.84305734,VIP
78.23142594,31.91873926,173.91475791,37.90868232,8.31542168,5.17397775,Business
68.41976819,26.035047,156.33034945,3.74717738,8.67920296,6.39970049,VIP
48.87637715,15.33009921,91.94444398,29.0927752,8.31478269,5.00854853,Business
114.89565331,56.26634291,216.31325884,33.18159561,12.0,7.66835736,VIP
103.01694057,45.44026145,225.36539736,56.17026416,6.69150346,6.60433927,VIP
72.25451688,28.41574507,142.89172781,59.72017918,3.14716463,3.07568374,Individual
46.14236894,19.61928501,106.5728782,24.41892965,8.11019644,4.94675688,Business
100.65190138,45.94222607,187.9521313,21.41091462,9.52083794,7.86055707,VIP
46.1690767,15.22648114,74.12249906,65.03247187,4.4608341,1.96420744,Individual
39.26691841,15.53636649,78.75188093,58.46518889,8.02754207,3.1913128,Individual
25.68765181,13.09122447,42.65353114,41.46656976,9.1336098,2.52288938,Individual
33.26088087,13.31280341,49.5601538,59.20960261,6.08292057,2.88649875,Individual
43.25464645,15.8118408,104.36556244,1.2251608,9.92771214,5.72940982,VIP
84.00347027,34.74307209,177.16300195,26.92657575,6.89252325,5.90804401,VIP
80.51791615,34.47242687,169.64856131,3.86803536,11.24766057,7.83558251,VIP
55.24822914,19.64851496,132.49961255,48.36050643,6.30014335,2.23237711,Individual
47.39754039,19.63887676,100.54767658,12.27762947,9.05990606,5.01773845,Business
116.38432066,50.85972413,214.99269537,17.11736065,11.33106283,9.17872794,VIP
69.9924786,31.50698653,138.4286658,69.35837869,6.26934569,4.38853803,Business
88.32163799,32.15498941,185.5464749,7.48152877,10.60024713,7.74721359,VIP
98.73798507,45.29901036,193.14414948,41.63937253,6.44224464,5.19751455,Business
72.2911825,32.80550774,138.39194164,20.90328602,8.86763161,6.06528237,VIP
91.16892908,38.38974164,190.04381147,14.01205216,7.60475482,7.45479385,VIP
77.08769166,32.27025038,162.09602574,7.58769563,7.12133743,6.28086564,VIP
75.3085456,27.4014308,160.72969039,63.06168502,7.73109721,2.58661336,Individual
72.81607049,24.49908588,149.15759679,40.89450792,7.58604068,5.80358341,VIP
112.29511567,51.56045824,223.55899951,67.77129879,4.8853639,3.5886568,Business
88.63971174,34.23288877,171.3731424,61.75904125,7.08872665,5.31550853,Business
32.84379488,10.35389243,60.88406925,11.51571665,8.10389814,5.25068447,Business
101.41095072,39.60325894,223.23728817,10.37834713,9.51020373,6.58243807,VIP
72.31974279,22.73739846,116.5368105,16.53696459,12.0,7.52156425,VIP
65.21766766,24.97699024,117.53282508,57.0540198,7.48015781,4.63322245,Business
115.39108419,48.73619437,217.81585248,28.08657065,8.5179838,6.8933327,VIP
46.91229205,18.48461436,92.77633531,4.34977241,11.18896029,5.83002819,VIP
90.50730485,33.39262324,192.81291968,25.67241933,8.99946529,7.08228588,VIP
69.69764214,28.99531662,145.55240555,3.05026529,12.0,8.00681043,VIP
79.39645624,31.08028333,155.67900707,50.33986518,5.5060921,4.24806787,Business
58.27293137,24.31349638,109.238651,57.05098799,7.638384,4.25048887,Business
78.81078882,30.31012291,167.19714398,5.22609253,9.5197823,5.45244341,Business
20.75298656,9.49351801,26.73736031,65.84241913,6.33391013,1.11972776,Individual
85.09661394,40.45600789,155.90384873,13.13945019,10.27244407,7.37284177,VIP
42.60902511,17.21628406,88.95850579,61.55166071,5.3680332,2.61646149,Individual
100.0982125,39.87061222,182.97840544,37.96167771,5.26210898,5.61381196,VIP
114.32176718,49.02445685,232.00998958,11.30485401,9.73853685,8.23900974,VIP
107.05162146,47.36269991,208.52276784,71.85045994,5.18865194,5.06521097,Business
79.5575018,31.62511997,163.29756357,11.68215764,10.54050812,7.04148615,VIP
29.22920184,9.18542724,60.44427147,43.06847714,7.93766491,4.23007521,Business
116.2626958,49.78141244,208.82820441,15.39054916,8.69054831,7.87925453,VIP
42.88804663,18.68095645,75.64070198,66.19543652,4.13730742,1.29553595,Individual
57.19160125,16.87602987,135.17391125,22.34113738,9.14724507,4.71922279,Business
95.59178014,42.87557972,196.94487412,66.3626427,6.67612741,4.64356624,Business
80.58141835,35.30479508,168.1075693,60.27061563,7.41048841,4.3942573,Business
81.14620376,31.62557002,161.99210113,49.05762514,7.78136466,6.80055099,VIP
23.0617925,11.73291141,48.2242513,41.29492721,7.41136496,2.86187677,Individual
39.08895709,21.5311891,96.93730084,51.60679758,6.95969081,2.61837375,Individual
24.44679638,10.69313932,66.75320285,55.67822187,5.48314902,2.90852831,Individual
105.86906971,43.71393856,207.90541665,58.82793523,6.41694909,4.36491968,Business
24.52293236,16.62027191,91.38667425,6.16617436,11.6169493,4.94289602,Business
61.278393,27.16247682,128.20734569,9.94295685,11.92964397,5.1190541,Business
49.61190606,13.00794874,106.35680582,55.60377766,8.65490657,5.60828097,VIP
60.11030134,21.83509443,114.99894851,19.87686939,8.87964023,4.6061574,Business
81.44987546,34.9228742,152.40268604,45.55839803,7.59865363,5.13647003,Business
94.35480802,39.18398727,198.69117912,34.63525033,7.9026435,6.64802022,VIP
110.44067968,44.58246994,223.02515612,43.01871493,9.38018579,7.46994055,VIP
31.4499791,9.16568394,37.21743733,58.14508322,8.57904691,4.8421438,Business
53.74464834,22.29341371,108.48025884,46.3772923,6.96827854,3.64935859,Business
57.41146596,23.90541128,130.23252346,13.83200908,6.95003378,4.87246629,Business
115.7587405,48.71913809,252.00716207,10.64081761,9.1977619,7.0551752,VIP
37.90782087,15.82128832,89.44801633,3.05634631,11.10525037,5.27666542,Business
102.08645784,42.23917805,196.19085526,33.65739293,9.50088155,6.78121976,VIP
76.66776891,31.15018317,144.89945158,8.28190521,9.21647243,7.77913755,VIP
91.43031957,42.05457601,164.54705502,9.46757462,9.47042201,7.20867802,VIP
102.36333338,42.73296415,218.28888974,64.45366357,3.87035815,4.56685758,Business
53.3244944,18.303144,97.96900302,66.88209149,6.79930811,4.03515331,Business
75.35724173,30.13552458,153.48804022,15.96392119,12.0,8.11235149,VIP
60.54336429,18.58690902,99.52954337,27.30090627,8.19442731,5.44092167,Business
22.82363597,8.19110291,46.81829657,28.65380181,11.49289927,4.51859863,Business
23.0870842,13.44057586,69.6862342,2.32127692,10.9239495,5.55538764,VIP
42.9360729,21.4730661,76.1982812,7.43489003,12.0,6.091808,VIP
43.38518872,22.65885425,83.56116266,64.94561352,5.38689486,1.94992846,Individual
70.54218859,33.37909484,119.51084087,1.6886391,12.0,7.44295148,VIP
113.14576093,46.70121933,217.86207797,9.49063931,9.40626711,7.47122921,VIP
57.32042408,23.09917565,122.4380032,4.74698928,12.0,6.08889581,VIP
67.68130919,33.24553446,116.28058476,26.09681963,10.58191121,5.59052774,VIP
58.7186778,22.70218261,115.22866307,46.30060387,6.50593374,3.42137082,Individual
74.80396219,30.95470202,131.00052484,16.82879077,10.35823662,5.78568811,VIP
109.52242844,47.63447057,204.15980968,46.37346673,5.67695691,6.63110393,VIP
51.47719952,18.10502634,95.35768814,66.06886913,3.86763029,2.62342751,Individual
106.50704662,41.4338328,224.92468839,7.30866841,11.64379454,7.24883421,VIP
45.8672855,17.56150371,112.06699494,11.62286216,10.96359667,6.14573483,VIP
65.05506036,24.4214113,122.61205664,53.93589815,6.88263714,3.14072218,Individual
113.64558513,42.56994358,239.27442021,57.443257,6.00519413,6.6780351,VIP
24.53330068,15.10096003,70.46489032,68.86621233,6.38378716,2.01773492,Individual
86.18988642,35.12967753,185.01374817,19.27861503,8.97150469,7.99897477,VIP
99.0749003,44.90466509,207.00002419,17.48741935,10.12741037,7.78248194,VIP
38.58525025,13.68966312,54.50548763,25.38275754,8.22389851,4.09912409,Business
78.79548482,37.39829766,178.76344032,58.89751509,4.60081835,3.14611811,Individual
80.37476052,34.31063417,144.9116675,18.23522136,9.38590196,6.20594175,VIP
91.67460269,37.54757368,173.04899205,21.68001862,6.448561,5.36065008,Business
86.97013245,36.99480735,156.56255239,23.0749806,10.55569466,6.43322841,VIP
77.63851499,31.17926585,145.3811629,32.92188239,7.11349757,4.51568075,Business
64.09539482,30.67917159,148.64409534,14.66934299,11.66292419,5.34518044,Business
85.84600404,40.13296821,184.96923277,63.11295277,4.893901,3.52446621,Business
32.72636535,15.28636984,56.34814796,21.22942124,8.57214296,3.26368898,Individual
47.90049467,20.40511124,106.19644257,52.74161726,7.21866278,4.8620729,Business
24.21712799,12.43297527,45.15192789,51.28430777,6.068206,2.33613644,Individual
32.46154521,12.4991379,56.26430577,15.32284984,11.92990275,5.77926526,VIP
65.4874718,27.75645321,117.62499711,40.76572694,9.68215448,5.59777549,VIP
48.68685494,22.86752456,94.5188214,23.91742685,9.67217,6.1352703,VIP
105.59315905,40.66290904,187.58093144,5.20959891,10.2645304,7.63257779,VIP
110.63225546,47.66845478,203.25501718,11.10968273,10.40004538,8.46858565,VIP
86.4601843,37.67825617,187.02120449,31.66827392,10.09543833,7.7658402,VIP
53.4366971,24.21750114,101.55754068,6.02780368,9.6731247,6.03133137,VIP
112.3882891,48.23525384,239.58958761,15.95552441,11.27965241,8.53561872,VIP
24.49713118,11.03281429,47.80574289,70.3871285,5.99232396,1.44445018,Individual
73.10036844,25.133562,140.08205268,64.44964213,6.25634468,4.72286895,Business
111.37339135,49.32255614,250.70855172,70.05983711,5.10481374,5.25910127,Business
67.33930904,33.45315644,116.78072779,70.86536782,3.74627986,3.22475392,Individual
46.23990536,16.51386963,62.1649091,68.01862906,6.92928403,2.82737236,Individual
53.64214285,19.51113904,104.79373539,70.5130516,7.09232185,3.43524988,Individual
91.85234243,40.83560521,192.65562703,5.04416657,9.53235703,6.85766216,VIP
117.73553198,48.3710221,226.70333661,65.80841128,0.46063406,4.45676566,Business
42.9561728,12.22997912,94.85001699,34.4378112,8.28388822,4.10292411,Business
32.30223737,15.55773134,67.1621359,32.46103243,8.51958218,4.23146726,Business
110.47048013,40.95564223,225.37372156,44.99614399,6.62576604,4.77059232,Business
67.42615183,27.66012195,136.14004997,43.0788042,6.39302251,3.01656063,Individual
34.12197015,15.75815032,53.68338979,34.8749241,8.6374936,4.44370788,Business
103.89948984,42.21643735,209.28380481,23.77428043,10.50009651,7.03987505,VIP
59.16654835,28.57280967,125.44168164,54.22578946,3.95641422,0.76090346,Individual
111.23853779,39.83500231,202.62075801,39.35328471,11.42219991,6.56639616,VIP
105.29747201,44.27160481,227.34840247,64.46510627,6.68497225,4.90896508,Business
105.86651125,44.21186753,194.12752115,51.45052206,8.88707621,5.40251393,Business
24.27670922,3.78872249,21.33976301,64.55217103,6.05573906,2.20831333,Individual
26.99963769,6.76637169,67.15902481,50.07513069,7.90853601,2.58665068,Individual
70.90013528,29.51639971,145.55881579,63.63475557,6.75796516,3.47213738,Individual
36.94886434,15.11884877,47.43220089,25.69286584,8.46411885,4.30453525,Business
101.33299246,38.22226159,200.6896091,39.12038242,9.1051632,7.18623859,VIP
111.97699837,47.2454534,190.00240031,12.65640862,11.97343395,8.5389673,VIP
43.67621519,20.16831906,71.97964403,13.83555562,10.3468433,5.3679342,Business
43.85695798,19.49022209,81.39250512,14.25926665,9.06737915,4.55626554,Business
23.06090481,11.44974161,60.90576767,18.61885901,11.67330614,5.07197216,Business
83.21497018,35.31844828,149.19230675,25.10791063,8.63056296,4.96157296,Business
96.77862578,44.46856849,189.90603224,2.81099967,12.0,8.66854121,VIP
87.13056763,32.21303229,157.76647837,53.77923197,5.24327327,5.88580038,VIP
36.49773612,11.66571515,91.04415047,40.49052778,8.43158568,2.74755883,Individual
92.76699181,36.18738759,186.20030117,11.93023817,9.1031042,5.65970654,VIP
94.97888234,40.43391953,189.7761285,62.82684127,7.61348252,6.76414103,VIP
85.45505288,39.16173076,164.24988034,66.58707441,4.63517377,5.18152875,Business
28.50421371,9.51454392,66.31711691,5.31345232,9.72103012,3.79385893,Business
107.8017995,47.7882481,207.07549602,32.56520496,9.25250004,7.86188271,VIP
77.64760327,34.92420707,133.80809991,40.04081041,9.44744286,5.33245831,Business
80.3902556,33.43444757,175.9955032,47.04547404,7.10651592,3.705626,Business
39.27331608,15.5440235,95.29697705,18.11942824,11.4204943,5.08626475,Business
41.1893702,20.42344017,103.22319073,49.57852864,6.14893893,1.20908425,Individual
97.20901146,44.72992697,182.02809238,47.78125525,9.97274944,5.06841039,Business
109.95120002,48.25182303,223.69032715,46.8248111,7.69372383,5.7702041,VIP
20.78317732,7.01116917,25.6280101,24.03667452,9.31021521,5.05811753,Business
33.64380904,18.81822121,89.07441779,17.95809453,8.63297386,5.10954528,Business
80.74077258,32.04385425,159.96636205,61.82716193,5.20768775,4.33304246,Business
39.45078998,16.87531073,70.39722521,25.066504,10.99104863,5.11145808,Business
60.3696544,24.26545228,116.01652236,16.96551867,8.26222306,5.17366719,Business
83.40979694,38.82406383,174.73206327,59.0572105,8.51870712,5.31142411,Business
51.01105098,19.045058,100.68359199,40.29088536,7.18411118,4.70249967,Business
55.68470241,31.54933375,107.98227923,7.59764733,10.00498998,7.75183116,VIP
108.13486444,53.18982492,201.55837838,69.85775393,5.90535234,5.60640442,VIP
116.2407211,50.0926774,235.43184499,58.13353013,7.25095788,5.72244804,VIP
79.14062991,34.20839074,163.03709389,24.27883007,8.72374003,6.74785796,VIP
90.46216317,44.88100692,182.06662576,60.95327562,8.04391213,4.17376905,Business
95.32041183,39.41631934,200.43656299,2.77433662,11.90274027,8.29762572,VIP
48.46546193,19.05270146,80.00977607,59.55782721,6.36173121,2.81794557,Individual
76.62451677,30.49820909,136.30476529,11.66422577,12.0,6.57082022,VIP
101.84303325,45.30809893,195.23067047,65.78551245,3.85836103,4.5473129,Business
64.55921437,26.45013638,130.49128563,33.9180173,6.35293433,5.13432212,Business
91.14350854,41.17561766,163.43347363,43.58271671,6.92185997,6.14155344,VIP
100.41762644,39.62764397,214.0217821,21.69658644,10.55023089,8.89025724,VIP
39.54893706,14.37794499,79.69625963,70.52322914,3.5030869,2.20327177,Individual
80.84207737,27.29958928,186.32596368,57.93591765,9.07576288,6.57343689,VIP
103.42551437,42.10852176,176.10878988,32.33527937,6.85626315,5.43744932,Business
40.7005969,19.35048193,83.06639551,4.98785841,8.83017825,5.37430061,Business
81.59288442,31.24380887,171.01093426,49.12360613,8.46951455,7.08703831,VIP
89.72853188,40.96079567,179.37762704,63.82455203,3.66181213,4.12621892,Business
84.68743446,37.10795698,175.99007124,60.86972094,4.04367346,4.06102464,Business
102.20113698,39.3739967,215.17597766,50.74785789,6.26188791,5.47997152,Business
91.98609829,37.79375727,175.28095745,70.52291639,4.25741096,4.73576296,Business
24.76987145,13.40004512,24.44364054,44.36513923,7.97217243,3.01934211,Individual
32.36984491,11.85639343,76.48464505,11.44256018,9.11613794,4.97507492,Business
50.55160872,21.76074232,97.8384648,45.78262398,5.40449692,3.58195445,Business
52.20301134,23.24021656,105.05063441,53.78196448,9.34762134,3.90621187,Business
60.73423066,26.90248267,128.08589941,39.0138904,8.76788009,4.97420467,Business
49.37448619,23.85418072,88.16071377,38.54948997,3.38161492,3.59780941,Business
45.582244,19.98708629,89.63009841,6.56896055,9.96651494,6.29594755,VIP
40.93307116,12.04965147,106.41600282,46.10081625,5.98937136,3.46142703,Individual
73.16440483,33.11119637,143.24486438,71.70445911,6.20292717,3.40159657,Individual
65.77426436,25.83842013,133.93736496,64.03967813,8.92849641,4.24816135,Business
30.99203062,11.25510059,51.06367966,54.24116048,6.00827687,2.39403391,Individual
48.99886715,24.87442278,101.65892578,47.52675153,8.17122134,4.30938818,Business
106.50054179,44.18916123,248.50639245,64.03516305,5.63122922,5.95919552,VIP
107.81368301,43.89742206,220.25656039,6.47847551,11.65624284,8.50422553,VIP
96.89869465,41.88879454,195.52003994,66.4488991,5.13683677,5.07402142,Business
87.93576456,34.2960764,154.47887638,40.57550735,9.3226713,6.6157612,VIP
55.32118665,25.21548424,125.91055468,16.6770359,9.95562479,5.14757726,Business
66.78643725,26.31454004,137.96542569,26.87333696,7.40866836,6.03430036,VIP
66.14449165,26.92935163,133.10336141,21.95172707,9.53902536,5.9830413,VIP
37.24402301,19.11323606,73.94928667,25.02510921,9.95544399,4.16524408,Business
72.52191213,32.73703592,157.11245914,63.2012034,7.07492256,4.21574807,Business
92.38194364,37.92481425,182.86357951,59.98500122,6.76919193,4.219506,Business
28.39207331,13.49295453,66.17687194,44.64862107,7.1651788,2.00181664,Individual
68.50444485,26.66887366,152.0186688,50.05770287,5.44964496,4.76541784,Business
105.62294598,45.6997607,214.27095169,58.5896519,5.63567399,4.46733121,Business
117.5749196,52.91783067,240.41675404,10.7615605,7.63035869,8.54703875,VIP
33.67963652,18.82304819,68.16143727,24.10608819,9.06014103,4.82330179,Business
75.72973392,33.73698752,122.26588408,29.56712695,6.55628314,5.31669152,Business
36.44630089,18.50109413,60.50473427,57.20690972,6.55290654,2.79798226,Individual
82.3388627,36.17820899,169.55020424,65.70864062,6.04599613,4.5549762,Business
100.27818027,43.43132075,202.0865742,33.84280509,10.33466704,6.69735523,VIP
66.74515903,27.41845075,132.55236594,23.03710423,5.53427857,6.18765463,VIP
79.4743899,34.10267012,171.11449976,25.44868417,9.87759928,5.5636421,VIP
101.53057998,39.4208706,184.21594464,22.48158501,9.49289533,6.55115179,VIP
47.78839492,24.95554316,98.90252125,71.32728495,4.14725658,2.7612155,Individual
75.17664436,34.28006615,162.69753308,20.14420841,9.88563266,6.21899445,VIP
116.37277125,52.96596077,221.00330393,5.092865,9.47093726,7.40057023,VIP
52.25159721,23.67903164,94.31076091,58.87821292,7.5552393,3.19659715,Individual
45.67987562,14.20125448,82.4359208,10.46984427,9.28990674,4.93344494,Business
79.09779849,34.33626168,167.08427061,57.86526118,6.04749783,5.12219734,Business
113.53545112,50.32635232,220.12802361,67.87326803,4.08970157,3.78893602,Business
27.5124509,10.9397837,27.84152453,5.0666808,9.54439899,4.84756723,Business
71.96429422,31.66298843,158.89980889,52.27719419,10.98462786,5.23308886,Business
72.94971615,27.79378262,163.26050167,46.62678128,3.8555196,3.54831438,Business
66.19871107,28.15957014,137.61308118,20.6814201,9.20832721,5.76213936,VIP
43.53776815,11.3985245,94.23729158,69.21418419,3.63573514,4.08477168,Business
20.96552918,13.5937633,47.64229014,32.133567,8.82089654,2.50048088,Individual
34.04883084,16.94869068,75.77696119,23.19861899,12.0,3.79505663,Business
82.76342809,36.19982075,144.374775,6.87783083,11.91081539,7.03722816,VIP
117.19728796,50.67221223,267.03169337,68.1197037,3.83691627,3.58184882,Business
38.5481997,18.15951868,56.49571847,59.03072234,5.89417955,2.09981884,Individual
75.64288535,35.73312124,162.26149852,20.60416233,10.53055258,5.88848402,VIP
24.27800646,9.99016585,28.15827027,67.27518204,7.74149651,2.79004402,Individual
103.97422779,42.121952,212.06359024,46.21226108,10.11220457,6.93637287,VIP
42.2062529,24.47678422,105.35189772,44.22102068,8.56212545,2.11102772,Individual
107.51928363,49.14952053,189.46239839,57.03383689,7.08311028,4.38745635,Business
112.97672392,48.49207464,222.9122996,37.34981594,7.3885169,7.17228283,VIP
71.11460066,30.97652663,148.55832439,71.51789929,8.49242915,5.29607591,Business
35.11672729,11.50709097,83.3968059,60.07435981,5.64388616,3.11480178,Individual
112.44511581,55.15565863,218.69208617,47.70749524,10.2937479,8.01893988,VIP
99.69666561,41.32873394,207.98999958,4.67224983,10.99938226,7.57152214,VIP
93.11298142,39.3183141,197.79301109,1.60435147,10.97342029,8.03434331,VIP
108.97029876,45.25849208,220.49229929,17.97708148,8.37896415,7.26399128,VIP
97.90851729,40.1594014,192.88263524,2.94301269,10.47571286,7.74997712,VIP
110.33633545,45.03999363,232.07646795,41.98941657,8.17491519,6.33295007,VIP
102.13419107,42.59174877,199.64774076,24.64849825,10.03832425,7.43668885,VIP
33.33683241,9.98974514,59.26233185,35.64864763,8.57219829,2.74154492,Individual
49.34009303,24.82208296,107.66327965,28.32229829,7.2339503,4.84763834,Business
42.41837084,21.95942046,43.77653075,65.81544995,5.16958167,3.82006474,Business
44.46910305,19.63563898,93.27050106,17.8478614,8.24659525,5.76142952,VIP
113.07070019,48.85001384,213.25210986,3.95369063,11.51499727,9.72052421,VIP
21.52595855,8.97318701,65.95197973,17.73158626,8.70331717,2.64354583,Individual
100.90804716,44.95635622,180.43527551,58.07499981,7.19420909,4.87199485,Business
51.14958855,21.24683043,109.55412525,39.03097289,8.7500493,5.49558525,Business
73.59827488,35.56209082,126.01196877,24.67204459,8.80669399,5.34715688,Business
57.20810612,21.68856327,90.77227815,10.4649451,8.45013835,4.77612325,Business
106.50002028,49.00685779,209.15450536,55.68512014,3.91836062,4.65555834,Business
29.53371351,7.30670904,85.26156969,9.2932986,10.04426636,4.55920947,Business
76.97822859,41.90847305,152.83610819,35.87823643,6.62213447,5.4023773,Business
59.35841881,25.71617781,117.37091173,47.29830844,5.73400187,2.75781377,Individual
44.74588014,19.03650334,71.73122358,16.29712651,10.11481535,5.64519177,VIP
68.95518016,25.93836478,120.28303663,57.10005853,7.20845717,2.94775501,Individual
28.21918282,15.99712397,71.76322816,15.39451288,8.59932376,4.4038931,Business
77.76863066,31.83655281,170.80713921,20.83314338,10.07490196,7.24893045,VIP
69.4680851,24.86055003,155.50791268,5.41240162,11.13279777,6.19909466,VIP
22.27211159,10.47624679,27.41135313,32.63805353,9.05048069,4.52369528,Business
54.78838943,18.77899303,113.1845353,34.28779559,9.50485806,6.20918273,VIP
70.54490381,26.98006405,116.7741056,70.83214799,6.15944788,2.66287756,Individual
68.6792093,30.25465229,141.95842479,38.16521616,7.44924094,5.14871114,Business
82.75052152,34.79907076,163.71679337,58.16016722,9.24008486,4.71472654,Business
61.53361474,25.51214343,89.1914833,27.65898727,10.14628579,4.15527708,Business
43.34782198,15.43206539,91.98581474,43.5262681,8.38673201,3.54006051,Business
83.11274895,35.49570755,145.71600169,8.57278356,10.27844774,6.86731468,VIP
52.19055423,21.865037,99.99711673,3.16969371,8.48344113,5.48879103,Business
119.05784537,50.629711,209.29025466,14.37609423,10.02695952,7.73254685,VIP
87.68422966,32.99432848,171.99981934,33.41682548,7.80292811,7.71435299,VIP
23.74331181,11.33295305,48.22518556,35.42287218,7.22417864,3.80493025,Business
108.7355495,44.64555495,209.69695992,17.44982662,10.33942537,8.12563493,VIP
30.75740084,6.55296106,54.78154931,26.33298224,9.70520996,4.39672173,Business
37.44884018,17.40675957,67.63779287,17.50899284,7.6121419,4.05117643,Business
117.70812121,49.48252274,238.47392467,38.3976597,7.10795134,6.4467672,VIP
82.18939463,33.95006644,172.18133031,23.98264585,9.14835332,6.65221576,VIP
40.15962136,18.65242489,55.14943358,58.96599469,3.93308202,3.82813553,Business
104.19994638,43.25768849,205.76941938,35.95683878,8.83654635,7.35191189,VIP
88.01949449,36.02373337,184.50138167,4.44100926,9.13735772,6.88116491,VIP
48.63269828,23.48152745,93.25096055,65.47162404,5.26948424,3.98264976,Business
62.23920488,26.23360552,111.0412221,56.22611912,7.60944109,2.98606853,Individual
67.11973851,30.8032244,143.01239421,24.04937213,8.2801926,6.52700406,VIP
35.60239036,16.15695948,51.22580531,39.96836571,8.64877452,4.77066563,Business
44.03768978,22.90610189,79.86765488,44.09530489,7.08700953,3.94767302,Business
37.38505009,22.00447731,74.23698177,57.76714258,5.01074434,1.89879283,Individual
75.40445771,28.27227549,141.25682464,54.55709288,6.61434327,3.53648083,Business
92.68000394,42.60793514,181.92857967,23.6046674,9.03104732,7.64137539,VIP
59.35850751,24.58563663,138.19130625,33.26617319,11.00376043,5.56236611,VIP
78.76565899,30.62203094,152.61529814,59.72896765,8.89409411,4.45065699,Business
21.83523,12.24839032,46.54880625,38.9811041,8.9979623,4.29235023,Business
89.24232827,41.38383988,171.66283779,57.64788108,7.88578898,5.44353391,Business
50.10851008,16.44165991,92.6289037,12.86311926,9.24841762,6.00768904,VIP
32.17238728,10.0965004,56.40309241,48.52821696,7.79177773,3.80810263,Business
67.11718121,25.07474306,126.84391592,69.37583133,3.71095308,2.81330314,Individual
107.5921754,44.75132569,210.92933557,46.82025023,9.09895149,7.06181506,VIP
28.25233857,12.50480128,87.36272276,55.33190972,4.77161686,2.99625666,Individual
64.99076842,27.17101592,134.23782169,42.61853373,8.46165963,5.11666411,Business
69.42999616,33.05571863,148.32590608,28.90003633,8.14782712,7.23346535,VIP
41.33350284,17.34004272,71.86745814,26.63424255,7.02109383,4.9391726,Business
66.97069766,26.12293292,145.87481772,3.70419283,10.761461,6.65245825,VIP
73.38747591,28.78930561,114.81687746,66.89697032,5.21069683,3.8237948,Business
79.19626101,36.65803926,161.42096,50.66281101,7.58295889,4.24640136,Business
77.41873988,29.33913681,130.77180667,64.21481283,5.32758257,4.0785512,Business
50.40310702,22.36633488,93.14079774,5.14424675,11.82356811,7.41280636,VIP
85.47184755,37.78990792,178.65954367,40.94690783,7.11648808,6.66783354,VIP
70.12593849,28.29595351,150.39795409,63.92424841,6.00857094,3.14670521,Individual
112.11672304,43.22534142,231.36899042,34.36925934,8.51632235,8.20447936,VIP
